valid_species_id,family,operational_genus,species,species_authority,operational_feeding,operational_fixation,operational_mobility,operational_substrate,bathymetry_min,operational_bathymetry_min,size,range_SST_Huang
105629,Anatinellidae,Anatina,anatina,(Spengler 1802),non_suspension,unattached,mobile,infaunal,5,5,67.7932149997328,19.08009618
105630,Anatinellidae,Anatina,cyprinus,(Wood 1828),non_suspension,unattached,mobile,infaunal,15,15,57.3585215987999,16.05756762
105821,Anatinellidae,Anatinella,nicobarica,(Gmelin 1791),non_suspension,unattached,mobile,infaunal,0,0,38.1234835763995,26.933688822
105836,Anatinellidae,Raeta,meridionalis,Tate 1886,non_suspension,unattached,mobile,infaunal,NA,5,39.9124040869502,25.53046153
105745,Anatinellidae,Raeta,plicatella,(Lamarck 1818),non_suspension,unattached,mobile,infaunal,0,0,70.0421301789145,28.493656117
105746,Anatinellidae,Raeta,undulata,(Gould 1851),non_suspension,unattached,mobile,infaunal,0,0,115.715167545141,18.73659887
105748,Anatinellidae,Raetella,pulchella,(Adams & Reeve 1850),non_suspension,unattached,mobile,infaunal,1.5,1.5,18.5121581669993,31.906857202
105640,Anatinellidae,Raetina,pellicula,(Deshayes 1854),non_suspension,unattached,mobile,infaunal,1,1,63.718129288296,34.40643638
106260,Anomiidae,Anomia,achaeus,Gray 1850,suspension,attached,immobile,epifaunal,0,0,73.9932429347437,20.31424225
106259,Anomiidae,Anomia,chinensis,Philippi 1849,suspension,attached,immobile,epifaunal,0,0,57.9655069847578,21.748499844
112032,Anomiidae,Anomia,cytaeum,Gray 1850,suspension,attached,immobile,epifaunal,0,0,60.6341487942232,31.476604892
106256,Anomiidae,Anomia,ephippium,Linnaeus 1758,suspension,attached,immobile,epifaunal,0,0,91.4877040918614,28.381249566
106258,Anomiidae,Anomia,peruviana,d'Orbigny 1846,suspension,attached,immobile,epifaunal,0,0,81.4248119432891,21.29878819
106261,Anomiidae,Anomia,simplex,d'Orbigny 1853,suspension,attached,immobile,epifaunal,0,0,49.9695907527768,31.796957335
104078,Anomiidae,Anomia,sol,Reeve 1859,suspension,attached,immobile,epifaunal,15,15,28.6984320129167,8.73389537
106257,Anomiidae,Anomia,trigonopsis,Hutton 1877,suspension,attached,immobile,epifaunal,1,1,74.5721127500086,20.053999972
106266,Anomiidae,Enigmonia,aenigmatica,"(""Chemnitz"" Holten 1802)",suspension,attached,mobile,epifaunal,0,0,38.9024420827279,16.32833353
106267,Anomiidae,Heteranomia,squamula,(Linnaeus 1758),suspension,attached,immobile,epifaunal,0,0,14.4913767461894,31.143377869
106270,Anomiidae,Isomonia,umbonata,(Gould 1861),suspension,attached,immobile,epifaunal,40,40,44.2492937796752,30.550758502
112663,Anomiidae,Monia,colon,(Gray 1850),suspension,attached,immobile,epifaunal,1,1,33.6994065229642,17.69700012
106273,Anomiidae,Monia,deliciosa,Iredale 1936,suspension,attached,immobile,epifaunal,NA,5,41.7420651142226,9.43723283
106271,Anomiidae,Monia,macrochisma,(Deshayes 1839),suspension,attached,immobile,epifaunal,0,0,121.326007104825,32.937926958
106264,Anomiidae,Monia,nobilis,(Reeve 1859),suspension,attached,immobile,epifaunal,7,7,57.1314274283428,12.98949973
106272,Anomiidae,Monia,patelliformis,(Linnaeus 1758),suspension,attached,immobile,epifaunal,0,0,49,30.337535326
106380,Anomiidae,Monia,squama,(Gmelin 1791),suspension,attached,immobile,epifaunal,2,2,38,30.547952356
106274,Anomiidae,Monia,timida,Iredale 1939,suspension,attached,immobile,epifaunal,0,0,22.494443758404,13.52833334
106269,Anomiidae,Monia,zelandica,(Gray 1843),suspension,attached,immobile,epifaunal,0,0,68.9927532426414,24.723574084
106275,Anomiidae,Patro,australis,(Gray 1847),suspension,attached,immobile,epifaunal,0,0,59.2958683214944,18.64517556
106280,Anomiidae,Pododesmus,foliatus,(Broderip 1834),suspension,attached,immobile,epifaunal,0,0,89.5432856220945,16.11349055
112908,Anomiidae,Pododesmus,n.sp. cf. rudis (Broderip 1834),of von Cosel & Gofas 2019,suspension,attached,immobile,epifaunal,0,0,49.9599839871872,11.92624927
106277,Anomiidae,Pododesmus,pernoides,(Gray 1853),suspension,attached,immobile,epifaunal,0,0,74.2462120245875,12.082243532
106276,Anomiidae,Pododesmus,rudis,(Broderip 1834),suspension,attached,immobile,epifaunal,0,0,75.8946638440411,24.219251972
100324,Arcidae,Acar,abdita,Oliver & Chesney 1994,suspension,attached,mobile,epifaunal,0,0,7.74596669241483,8.32076909
100325,Arcidae,Acar,agulhasensis,(Thiele in Thiele & Jaeckel 1931),suspension,attached,mobile,epifaunal,80,80,13.0384048104053,11.42270999
100327,Arcidae,Acar,bailyi,Bartsch 1931,suspension,attached,mobile,epifaunal,0,0,7.87400787401181,20.93696993
100328,Arcidae,Acar,botanica,(Hedley 1917),suspension,attached,mobile,epifaunal,1,1,10.2469507659596,12.06342307
100330,Arcidae,Acar,clathrata,(DeFrance 1816),suspension,attached,mobile,epifaunal,20,20,11.2915897906362,22.861666644
112031,Arcidae,Acar,congenita,(E.A. Smith 1885),suspension,attached,mobile,epifaunal,20,20,26.153393661244,21.758552404
102136,Arcidae,Acar,decorata,(Hayami & Kase 1993),suspension,attached,mobile,epifaunal,4,4,1.40712472794703,8.32806473
100332,Arcidae,Acar,domingensis,(Lamarck 1819),suspension,attached,mobile,epifaunal,0,0,25.7875939164553,19.91667863
100334,Arcidae,Acar,gradata,(Broderip & Sowerby 1829),suspension,attached,mobile,epifaunal,0,0,28.7071419685067,15.72467299
111860,Arcidae,Acar,lepidoformis,"Francisco, Barros & Lima 2012",suspension,attached,mobile,epifaunal,141,141,8.72066511224918,8.73923078
105068,Arcidae,Acar,marsupialis,Oliver & Holmes 2004,suspension,attached,mobile,epifaunal,17,17,2.10656117879353,4.56530997
111859,Arcidae,Acar,naturezae,"Francisco, Barros & Lima 2012",suspension,attached,mobile,epifaunal,100,100,9.79795897113271,3.18248783
111861,Arcidae,Acar,oliveirae,"Francisco, Barros & Lima 2012",suspension,attached,mobile,epifaunal,70,70,3.71483512420134,3.00158311
111624,Arcidae,Acar,olivercoseli,Huber 2010,suspension,attached,mobile,epifaunal,1,1,19.7484176581315,11.92624927
100337,Arcidae,Acar,petasion,Kilburn 1983,suspension,attached,mobile,epifaunal,0,0,10.816653826392,12.34651101
100338,Arcidae,Acar,plicata,(Dillwyn 1817),suspension,attached,mobile,epifaunal,0,0,37.9473319220206,34.40643638
100340,Arcidae,Acar,pusilla,(Sowerby 1833),suspension,attached,mobile,epifaunal,0,0,9.16515138991168,10.54688723
100341,Arcidae,Acar,rostae,Berry 1954,suspension,attached,mobile,epifaunal,0,0,26.1629509039023,15.78059592
100342,Arcidae,Acar,sandersonae,(Powell 1933),suspension,attached,mobile,epifaunal,0,0,16.0078105935821,14.513740292
100343,Arcidae,Acar,sociella,(Brookes 1926),suspension,attached,mobile,epifaunal,NA,5,3.3166247903554,10.89303033
100344,Arcidae,Acar,squamosa,(Lamarck 1819),suspension,attached,mobile,epifaunal,2,2,25.7138095194003,12.84839524
102386,Arcidae,Acar,transmar,Simone 2009,suspension,attached,mobile,epifaunal,2,2,3.33616546352246,2.0194216
100139,Arcidae,Anadara,adamsi,(Olsson 1961),suspension,attached,immobile,infaunal,0,0,25.0998007960223,13.38817103
100140,Arcidae,Anadara,antiquata,(Linnaeus 1758),suspension,attached,immobile,infaunal,0,0,74.0701694341251,23.38757563
100141,Arcidae,Anadara,auriculata,(Lamarck 1819),suspension,attached,immobile,infaunal,5,5,67.1565335615233,20.60368675
112458,Arcidae,Anadara,crassicostata,(H. Adams 1873),suspension,attached,immobile,infaunal,NA,NA,54.3588079339494,5.57451631
101183,Arcidae,Anadara,crebricostata,(Reeve 1844),suspension,attached,immobile,infaunal,0,0,67.3498329619309,15.57399379
113060,Arcidae,Anadara,fultoni,(Sowerby III 1908),suspension,attached,immobile,infaunal,0,0,60.2029899589713,14.82950664
100148,Arcidae,Anadara,geissei,(Dunker 1891),suspension,attached,immobile,infaunal,3,3,60,12.50524945
100194,Arcidae,Anadara,gubernaculum,(Reeve 1844),suspension,attached,immobile,infaunal,1,1,37.2679486958969,20.47833343
112522,Arcidae,Anadara,hemidesmos,(Philippi 1845),suspension,attached,immobile,infaunal,1,1,38.0988188793301,3.20424247
112759,Arcidae,Anadara,jousseaumei,(Lamy 1907),suspension,attached,immobile,infaunal,0,0,28.8575813262304,2.77376367
100183,Arcidae,Anadara,notabilis,(Roeding 1798),suspension,attached,immobile,infaunal,0.5,0.5,80.2496105909555,19.08009618
110605,Arcidae,Anadara,passa,Iredale 1939,suspension,attached,immobile,infaunal,NA,NA,48.5880643779931,11.12764706
112757,Arcidae,Anadara,pumila,(Dunker 1868),suspension,attached,immobile,infaunal,NA,5,19.6773982019982,4.88370123
112755,Arcidae,Anadara,rugifera,(Dunker 1866),suspension,attached,immobile,infaunal,1,1,71.4352853987439,7.99903724
113061,Arcidae,Anadara,setigericosta,(Nyst 1848),suspension,attached,immobile,infaunal,NA,NA,35.1178017535267,3.35186455
100154,Arcidae,Anadara,similis,(C.B. Adams 1852),suspension,attached,immobile,infaunal,0,0,57.8463481993462,11.38271289
112547,Arcidae,Anadara,subrubra,(Dunker 1866),suspension,attached,immobile,infaunal,1,1,77.1318351914435,17.30743323
100156,Arcidae,Anadara,trapezia,(Deshayes 1839),suspension,attached,immobile,infaunal,1,1,65.3146231712317,22.599333483
100157,Arcidae,Anadara,tuberculosa,(Sowerby 1833),suspension,attached,immobile,infaunal,0,0,90.8553795875621,15.88000044
100158,Arcidae,Anadara,uropigimelana,(Bory de St. Vincent 1824),suspension,attached,immobile,infaunal,8,8,62.2382519034717,20.31424225
100243,Arcidae,Arca,bouvieri,Fischer 1874,suspension,attached,immobile,epifaunal,2,2,47.3286382647969,11.92624927
102044,Arcidae,Arca,excavata,(Hayami & Kase 1993),suspension,attached,immobile,epifaunal,4,4,2.96647939483827,8.34024786
100246,Arcidae,Arca,kauaia,"(Dall, Bartsch & Rehder 1938)",suspension,attached,immobile,epifaunal,50,50,14.2807562824943,5.8282824
104179,Arcidae,Arca,koumaci,Lutaenko & Maestrati 2007,suspension,attached,immobile,epifaunal,10,10,8.83176086632785,10.47875003
100249,Arcidae,Arca,navicularis,Bruguiere 1789,suspension,attached,immobile,epifaunal,0,0,72.0416546173115,32.627575601
100250,Arcidae,Arca,noae,Linnaeus 1758,suspension,attached,immobile,epifaunal,0,0,79.466219238114,23.540000356
100251,Arcidae,Arca,pacifica,(Sowerby 1833),suspension,attached,immobile,epifaunal,0,0,92.8137920785483,16.96133355
100252,Arcidae,Arca,symphenacis,Oliver & Chesney 1994,suspension,attached,immobile,epifaunal,NA,NA,40.1497197997695,10.92754122
100255,Arcidae,Arca,ventricosa,Lamarck 1819,suspension,attached,immobile,epifaunal,0,0,90.6642156531451,32.627575601
100256,Arcidae,Arca,zebra,(Swainson 1833),suspension,attached,immobile,epifaunal,0,0,72.59752061882,19.91667863
110654,Arcidae,Asperarca,magdalenae,La Perna 1998,suspension,attached,mobile,epifaunal,20,20,2.86356421265527,22.861666644
100421,Arcidae,Asperarca,nodulosa,(Mueller 1776),suspension,attached,mobile,epifaunal,18,18,11.6189500386223,27.580571286
105912,Arcidae,Asperarca,sagrinata,(Dall 1886),suspension,attached,mobile,epifaunal,146,146,7.48331477354788,15.46878783
101885,Arcidae,Asperarca,secreta,La Perna 1998,suspension,attached,mobile,epifaunal,50,50,5.03487835006964,22.861666644
100346,Arcidae,Barbatia,barbata,(Linnaeus 1758),suspension,attached,mobile,epifaunal,0,0,82.6316525309763,23.540000356
100347,Arcidae,Barbatia,benthicola,(Iredale 1939),suspension,attached,mobile,epifaunal,35,35,20.6494551986245,6.01557706
100349,Arcidae,Barbatia,cancellaria,(Lamarck 1819),suspension,attached,mobile,epifaunal,0,0,74.1619848709566,17.72206152
100353,Arcidae,Barbatia,cometa,(Reeve 1844),suspension,attached,mobile,epifaunal,0,0,30.3347984994132,18.83936288
100355,Arcidae,Barbatia,decussata,(Sowerby 1833),suspension,attached,mobile,epifaunal,1,1,46.5832587954085,34.40643638
105066,Arcidae,Barbatia,diphaeonotus,Oliver & Holmes 2004,suspension,attached,mobile,epifaunal,13,13,4.82887150377808,5.02607472
106453,Arcidae,Barbatia,ectocomata,(Dall 1886),suspension,attached,mobile,epifaunal,150,150,33.9116499156263,6.46464284
104054,Arcidae,Barbatia,fusca,(Bruguiere 1792),suspension,attached,mobile,epifaunal,0,0,58.7877538267963,32.627575601
100356,Arcidae,Barbatia,gabonensis,Oliver & von Cosel 1992a,suspension,attached,mobile,epifaunal,90,90,22.5831795812724,8.4276364
100357,Arcidae,Barbatia,hachijoensis,"Hatai, Niino & Kotaka 1952",suspension,attached,mobile,epifaunal,50,50,21.5638586528478,18.986936917
100359,Arcidae,Barbatia,ionthados,Oliver & von Cosel 1992a,suspension,attached,mobile,epifaunal,100,100,14.4913767461894,11.5963716
100360,Arcidae,Barbatia,lacerata,(Bruguiere 1789),suspension,attached,mobile,epifaunal,0,0,78.1024967590665,25.355075444
100362,Arcidae,Barbatia,lurida,(Sowerby 1833),suspension,attached,mobile,epifaunal,0,0,38.8844441904472,15.88000044
100363,Arcidae,Barbatia,molokaia,"(Dall, Bartsch & Rehder 1938)",suspension,attached,mobile,epifaunal,10,10,12.7279220613579,20.129449147
100365,Arcidae,Barbatia,novaezealandiae,(E.A. Smith 1915),suspension,attached,mobile,epifaunal,3,3,75.3657747256671,14.513740292
100366,Arcidae,Barbatia,oahua,"Dall, Bartsch & Rehder 1938",suspension,attached,mobile,epifaunal,0,0,48.6939421283593,3.43599318
100368,Arcidae,Barbatia,parva,(Sowerby 1833),suspension,attached,mobile,epifaunal,0,0,10.9544511501033,20.31424225
100369,Arcidae,Barbatia,parvivillosa,(Iredale 1939),suspension,attached,mobile,epifaunal,NA,5,38.7298334620742,13.09111107
100370,Arcidae,Barbatia,perinesa,Oliver & Chesney 1994,suspension,attached,mobile,epifaunal,1,1,14.8323969741913,17.21471834
100371,Arcidae,Barbatia,pistachia,(Lamarck 1819),suspension,attached,mobile,epifaunal,1,1,41.046315303569,21.06885968
105067,Arcidae,Barbatia,pyrrhotus,Oliver & Holmes 2004,suspension,attached,mobile,epifaunal,14,14,5.27456159315634,5.02607472
100372,Arcidae,Barbatia,revelata,(Deshayes 1863),suspension,attached,mobile,epifaunal,0,0,41.9523539268061,10.44305703
100373,Arcidae,Barbatia,setigera,(Reeve 1844),suspension,attached,mobile,epifaunal,1,1,48,20.31424225
100374,Arcidae,Barbatia,stearnsii,(Pilsbry 1895),suspension,attached,mobile,epifaunal,0,0,35.1781181986757,28.698333221
100375,Arcidae,Barbatia,sulcata,(Lamarck 1819),suspension,attached,mobile,epifaunal,0,0,33.2264954516723,32.627575601
100377,Arcidae,Barbatia,terebrans,(Iredale 1939),suspension,attached,mobile,epifaunal,NA,5,11.0163514831363,13.49304857
100378,Arcidae,Barbatia,trapezina,(Lamarck 1819),suspension,attached,mobile,epifaunal,10,10,44.9030065808516,32.627575601
100406,Arcidae,Bathyarca,adelaideana,(Iredale 1929),suspension,attached,immobile,infaunal,165,165,3.63318042491699,7.77141922
100407,Arcidae,Bathyarca,anaclima,(Melvill & Standen 1907),suspension,attached,immobile,infaunal,73,73,2.73861278752583,17.82158684
100408,Arcidae,Bathyarca,cybaea,(Hedley 1906),suspension,attached,immobile,infaunal,45,45,3.46410161513775,14.513740292
100411,Arcidae,Bathyarca,frielei,(Jeffreys 1877),suspension,attached,immobile,infaunal,18,18,14.8791800849375,25.9297601
100409,Arcidae,Bathyarca,glacialis,(Gray 1824),suspension,attached,immobile,infaunal,5,5,28.5096474899287,21.42491014
105910,Arcidae,Bathyarca,glomerula,(Dall 1881),suspension,attached,immobile,infaunal,110,110,8.5,18.08465027
100412,Arcidae,Bathyarca,japonica,Habe 1977,suspension,attached,immobile,infaunal,50,50,10.2469507659596,28.698333221
112371,Arcidae,Bathyarca,kyurokusimana,(Nomura & Hatai 1940),suspension,attached,immobile,infaunal,20,20,3.86781592116274,29.880238
112782,Arcidae,Bathyarca,lucida,Poppe et al. 2018,suspension,attached,immobile,infaunal,100,100,9.91362698511498,3.83075748
100261,Arcidae,Bathyarca,minima,(Nyst 1848),suspension,attached,immobile,infaunal,11,11,8.94427190999916,5.39506501
111874,Arcidae,Bathyarca,orientalis,(Thiele 1931),suspension,attached,immobile,infaunal,110,110,3.74165738677394,11.28622282
100413,Arcidae,Bathyarca,pectunculoides,(Scacchi 1834),suspension,attached,immobile,infaunal,9,9,14.4913767461894,30.46390247
100414,Arcidae,Bathyarca,perversidens,Hedley 1902,suspension,attached,immobile,infaunal,41,41,2.85043856274784,10.03643144
111916,Arcidae,Bathyarca,philippiana,(Nyst 1848),suspension,attached,immobile,infaunal,2,2,11.7728501222091,22.861666644
105911,Arcidae,Bathyarca,polycyma,(Dall 1881),suspension,attached,immobile,infaunal,168,168,7.64852927038918,2.43605978
112009,Arcidae,Bentharca,hawaiensis,"Dall, Bartsch & Rehder 1938",suspension,attached,immobile,epifaunal,20,20,26.7207784317748,3.59198342
100382,Arcidae,Calloarca,alternata,(Sowerby 1833),suspension,attached,immobile,epifaunal,10,10,33.5857112474933,16.44182409
100384,Arcidae,Calloarca,cibotina,(Melvill & Standen 1907),suspension,attached,immobile,epifaunal,80,80,8.36660026534076,16.11900418
100394,Arcidae,Calloarca,colpodes,(Kilburn 1983),suspension,attached,immobile,epifaunal,70,70,5.91607978309962,7.22272928
100385,Arcidae,Calloarca,nuttingi,"(Dall, Bartsch & Rehder 1938)",suspension,attached,immobile,epifaunal,0,0,5.29150262212918,11.46033325
100386,Arcidae,Calloarca,sculpturata,"(Turton, 1932)",suspension,attached,immobile,epifaunal,20,20,11.6189500386223,13.62391616
112372,Arcidae,Calloarca,soyoae,(Habe 1958),suspension,attached,immobile,epifaunal,40,40,24.4948974278318,29.619652552
100376,Arcidae,Calloarca,tamikoae,(Sakurai 1969),suspension,attached,immobile,epifaunal,50,50,9.16515138991168,16.67810891
100387,Arcidae,Calloarca,tenella,(Reeve 1843),suspension,attached,immobile,epifaunal,1,1,28.3354901139896,32.882575626
100388,Arcidae,Calloarca,tetraquetra,Kilburn 1983,suspension,attached,immobile,epifaunal,30,30,10.5830052442584,7.31159329
100389,Arcidae,Cucullaearca,candida,(Helbling 1799),suspension,attached,mobile,epifaunal,0,0,76.1577310586391,23.38635942
100390,Arcidae,Cucullaearca,complanata,(Bruguiere 1789),suspension,attached,mobile,epifaunal,0,0,38.0788655293195,11.41550594
100391,Arcidae,Cucullaearca,foliata,(Forsskal 1775),suspension,attached,mobile,epifaunal,0,0,53.5957087834465,22.87424235
100380,Arcidae,Cucullaearca,grayana,(Dunker 1867),suspension,attached,mobile,epifaunal,NA,NA,45.4400704224806,13.7685616
100364,Arcidae,Cucullaearca,multivillosa,(Iredale 1939),suspension,attached,mobile,epifaunal,0,0,45.9565011723042,13.24571418
100393,Arcidae,Cucullaearca,reeveana,(d'Orbigny 1846),suspension,attached,mobile,epifaunal,0,0,82.4621125123532,17.82958357
100159,Arcidae,Cunearca,aequatoralis,(d'Orbigny 1846),suspension,attached,mobile,infaunal,0,0,42.0285617170038,16.44182409
101203,Arcidae,Cunearca,axelolssoni,Macsotay in Macsotay & Campos 2001,suspension,attached,mobile,infaunal,4,4,51.1781545192868,7.20760924
100162,Arcidae,Cunearca,bifrons,(Carpenter 1857),suspension,attached,mobile,infaunal,5,5,56.1248608016091,16.11349055
100163,Arcidae,Cunearca,brasiliana,(Lamarck 1819),suspension,attached,mobile,infaunal,0,0,70,19.08009618
100164,Arcidae,Cunearca,chemnitzii,(Philippi 1851),suspension,attached,mobile,infaunal,11,11,50.4571104999087,19.28389474
112090,Arcidae,Cunearca,corrugata,(Lamy 1907),suspension,attached,mobile,infaunal,10,10,39.4715087119811,13.6103454
100168,Arcidae,Cunearca,esmeralda,(Pilsbry & Olsson 1941),suspension,attached,mobile,infaunal,20,20,60.0824433591045,14.49458329
100171,Arcidae,Cunearca,perlabiata,(Grant & Gale 1931),suspension,attached,mobile,infaunal,0,0,48.3735464897913,16.05756762
100173,Arcidae,Cunearca,reinharti,(Lowe 1935),suspension,attached,mobile,infaunal,2,2,65.6597289059283,16.2046156
100422,Arcidae,Deltaodon,rubrotincta,(Kuroda & Habe in Habe 1958),suspension,attached,mobile,epifaunal,100,100,12.6491106406735,22.218446862
102581,Arcidae,Deltaodon,tugelae,Bernard 1962,suspension,attached,mobile,epifaunal,70,70,18.3303027798234,20.60368675
100395,Arcidae,Destacar,metella,(Hedley 1917),suspension,attached,mobile,infaunal,151,151,13.2476412994918,13.33563117
100187,Arcidae,Diluvarca,biangulata,(Sowerby 1833),suspension,attached,immobile,epifaunal,5,5,56.1106050582241,14.49458329
111869,Arcidae,Diluvarca,consociata,(E.A. Smith 1885),suspension,attached,immobile,epifaunal,15,15,32.0312347560939,15.75297852
100144,Arcidae,Diluvarca,corbuloides,(Monterosato 1878),suspension,attached,immobile,epifaunal,10,10,66.751629193601,22.861666644
100182,Arcidae,Diluvarca,ferruginea,(Reeve 1844),suspension,attached,immobile,epifaunal,9,9,55.3398590529466,16.11900418
113041,Arcidae,Diluvarca,gibbosa,(Reeve 1844),suspension,attached,immobile,epifaunal,22,22,48.0624593627917,22.861666644
100149,Arcidae,Diluvarca,mazatlanica,(Hertlein & Strong 1943),suspension,attached,immobile,epifaunal,7,7,65.7563685128673,14.16168866
112719,Arcidae,Diluvarca,pygmaea,(H. Adams 1872),suspension,attached,immobile,epifaunal,20,20,26.3294511906344,16.4720005
112091,Arcidae,Diluvarca,secernenda,(Lamy 1907),suspension,attached,immobile,epifaunal,15,15,42.1689459199539,17.72206152
112699,Arcidae,Diluvarca,tricenicosta,(Nyst 1848),suspension,attached,immobile,epifaunal,14,14,65.3146231712317,22.471179571
100397,Arcidae,Fugleria,illota,(Sowerby 1833),suspension,attached,mobile,epifaunal,0,0,40.7124059716446,16.44182409
100398,Arcidae,Fugleria,tenera,(C.B. Adams 1845),suspension,attached,mobile,epifaunal,0,0,31.6227766016838,19.08009618
100918,Arcidae,Hawaiarca,alai,"Dall, Bartsch & Rehder 1938",suspension,attached,mobile,epifaunal,68,68,8.52994724485445,11.65534854
111888,Arcidae,Hawaiarca,innocens,(E.A. Smith 1906),suspension,attached,mobile,epifaunal,25,25,19.0835007270679,5.49848437
101436,Arcidae,Hawaiarca,rectangula,"(Dall, Bartsch & Rehder 1938)",suspension,attached,mobile,epifaunal,25,25,12.2474487139159,5.98246426
101437,Arcidae,Hawaiarca,uwaensis,(Yokoyama 1928),suspension,attached,mobile,epifaunal,20,20,15.556349186104,28.698333221
104075,Arcidae,Hawaiarca,weberi,Prashad 1932,suspension,attached,mobile,epifaunal,32,32,13.717871555019,4.90525013
101438,Arcidae,Hawaiarca,wendti,(Lamy 1907),suspension,attached,mobile,epifaunal,NA,NA,20.4470046706113,13.22500038
100396,Arcidae,Hawaiarca,yamamotoi,(Sakura & Habe in Habe 1961),suspension,attached,mobile,epifaunal,50,50,14.0712472794703,28.698333221
112265,Arcidae,Imparilarca,angicostata,(Reeve 1844),suspension,attached,mobile,infaunal,0,0,27.2488531868774,7.82405654
100166,Arcidae,Imparilarca,craticulata,(Nyst 1848),suspension,attached,mobile,infaunal,22,22,23.473389188611,19.65217969
100147,Arcidae,Imparilarca,ehrenbergi,(Dunker 1868),suspension,attached,mobile,infaunal,17,17,68.9799971006088,18.38328981
101544,Arcidae,Imparilarca,kikaizimana,(Nomura & Zinbo 1934),suspension,attached,mobile,infaunal,10,10,29.0516780926679,22.051666787
105091,Arcidae,Imparilarca,rotundicostata,(Reeve 1843),suspension,attached,mobile,infaunal,12,12,60.3738353924943,19.93000011
100241,Arcidae,Lamarcka,avellana,(Lamarck 1819),suspension,attached,immobile,epifaunal,0,0,43.8862165149834,34.40643638
100245,Arcidae,Lamarcka,imbricata,(Bruguiere 1789),suspension,attached,immobile,epifaunal,0,0,49.1121166312347,19.91667863
100248,Arcidae,Lamarcka,mutabilis,(Sowerby I 1833),suspension,attached,immobile,epifaunal,0,0,38.6895334683684,16.96133355
100254,Arcidae,Lamarcka,truncata,(Sowerby 1833),suspension,attached,immobile,epifaunal,0,0,52.9150262212918,17.2828208
111692,Arcidae,Lamarcka,turbatrix,(Oliver & von Cosel 1992),suspension,attached,immobile,epifaunal,0,0,40.1497197997695,11.10581093
113062,Arcidae,Lamarcka,volucris,(Reeve 1844),suspension,attached,immobile,epifaunal,0,0,38.8580750938592,6.18257559
100176,Arcidae,Larkinia,grandis,(Broderip & Sowerby 1829),suspension,unattached,mobile,infaunal,0,0,140.644232018238,14.67843744
100177,Arcidae,Larkinia,multicostata,(Sowerby 1833),suspension,unattached,mobile,infaunal,0,0,126.419935136829,16.96133355
101690,Arcidae,Litharca,lithodomus,(Sowerby 1833),suspension,attached,immobile,infaunal,0,0,46.2493243193887,11.08114584
101732,Arcidae,Lunarca,brevifrons,(Sowerby 1833),suspension,attached,mobile,infaunal,0,0,34.6366857536919,14.49458329
101733,Arcidae,Lunarca,ovalis,(Bruguiere 1789),suspension,attached,mobile,infaunal,1,1,70.1227495182555,19.45267739
100180,Arcidae,Mabellarca,dautzenbergi,(Lamy 1907),suspension,attached,immobile,infaunal,11,11,26.0768096208106,18.83936288
112369,Arcidae,Mimarcaria,aizoi,(Sakurai 1969),suspension,attached,mobile,epifaunal,40,40,24.0595095544361,17.42986675
101889,Arcidae,Mimarcaria,matsumotoi,Habe 1958,suspension,attached,mobile,epifaunal,54,54,8.53229160308062,28.698333221
101890,Arcidae,Mimarcaria,saviolum,Iredale 1939,suspension,attached,mobile,epifaunal,150,150,8.48528137423857,11.2155173
100192,Arcidae,Mosambicarca,erythraeonensis,(Jonas in Philippi 1851),suspension,attached,mobile,infaunal,1,1,78.7400787401181,18.48323599
100203,Arcidae,Mosambicarca,mosambicana,(Bianconi 1856),suspension,attached,mobile,infaunal,NA,NA,65.5209890035247,8.33258739
112030,Arcidae,Nipponarca,adamsiana,(Dunker 1866),suspension,attached,immobile,epifaunal,1,1,29.1787593978908,28.973846251
100399,Arcidae,Nipponarca,allocostata,Oliver & von Cosel 1992a,suspension,attached,immobile,epifaunal,0,0,25.0998007960223,8.3112495
100400,Arcidae,Nipponarca,bistrigata,(Dunker 1866),suspension,attached,immobile,epifaunal,0,0,37.8985487848809,31.49719418
102467,Arcidae,Porterius,dalli,(E. A. Smith 1885),suspension,attached,mobile,epifaunal,20,20,25.0998007960223,29.498422962
112758,Arcidae,Potiarca,bataviensis,(Lamy 1907),suspension,attached,mobile,infaunal,0,0,31.984371183439,7.74121389
100142,Arcidae,Potiarca,camerunensis,Oliver & von Cosel 1992a,suspension,attached,mobile,infaunal,5,5,15.4919333848297,3.0797223
100146,Arcidae,Potiarca,eborensis,Oliver & von Cosel 1992a,suspension,attached,mobile,infaunal,18,18,29.3938769133981,6.9177598
112760,Arcidae,Potiarca,livingstonei,Iredale 1927,suspension,attached,mobile,infaunal,0,0,62.9920629920945,1.36754711
100170,Arcidae,Potiarca,nux,(Sowerby 1833),suspension,attached,mobile,infaunal,4,4,23.4435492193482,14.34554281
100150,Arcidae,Potiarca,obesa,(Sowerby 1833),suspension,attached,mobile,infaunal,10,10,37.0944739819828,14.49458329
100172,Arcidae,Potiarca,pilula,(Reeve 1843),suspension,attached,mobile,infaunal,0,0,39.2300904918661,17.29550735
112756,Arcidae,Potiarca,sabinae,(Morlet 1889),suspension,attached,mobile,infaunal,8,8,24.4948974278318,11.73237266
100153,Arcidae,Potiarca,senegalensis,(Gmelin 1791),suspension,attached,mobile,infaunal,0,0,27.9821371592664,11.92624927
100155,Arcidae,Potiarca,subglobosa,(Dunker in Kobelt 1891),suspension,attached,mobile,infaunal,17,17,31.8841653489628,12.22768448
102583,Arcidae,Pseudoporterius,aleutica,Kamenev 2007,suspension,attached,immobile,infaunal,70,70,18.7616630392937,9.231374059
100185,Arcidae,Rasia,emarginata,(Sowerby 1833),suspension,attached,mobile,epifaunal,0,0,37.0391684571887,15.88000044
100186,Arcidae,Rasia,formosa,(Sowerby 1833),suspension,attached,mobile,epifaunal,5,5,91.8351784448639,15.84157504
110339,Arcidae,Samacar,kurilensis,Kamenev 2007,suspension,attached,immobile,infaunal,170,170,14.8842198317547,11.494817519
102584,Arcidae,Samacar,strabo,(Hedley 1915),suspension,attached,immobile,infaunal,100,100,12,32.627575601
100361,Arcidae,Savignyarca,legumen,(Lamy 1907),suspension,attached,mobile,epifaunal,0,0,33.8230690505755,8.8525456
100367,Arcidae,Savignyarca,obliquata,(Wood 1828),suspension,attached,mobile,epifaunal,NA,5,38.7298334620742,20.68132576
110336,Arcidae,Savignyarca,scanzon,Iredale 1939,suspension,attached,mobile,epifaunal,0,0,32.4607455244022,13.52833334
100381,Arcidae,Savignyarca,virescens,(Reeve 1844),suspension,attached,mobile,epifaunal,0,0,38.8329756778952,30.20290478
112532,Arcidae,Scapharca,aliena,(Iredale 1939),suspension,attached,immobile,infaunal,NA,NA,71.8888030224457,11.40082268
112377,Arcidae,Scapharca,ambigua,(Reeve 1844),suspension,attached,immobile,infaunal,36,36,40.0749298190278,16.08494469
100188,Arcidae,Scapharca,broughtonii,(Schrenck 1867),suspension,attached,immobile,infaunal,2,2,111.283421945948,35.130334242
100189,Arcidae,Scapharca,cepoides,(Reeve 1844),suspension,attached,immobile,infaunal,10,10,84.9588135510378,15.78059592
100190,Arcidae,Scapharca,compacta,(Reeve 1844),suspension,attached,immobile,infaunal,26,26,25.9229627936314,4.60305356
100165,Arcidae,Scapharca,cornea,(Reeve 1844),suspension,attached,immobile,infaunal,0,0,38.8844441904472,17.0319202
112841,Arcidae,Scapharca,disparilis,(Reeve 1844),suspension,attached,immobile,infaunal,20,20,87.858522637249,12.42277801
112370,Arcidae,Scapharca,globosa,(Reeve 1844),suspension,attached,immobile,infaunal,5,5,72.1110255092798,31.235597395
100193,Arcidae,Scapharca,guangdongensis,"(Bernard, Cai & Morton 1993)",suspension,attached,immobile,infaunal,1,1,34.322004603461,21.118122696
100195,Arcidae,Scapharca,hyphalopilema,Campbell 1962,suspension,attached,immobile,infaunal,60,60,81.0265388622765,14.49458329
100196,Arcidae,Scapharca,inaequivalvis,(Bruguiere 1789),suspension,attached,immobile,infaunal,0,0,96.7078073373603,15.75297852
100197,Arcidae,Scapharca,indica,(Gmelin 1791),suspension,attached,immobile,infaunal,0,0,48.8998977504043,32.627575601
100198,Arcidae,Scapharca,jurata,Iredale 1939,suspension,attached,immobile,infaunal,NA,5,31.9233456893227,8.66558535
100199,Arcidae,Scapharca,kafanovi,Lutaenko 1993,suspension,attached,immobile,infaunal,NA,NA,55.9449729645122,19.11884612
100200,Arcidae,Scapharca,kagoshimensis,(Tokunaga 1906),suspension,attached,immobile,infaunal,0,0,77.9134134793233,31.201091862
100201,Arcidae,Scapharca,labiosa,(Sowerby 1833),suspension,attached,immobile,infaunal,20,20,50.2533580967481,12.20895835
112981,Arcidae,Scapharca,n.sp. 2,of Huber 2010,suspension,attached,immobile,infaunal,NA,NA,142.828568570857,17.21471834
100204,Arcidae,Scapharca,natalensis,(Krauss 1848),suspension,attached,immobile,infaunal,0,0,65.4522726878143,18.24122648
111730,Arcidae,Scapharca,rufescens,(Reeve 1844),suspension,attached,immobile,infaunal,0,0,52.1703939030558,13.52833334
100206,Arcidae,Scapharca,satowi,(Dunker 1882),suspension,attached,immobile,infaunal,10,10,74.5721127500086,28.945789391
100207,Arcidae,Scapharca,secticostata,(Reeve 1844),suspension,attached,immobile,infaunal,2,2,100.717426496113,19.73802633
112842,Arcidae,Scapharca,talmiensis,(Kalishevich 1976),suspension,attached,immobile,infaunal,1,1,67.0820393249937,24.342682106
100178,Arcidae,Scapharca,transversa,(Say 1822),suspension,attached,immobile,infaunal,0.5,0.5,33.824251654693,29.723857916
100210,Arcidae,Scapharca,troscheli,(Dunker 1882),suspension,attached,immobile,infaunal,0,0,45.8257569495584,28.945789391
100143,Arcidae,Sectiarca,concinna,(Sowerby 1833),suspension,unattached,mobile,infaunal,5,5,39.9124040869502,16.44182409
102674,Arcidae,Senilia,senilis,(Linnaeus 1758),suspension,unattached,mobile,infaunal,0,0,112.649900133112,12.64746575
100212,Arcidae,Tegillarca,addita,(Iredale 1939),suspension,unattached,mobile,infaunal,10,10,36.796603104091,9.52964392
113071,Arcidae,Tegillarca,aequilatera,(Dunker 1868),suspension,unattached,mobile,infaunal,0,0,73.5662966309981,10.1888309
100161,Arcidae,Tegillarca,bicors,(Jonas in Philippi 1845),suspension,unattached,mobile,infaunal,NA,5,37.4966665185054,4.60564348
112627,Arcidae,Tegillarca,disessa,(Iredale 1939),suspension,unattached,mobile,infaunal,15,15,18.3711730708738,6.01557706
100213,Arcidae,Tegillarca,granosa,(Linnaeus 1758),suspension,unattached,mobile,infaunal,0,0,65.8179306876173,31.49719418
100214,Arcidae,Tegillarca,nodifera,(Martens 1860),suspension,unattached,mobile,infaunal,0,0,49.7795138586146,26.980133422
100174,Arcidae,Tegillarca,rhombea,(Born 1778),suspension,unattached,mobile,infaunal,0,0,24.7568172429333,8.3467503
112425,Arcidae,Tegillarca,zanzibarensis,(Nyst 1848),suspension,unattached,mobile,infaunal,0,0,46.3130651112621,10.15973171
100240,Arcidae,Tetrarca,acuminata,(Krauss 1848),suspension,attached,immobile,epifaunal,0,0,27.5680975041804,9.76640906
100242,Arcidae,Tetrarca,boucardi,(Jousseaume 1894),suspension,attached,immobile,epifaunal,0,0,52.9905651979671,35.130334242
100244,Arcidae,Tetrarca,fernandezensis,(Hertlein & Strong 1943),suspension,attached,immobile,epifaunal,0,0,30.9838667696593,5.9077063
112457,Arcidae,Tetrarca,ocellata,(Reeve 1844),suspension,attached,immobile,epifaunal,13,13,23.3276659784043,17.21471834
100253,Arcidae,Tetrarca,tetragona,(Poli 1795),suspension,attached,immobile,epifaunal,0,0,40.5758548893304,30.547952356
100216,Arcidae,Tosarca,vellicata,(Reeve 1844),suspension,unattached,mobile,infaunal,10,10,61.6400843607469,22.58220356
103430,Arcidae,Trisidos,kiyonoi,(Makiyama 1931),suspension,attached,immobile,infaunal,1,1,64.8074069840786,28.698333221
103431,Arcidae,Trisidos,semitorta,(Lamarck 1819),suspension,attached,immobile,infaunal,24,24,75.5777745107647,16.32833353
112964,Arcidae,Trisidos,torta,(Mörch 1850),suspension,attached,immobile,infaunal,1,1,85.4166260162505,9.42010928
103432,Arcidae,Trisidos,tortuosa,(Linnaeus 1758),suspension,attached,immobile,infaunal,10,10,74.899933244296,20.20474955
102404,Arcidae,Xenophorarca,irregularis,(Hayami & Kase 1993),suspension,attached,immobile,epifaunal,4,4,3.18198051533946,9.18630757
104091,Arcidae,Xenophorarca,tenuis,(Hayami & Kase 1993),suspension,attached,immobile,epifaunal,4,4,1.48323969741913,9.18630757
100423,Arcidae,Xenophorarca,xenophoricola,(Kuroda 1929),suspension,attached,immobile,epifaunal,50,50,13.1787708076285,29.415000441
100269,Arcticidae,Arctica,islandica,(Linnaeus 1767),non_suspension,unattached,mobile,infaunal,0,0,115.801554393713,29.294941989
112770,Astartidae,Astarte,alaskensis,Dall 1903,suspension,unattached,mobile,infaunal,20,20,44.5477272147525,28.457093398
105350,Astartidae,Astarte,arctica,(Gray 1824),suspension,unattached,mobile,infaunal,6,6,50.9607692249636,21.44703032
112771,Astartidae,Astarte,belti,Høpner Petersen 2001,suspension,unattached,mobile,infaunal,10,10,33.0983383268707,18.457541726
105323,Astartidae,Astarte,borealis,(Schumacher 1817),suspension,unattached,mobile,infaunal,0,0,48.6312656631513,28.97249998
105338,Astartidae,Astarte,compacta,Carpenter 1864,suspension,unattached,mobile,infaunal,10,10,28.4604989415154,18.973539825
112113,Astartidae,Astarte,concha,Huber 2010,suspension,unattached,mobile,infaunal,11,11,7.99749960925288,19.73802633
105339,Astartidae,Astarte,crebricostata,M'Andrew & Forbes 1847,suspension,unattached,mobile,infaunal,NA,5,32.0780298646909,18.541410062
105379,Astartidae,Astarte,crenata,(Gray 1824),suspension,unattached,mobile,infaunal,9,9,31.859064644148,29.47749977
105352,Astartidae,Astarte,elliptica,(Brown 1827),suspension,unattached,mobile,infaunal,2,2,34.4572198530294,22.25857149
105392,Astartidae,Astarte,esquimalti,(Baird 1863),suspension,unattached,mobile,infaunal,50,50,21.1778185845474,19.212926628
112772,Astartidae,Astarte,falsteri,Høpner Petersen 2001,suspension,unattached,mobile,infaunal,20,20,20.9594847264908,17.145580856
105355,Astartidae,Astarte,hakodatensis,Yokoyama 1920,suspension,unattached,mobile,infaunal,23,23,12,29.954939412
105332,Astartidae,Astarte,ioani,(Filatova 1957),suspension,unattached,mobile,infaunal,126,126,31.4006369362152,14.003647169
105342,Astartidae,Astarte,longirostra,d'Orbigny 1846,suspension,unattached,mobile,infaunal,8,8,10,14.54907408
105381,Astartidae,Astarte,lunulata,Barnard 1964,suspension,unattached,mobile,infaunal,227,227,4,7.50439632
105310,Astartidae,Astarte,montagui,(Dillwyn 1817),suspension,unattached,mobile,infaunal,5,5,17.8885438199983,28.54068439
112773,Astartidae,Astarte,portlandica,Mighels 1843,suspension,unattached,mobile,infaunal,18,18,10.7833204533669,15.80705334
105915,Astartidae,Astarte,quadrans,Gould 1841,suspension,unattached,mobile,infaunal,18,18,13.9642400437689,23.948089109
112774,Astartidae,Astarte,sericea,Posselt 1895,suspension,unattached,mobile,infaunal,NA,5,24.8547782126496,9.524057157
105385,Astartidae,Astarte,smithii,Dall 1886,suspension,unattached,mobile,infaunal,99,99,6.48074069840786,10.4142425
105312,Astartidae,Astarte,striata,(Leach in Ross 1819),suspension,unattached,mobile,infaunal,10,10,40.8044115262063,25.78065205
112081,Astartidae,Astarte,subaequilatera,"Sowerby II, 1854",suspension,unattached,mobile,infaunal,7,7,32.3573793747269,31.950953759
105346,Astartidae,Astarte,sulcata,(da Costa 1778),suspension,unattached,mobile,infaunal,5.5,5.5,27.1661554144122,30.831560256
105347,Astartidae,Astarte,undata,Gould 1841,suspension,unattached,mobile,infaunal,1,1,35.1965907439911,29.945216325
112775,Astartidae,Astarte,vaigati,Høpner Petersen 2001,suspension,unattached,mobile,infaunal,NA,5,26.6082693913001,12.905033551
105391,Astartidae,Astarte,vernicosa,Dall 1903,suspension,unattached,mobile,infaunal,20,20,19.4935886896179,30.297530498
112066,Astartidae,Astarte,warhami,Hancock 1846,suspension,unattached,mobile,infaunal,0,0,24.5356882927706,11.544285736
110633,Astartidae,Bathycorbis,despecta,(Hedley 1904),suspension,unattached,mobile,infaunal,146,146,3.24037034920393,8.74879514
111971,Astartidae,Bathycorbis,percostata,(Hedley 1904),suspension,unattached,mobile,infaunal,183,183,4.47213595499958,4.97381574
105314,Astartidae,Digitaria,digitaria,(Linnaeus 1758),suspension,unattached,mobile,infaunal,9,9,8.43208159353312,23.801666656
105308,Astartidae,Gonilia,calliglypta,(Dall 1903),suspension,unattached,mobile,infaunal,9,9,7,22.861666644
105320,Astartidae,Goodallia,gofasi,Giribet & Penas 1999,suspension,unattached,mobile,infaunal,132,132,1.5,5.07333342
105318,Astartidae,Goodallia,macandrewi,(E.A. Smith 1881),suspension,unattached,mobile,infaunal,128,128,2.0146960068457,7.02344426
105319,Astartidae,Goodallia,micalii,Giribet & Penas 1999,suspension,unattached,mobile,infaunal,10,10,1.3,22.861666644
105316,Astartidae,Goodallia,pusilla,(Forbes 1844),suspension,unattached,mobile,infaunal,3,3,2,22.861666644
105315,Astartidae,Goodallia,triangularis,(Montagu 1803),suspension,unattached,mobile,infaunal,5,5,3.89871773792359,30.547952356
105321,Astartidae,Isocrassina,castanea,(Say 1822),suspension,unattached,mobile,infaunal,1,1,28.8859827598093,27.58086234
105341,Astartidae,Laevastarte,fusca,(Poli 1791),suspension,unattached,mobile,infaunal,30,30,23.5457002444183,22.861666644
100046,Cardiidae,Acanthocardia,aculeata,(Linneaus 1758),suspension,unattached,mobile,infaunal,0,0,104.213722704834,28.242961288
112878,Cardiidae,Acanthocardia,deshayesii,(Payraudeau 1826),suspension,unattached,mobile,infaunal,20,20,50,22.861666644
100047,Cardiidae,Acanthocardia,echinata,(Linnaeus 1758),suspension,unattached,mobile,infaunal,1,1,74.4580418759451,30.547952356
100049,Cardiidae,Acanthocardia,paucicostata,(Sowerby II 1834),suspension,unattached,mobile,infaunal,1,1,48.7339717240448,28.242961288
100050,Cardiidae,Acanthocardia,spinosa,(Lightfoot 1786),suspension,unattached,mobile,infaunal,7,7,98.488578017961,22.861666644
100051,Cardiidae,Acanthocardia,tuberculata,(Linnaeus 1758),suspension,unattached,mobile,infaunal,0,0,93.4879671401619,26.516515127
100053,Cardiidae,Acrosterigma,amirante,Vidal 1999,suspension,unattached,mobile,infaunal,71,71,22.1643858475709,7.29783293
100054,Cardiidae,Acrosterigma,attenuatum,"(Sowerby II, 1841)",suspension,unattached,mobile,infaunal,10,10,69.8521295308883,20.47833343
100055,Cardiidae,Acrosterigma,biradiatum,(Bruguiere 1789),suspension,unattached,mobile,infaunal,3,3,50.6691227474879,32.627575601
100056,Cardiidae,Acrosterigma,burchardi,(Dunker 1877),suspension,unattached,mobile,infaunal,0,0,86.3377090268209,22.043882304
105373,Cardiidae,Acrosterigma,capricorne,Vidal & Kirkendale 2007,suspension,unattached,mobile,infaunal,80,80,52.5885919187803,6.01626517
100057,Cardiidae,Acrosterigma,cygnorum,(Deshayes 1855),suspension,unattached,mobile,infaunal,2,2,54.7334449856758,17.747941233
100058,Cardiidae,Acrosterigma,dianthinum,(Mellvill & Standen 1899),suspension,unattached,mobile,infaunal,2,2,15.7886034847924,13.92500019
100059,Cardiidae,Acrosterigma,discus,Vidal 1998,suspension,unattached,mobile,infaunal,8,8,29.698484809835,9.04142891
112890,Cardiidae,Acrosterigma,extremattenuatum,ter Poorten & Kirkendale in ter Poorten et al. 2017,suspension,unattached,mobile,infaunal,2,2,46.3195423120739,10.69703316
100060,Cardiidae,Acrosterigma,hobbsae,Vidal 1999,suspension,unattached,mobile,infaunal,2,2,48.509792825779,11.0952717
100061,Cardiidae,Acrosterigma,impolitum,"(Sowerby II, 1834)",suspension,unattached,mobile,infaunal,0,0,49.9971999215956,23.31780305
100062,Cardiidae,Acrosterigma,kerslakae,Healy & Lamprell 1992,suspension,unattached,mobile,infaunal,3.5,3.5,36.9702583166523,12.36833337
100063,Cardiidae,Acrosterigma,maculosum,(Wood 1815),suspension,unattached,mobile,infaunal,5,5,50.1348182404205,34.40643638
100064,Cardiidae,Acrosterigma,magnum,(Linnaeus 1758),suspension,unattached,mobile,infaunal,3,3,93.6783326068521,17.72206152
100065,Cardiidae,Acrosterigma,marielae,Wilson & Stevenson 1977,suspension,unattached,mobile,infaunal,43,43,21.4941852602047,11.41478252
100066,Cardiidae,Acrosterigma,mauritianum,(Deshayes 1855),suspension,unattached,mobile,infaunal,35,35,36.2532757140648,6.94117955
100068,Cardiidae,Acrosterigma,oxygonum,"(Sowerby II, 1834))",suspension,unattached,mobile,infaunal,3,3,39.7944719779017,8.42583556
100069,Cardiidae,Acrosterigma,pristipleura,(Dall 1901),suspension,unattached,mobile,infaunal,0,0,103.617903858358,12.409825
100070,Cardiidae,Acrosterigma,profundum,Vidal 1999,suspension,unattached,mobile,infaunal,80,80,36.6135220922544,12.11485522
100072,Cardiidae,Acrosterigma,punctolineatum,Healy & Lamprell 1992,suspension,unattached,mobile,infaunal,7,7,43.7681390968362,14.22000015
100074,Cardiidae,Acrosterigma,selene,Vidal 1999,suspension,unattached,mobile,infaunal,40,40,38.6264158316559,6.77428956
101245,Cardiidae,Acrosterigma,seurati,Vidal 1999,suspension,unattached,mobile,infaunal,NA,NA,40.6502152515826,3.25878786
100076,Cardiidae,Acrosterigma,simplex,(Spengler 1799),suspension,unattached,mobile,infaunal,0,0,51.8459255872629,18.83936288
100077,Cardiidae,Acrosterigma,sorenseni,(Powell 1958),suspension,unattached,mobile,infaunal,15,15,43.5907100194525,5.88143935
111667,Cardiidae,Acrosterigma,suluanum,Vidal 1999,suspension,unattached,mobile,infaunal,113,113,38.501948002666,25.976444044
100079,Cardiidae,Acrosterigma,transcendens,(Mellvill & Standen 1899),suspension,unattached,mobile,infaunal,9,9,31.2537997689881,22.138122876
111771,Cardiidae,Acrosterigma,triangulare,Raines & Huber 2012,suspension,unattached,mobile,infaunal,30,30,28.7749891398763,5.24500001
100080,Cardiidae,Acrosterigma,variegatum,"(Sowerby II, 1840)",suspension,unattached,mobile,infaunal,0,0,56.3382640840131,12.11485522
101186,Cardiidae,Afrocardium,exochum,(Melvill in Melvill & Standen 1907),suspension,attached,immobile,epifaunal,10,10,11.7792189893897,31.785575617
101187,Cardiidae,Afrocardium,richardi,(Audouin 1826),suspension,attached,immobile,epifaunal,2,2,16.431676725155,32.627575601
101188,Cardiidae,Afrocardium,shepstonense,(Tomlin 1931),suspension,attached,immobile,epifaunal,2,2,12.4899959967968,13.24969375
100811,Cardiidae,Americardia,biangulata,(Broderip & Sowerby I 1829),suspension,unattached,mobile,infaunal,0,0,48,19.00784482
111790,Cardiidae,Americardia,columbella,Lee & Huber 2012,suspension,unattached,mobile,infaunal,20,20,43.0772561800308,18.68876133
100813,Cardiidae,Americardia,guppyi,(Thiele 1910),suspension,unattached,mobile,infaunal,1,1,18.5,10.9556062
111789,Cardiidae,Americardia,lightbourni,Lee & Huber 2012,suspension,unattached,mobile,infaunal,10,10,32.2468603122847,16.20817262
112768,Cardiidae,Americardia,lindamaesae,ter Poorten & Swinnen 2019,suspension,unattached,mobile,infaunal,0,0,32.1714158842908,3.6200002
100814,Cardiidae,Americardia,media,(Linnaeus 1758),suspension,unattached,mobile,infaunal,1,1,58.1700954099269,12.32206152
100812,Cardiidae,Americardia,planicostata,(Sowerby in Broderip & Sowerby 1833),suspension,unattached,mobile,infaunal,0,0,49.6386945839634,13.51896804
100815,Cardiidae,Americardia,speciosa,(Adams & Reeve 1850),suspension,unattached,mobile,infaunal,6,6,34.8697576705087,3.6200002
103427,Cardiidae,Apiocardia,obovalis,(Sowerby in Broderip & Sowerby 1833),suspension,unattached,mobile,epifaunal,0,0,18.7082869338697,13.48108642
100586,Cardiidae,Bucardium,ringens,(Bruguiere 1814),suspension,unattached,mobile,infaunal,5,5,48.7442304278158,12.43967933
100587,Cardiidae,Cardium,costatum,Linnaeus 1758,suspension,unattached,mobile,infaunal,0,0,100.707497238289,11.5963716
104100,Cardiidae,Cardium,maxicostatum,ter Poorten 2007,suspension,unattached,mobile,infaunal,0,0,137.896265359146,12.40454379
100598,Cardiidae,Cerastoderma,edule,(Linnaeus 1767),suspension,unattached,mobile,infaunal,0,0,52.4552189967786,27.821874096
100599,Cardiidae,Cerastoderma,glaucum,(Bruguiere 1789),suspension,unattached,mobile,infaunal,0,0,57.9581745744291,29.670030276
103421,Cardiidae,Chametrachea,crocea,(Lamarck 1819),non_suspension,attached,immobile,epifaunal,0,0,215.816125440153,23.662346895
112889,Cardiidae,Chametrachea,elongatissima,Bianconi 1856,non_suspension,attached,immobile,epifaunal,5,5,257.507281450448,9.25504905
103422,Cardiidae,Chametrachea,maxima,(Roeding 1798),non_suspension,attached,immobile,epifaunal,0,0,366.742416417845,32.627575601
112151,Cardiidae,Chametrachea,noae,(Roeding 1798),non_suspension,attached,immobile,epifaunal,0,0,240.312296813958,12.11485522
104178,Cardiidae,Chametrachea,rosewateri,(Sirenko & Scarlato 1991),non_suspension,attached,immobile,epifaunal,8,8,173.216627377397,3.43809898
103423,Cardiidae,Chametrachea,squamosa,(Lamarck 1819),non_suspension,attached,immobile,epifaunal,0,0,421.364450327742,23.38757563
111668,Cardiidae,Chametrachea,squamosina,Sturany 1899,non_suspension,attached,immobile,epifaunal,0,0,251.077677223603,12.01680087
100705,Cardiidae,Ciliatocardium,ciliatum,(Fabricius 1780),suspension,unattached,mobile,infaunal,2,2,84.5226596836612,28.97249998
100706,Cardiidae,Ciliatocardium,likharevi,Kafanov in Scarlato 1981,suspension,unattached,mobile,infaunal,33,33,50.8045273573133,24.955378812
100707,Cardiidae,Clinocardium,nuttallii,(Conrad 1837),suspension,unattached,mobile,infaunal,0,0,140.132080552599,28.063360272
100748,Cardiidae,Corculum,cardissa,(Linnaeus 1758),non_suspension,unattached,mobile,infaunal,0,0,73.2359201485173,17.29550735
105375,Cardiidae,Ctenocardia,fijianum,Vidal & Kirkendale 2007,suspension,unattached,mobile,infaunal,32,32,10.899541274751,4.01844883
100816,Cardiidae,Ctenocardia,fornicata,(Sowerby 1840),suspension,unattached,mobile,infaunal,3,3,38.4967531098403,19.65217969
105376,Cardiidae,Ctenocardia,gustavi,Vidal & Kirkendale 2007,suspension,unattached,mobile,infaunal,1,1,27,12.11485522
112992,Cardiidae,Ctenocardia,n. sp. non fornicata,ter Poorten,suspension,unattached,mobile,infaunal,0,0,28.3971829588782,17.93957597
112879,Cardiidae,Ctenocardia,pilbaraensis,ter Poorten & Kirkendale in ter Poorten et al. 2017,suspension,unattached,mobile,infaunal,2,2,27.8935476409868,12.44008029
100073,Cardiidae,Ctenocardia,robillardi,(Sowerby III 1894),suspension,unattached,mobile,infaunal,2,2,18.1989010657237,13.97659111
100820,Cardiidae,Ctenocardia,virgo,(Reeve 1845),suspension,unattached,mobile,infaunal,16,16,34.83102065688,16.32833353
110291,Cardiidae,Dallocardia,delicatula,(E.A. Smith 1915),suspension,unattached,mobile,infaunal,5,5,75.6486615876315,19.689058019
103386,Cardiidae,Dallocardia,muricata,(Linnaeus 1758),suspension,unattached,mobile,infaunal,0,0,69.1548262957836,19.91667863
103387,Cardiidae,Dallocardia,quadragenaria,(Conrad 1837),suspension,unattached,mobile,infaunal,0,0,155.884572681199,13.088254092
106420,Cardiidae,Dallocardia,senticosa,(Sowerby 1833),suspension,unattached,mobile,infaunal,0,0,58.4807660688538,16.44182409
100932,Cardiidae,Dinocardium,robustum,(Lightfoot 1786),suspension,unattached,mobile,infaunal,11,11,146.427797907365,25.841265912
101555,Cardiidae,Discors,multipunctatum,(Sowerby in Broderip & Sowerby 1833),suspension,unattached,mobile,infaunal,10,10,53.4920554849036,18.26400787
101149,Cardiidae,Europicardium,caparti,(Nickles 1955),suspension,unattached,mobile,infaunal,20,20,48.7339717240448,11.92624927
111750,Cardiidae,Europicardium,nolfi,Swinnen 2010,suspension,unattached,mobile,infaunal,5,5,46.3680924774785,15.49586449
101150,Cardiidae,Europicardium,serrulatum,(Deshayes 1855),suspension,unattached,mobile,infaunal,5,5,42.9534631898291,12.43967933
105368,Cardiidae,Europicardium,vepris,(Vidal & Kirkendale 2007),suspension,unattached,mobile,infaunal,NA,NA,20,7.05038912
101184,Cardiidae,Fragum,erugatum,(Tate 1889),non_suspension,unattached,mobile,infaunal,1,1,19.7484176581315,19.96500015
101194,Cardiidae,Fragum,fragum,(Linnaeus 1758),non_suspension,unattached,mobile,infaunal,0,0,41.8700370193292,20.73666653
112962,Cardiidae,Fragum,funafutiense,"Kirkendale, ter Poorten & Middelfart 2021",non_suspension,unattached,mobile,infaunal,0,0,9.9498743710662,11.64120938
100048,Cardiidae,Fragum,grasi,ter Poorten 2009,non_suspension,unattached,mobile,infaunal,0,0,8,8.34860913
112534,Cardiidae,Fragum,loochooanum,Kira 1959,non_suspension,unattached,mobile,infaunal,1,1,13.8996402831152,20.0274568
101196,Cardiidae,Fragum,mundum,"	(Reeve 1845)",non_suspension,unattached,mobile,infaunal,0,0,10.899541274751,15.82337468
101197,Cardiidae,Fragum,nivale,(Reeve 1845),non_suspension,unattached,mobile,infaunal,0,0,28.4604989415154,16.4720005
101198,Cardiidae,Fragum,scruposum,(Deshayes 1855),non_suspension,unattached,mobile,infaunal,0,0,12.7867118525444,21.476311777
101190,Cardiidae,Fragum,sueziense,(Issel 1869),non_suspension,unattached,mobile,infaunal,3,3,11.3841995766062,31.280363497
101199,Cardiidae,Fragum,unedo,(Linnaeus 1758),non_suspension,unattached,mobile,infaunal,0,0,73.8951960549534,22.445833244
112557,Cardiidae,Fragum,vanuatuense,ter Poorten 2015,non_suspension,unattached,mobile,infaunal,8,8,6.64830805543786,11.46809201
112075,Cardiidae,Fragum,whitleyi,Iredale 1929,non_suspension,unattached,mobile,infaunal,0,0,16.6808273176123,16.80157899
100810,Cardiidae,Freneixicardia,victor,(Angas 1872),suspension,unattached,mobile,infaunal,80,80,57.1839138219832,16.80157899
102029,Cardiidae,Frigidocardium,centumliratum,(Melvill & Standen 1907),suspension,unattached,mobile,infaunal,40,40,28,17.70477552
111838,Cardiidae,Frigidocardium,eos,(Kuroda 1929),suspension,unattached,mobile,infaunal,30,30,29.3938769133981,29.718333401
102030,Cardiidae,Frigidocardium,exasperatum,"(Sowerby II, 1839)",suspension,unattached,mobile,infaunal,40,40,28.8889252136524,21.425833064
100753,Cardiidae,Frigidocardium,helios,ter Poorten & Poutiers 2009,suspension,unattached,mobile,infaunal,40,40,10.8489630840924,18.24122648
104070,Cardiidae,Frigidocardium,iris,Huber & ter Poorten 2007,suspension,unattached,mobile,infaunal,40,40,27.9983928110168,9.95499994
102032,Cardiidae,Frigidocardium,kiranum,Sakurai & Habe 1966,suspension,unattached,mobile,infaunal,28,28,20,23.38757563
100751,Cardiidae,Frigidocardium,sancticaroli,ter Poorten & Poutiers in ter Poorten 2009,suspension,unattached,mobile,infaunal,34,34,10.9444049632678,10.88559166
102037,Cardiidae,Frigidocardium,thaanumi,(Pilsbry 1921),suspension,unattached,mobile,infaunal,16,16,16.9705627484771,8.25233327
102039,Cardiidae,Frigidocardium,torresi,(E. A. Smith 1885),suspension,unattached,mobile,infaunal,27,27,9.48683298050514,18.48323599
105131,Cardiidae,Frigidocardium,valdentatum,Poutiers 2006,suspension,unattached,mobile,infaunal,82,82,26.8421310629391,7.83533749
101204,Cardiidae,Fulvia,aperta,(Bruguiere 1789),suspension,unattached,mobile,infaunal,3,3,54.4426303552648,27.673133382
101205,Cardiidae,Fulvia,australis,(Sowerby 1834),suspension,unattached,mobile,infaunal,0,0,37.9275625370258,32.627575601
101206,Cardiidae,Fulvia,boholensis,Vidal 1994,suspension,unattached,mobile,infaunal,10,10,35.5977527380592,8.21767959
105367,Cardiidae,Fulvia,colorata,Vidal & Kirkendale 2007,suspension,unattached,mobile,infaunal,34,34,18.6547581061776,12.11485522
111765,Cardiidae,Fulvia,congoensis,von Cosel 1995,suspension,unattached,mobile,infaunal,0,0,48.2700735445887,8.82619833
101207,Cardiidae,Fulvia,dulcis,(Deshayes 1863),suspension,unattached,mobile,infaunal,12,12,14.6969384566991,13.71609799
101208,Cardiidae,Fulvia,fragiformis,Vidal 1994,suspension,unattached,mobile,infaunal,2,2,22.8495076533391,10.54035522
101209,Cardiidae,Fulvia,fragilis,(Forsskal in Niebuhr 1775),suspension,unattached,mobile,infaunal,0,0,83.9940474081348,20.31424225
101216,Cardiidae,Fulvia,hungerfordi,"(Sowerby III, 1901)",suspension,unattached,mobile,infaunal,0,0,21.4788267836025,27.699502244
112640,Cardiidae,Fulvia,kaarei,ter Poorten & Hylleberg 2017,suspension,unattached,mobile,infaunal,6,6,42.6344930777885,6.77272413
100750,Cardiidae,Fulvia,laevigata,(Linnaeus 1758),suspension,unattached,mobile,infaunal,0,0,53.9907399467724,31.894151602
101210,Cardiidae,Fulvia,mutica,(Reeve 1845),suspension,unattached,mobile,infaunal,5,5,97.1776723326917,29.498422962
113046,Cardiidae,Fulvia,n. sp. non aperta,ter Poorten,suspension,unattached,mobile,infaunal,0,0,38.9,8.1321111
101211,Cardiidae,Fulvia,natalensis,(Krauss 1848),suspension,unattached,mobile,infaunal,0,0,42.2137418384109,11.96332727
111912,Cardiidae,Fulvia,nienkeae,ter Poorten 2012,suspension,unattached,mobile,infaunal,9,9,40.8900966005217,17.21471834
101213,Cardiidae,Fulvia,scalata,Vidal 1994,suspension,unattached,mobile,infaunal,10,10,21.1997641496315,13.70307687
105369,Cardiidae,Fulvia,subquadrata,(Vidal & Kirkendale 2007),suspension,unattached,mobile,infaunal,0,0,8.84872872225158,10.8087798
101214,Cardiidae,Fulvia,tenuicostata,(Lamarck 1819),suspension,unattached,mobile,infaunal,1,1,64.113961038139,17.747941233
101219,Cardiidae,Fulvia,undatopicta,(Pilsbry 1904),suspension,unattached,mobile,infaunal,2,2,19.2447395409759,34.40643638
101397,Cardiidae,Goethemia,elegantula,"(""Beck"" Muller 1842)",suspension,unattached,mobile,infaunal,15,15,13.0153755228192,19.17184467
101476,Cardiidae,Hippopus,hippopus,(Linnaeus 1758),non_suspension,attached,immobile,epifaunal,0,0,443.711618058396,18.83936288
101477,Cardiidae,Hippopus,porcellanus,Rosewater 1972,non_suspension,attached,immobile,epifaunal,3,3,407.128972194316,10.65100808
102024,Cardiidae,Keenaea,centifilosum,(Carpenter 1864),suspension,unattached,mobile,infaunal,30,30,23.9791576165636,20.533968328
102025,Cardiidae,Keenaea,samarangae,(Makiyama 1934),suspension,unattached,mobile,infaunal,30,30,29.9866637023861,28.422214465
101536,Cardiidae,Keenocardium,blandum,(Gould 1850),suspension,unattached,mobile,infaunal,20,20,47.9583152331272,17.685202278
101537,Cardiidae,Keenocardium,buelowi,(Rolle 1896),suspension,unattached,mobile,infaunal,10,10,67.7096005009629,29.156362172
101538,Cardiidae,Keenocardium,californiense,(Deshayes 1839),suspension,unattached,mobile,infaunal,2,2,87.198050436922,29.907978008
101546,Cardiidae,Laevicardium,angmagsalikense,Voskuil & Onverwagt 1992,suspension,unattached,mobile,infaunal,7,7,70.6540869306228,19.43923825
100663,Cardiidae,Laevicardium,brasilianum,(Lamarck 1819),suspension,unattached,mobile,infaunal,0,0,34.4963766213207,13.6103454
111903,Cardiidae,Laevicardium,castaneum,Vidal 2005,suspension,unattached,mobile,infaunal,25,25,46.3141447076376,18.00723584
101547,Cardiidae,Laevicardium,clarionense,(Hertlein & Strong 1947),suspension,unattached,mobile,infaunal,20,20,45.2769256906871,16.44182409
101548,Cardiidae,Laevicardium,crassum,(Gmelin 1791),suspension,unattached,mobile,infaunal,2,2,76.0136829787901,26.564935076
112970,Cardiidae,Laevicardium,devians,"(Bucquoy, Dautzenberg & Dollfus 1892)",suspension,unattached,mobile,infaunal,20,20,61.3424812018555,15.188065999
101549,Cardiidae,Laevicardium,elatum,(Sowerby in Broderip & Sowerby 1833),suspension,unattached,mobile,infaunal,0,0,190,17.94966261
101550,Cardiidae,Laevicardium,elenense,(Sowerby II 1840),suspension,unattached,mobile,infaunal,0,0,19.3649167310371,16.44182409
101554,Cardiidae,Laevicardium,mortoni,(Conrad 1831),suspension,unattached,mobile,infaunal,0,0,31.3496411462715,30.207117531
101556,Cardiidae,Laevicardium,oblongum,(Gmelin 1791),suspension,unattached,mobile,infaunal,6,6,82.0045730432151,22.861666644
101557,Cardiidae,Laevicardium,pictum,(Ravenel 1861),suspension,unattached,mobile,infaunal,6,6,29.6715351810451,26.232600762
111665,Cardiidae,Laevicardium,pristis,(Bory de Saint-Vincent 1827),suspension,unattached,mobile,infaunal,4,4,88.552526784954,8.27075202
112074,Cardiidae,Laevicardium,senegalense,(Dautzenberg 1891),suspension,unattached,mobile,infaunal,10,10,43.7835585579793,13.7559305
101552,Cardiidae,Laevicardium,serratum,(Linnaeus 1758),suspension,unattached,mobile,infaunal,0,0,60.8687111741328,19.08009618
101558,Cardiidae,Laevicardium,substriatum,(Conrad 1837),suspension,unattached,mobile,infaunal,0,0,27.342274960215,18.08012746
101559,Cardiidae,Laevicardium,sybariticum,(Dall 1886),suspension,unattached,mobile,infaunal,6,6,19.8355741031108,19.91667863
102026,Cardiidae,Lophocardium,annettae,(Dall 1889),suspension,unattached,mobile,infaunal,0,0,53.2249941286986,17.82958357
102027,Cardiidae,Lophocardium,cumingii,(Broderip in Broderip & Sowerby 1833),suspension,unattached,mobile,infaunal,10,10,48.3323907954076,12.0263478
101200,Cardiidae,Lunulicardia,auricula,(Neibuhr in Forsskal 1775),non_suspension,unattached,mobile,infaunal,1,1,46.7279359698243,16.4720005
101201,Cardiidae,Lunulicardia,hemicardium,(Linnaeus 1758),non_suspension,unattached,mobile,infaunal,0,0,49.0255035670211,13.22500038
113047,Cardiidae,Lunulicardia,n. sp. aff. Auricula,ter Poorten,non_suspension,unattached,mobile,infaunal,1,1,24.512853771032,10.54035522
106388,Cardiidae,Lunulicardia,orlini,Mienis 2009,non_suspension,unattached,mobile,infaunal,2,2,38.9871773792359,8.61518966
101202,Cardiidae,Lunulicardia,retusa,(Linnaeus 1758),non_suspension,unattached,mobile,infaunal,0,0,39.9937495116424,23.662346895
112152,Cardiidae,Lunulicardia,tumorifera,(Lamarck 1819),non_suspension,unattached,mobile,infaunal,0,0,62.7853486093691,10.09675994
101734,Cardiidae,Lyrocardium,aeolicum,(Born 1778),suspension,unattached,mobile,infaunal,10,10,65,10.68034057
101735,Cardiidae,Lyrocardium,anaxium,Oliver & Chesney 1997,suspension,unattached,mobile,infaunal,4,4,68.3888879862803,16.4720005
101736,Cardiidae,Lyrocardium,aurantiacum,(Adams & Reeve 1850),suspension,unattached,mobile,infaunal,5,5,44.6486281984117,14.22000015
101737,Cardiidae,Lyrocardium,lyratum,"(Sowerby II, 1840)",suspension,unattached,mobile,infaunal,3,3,72.1633563520988,29.976666501
102453,Cardiidae,Maoricardium,pseudolatum,Voskuil & Onverwagt 1991,suspension,unattached,mobile,infaunal,0,0,65.665820637528,13.52833334
102454,Cardiidae,Maoricardium,pseudolima,(Lamarck 1819),suspension,unattached,mobile,infaunal,1,1,168.665349138464,11.67454659
102455,Cardiidae,Maoricardium,setosum,(Redfield 1846),suspension,unattached,mobile,infaunal,0,0,81.9587701225439,17.84893174
103390,Cardiidae,Mexicardia,procera,"(Sowerby I, 1833)",suspension,unattached,mobile,infaunal,0,0,111.552678139075,16.96133355
105134,Cardiidae,Microcardium,aequiliratum,Poutiers 1981,suspension,unattached,mobile,infaunal,130,130,25.7390753524675,10.60686728
105136,Cardiidae,Microcardium,gilchristi,"(Sowerby III, 1904)",suspension,unattached,mobile,infaunal,54,54,16.3951212255354,13.24969375
113048,Cardiidae,Microcardium,n. sp. 1,ter Poorten,suspension,unattached,mobile,infaunal,87,87,11.5,4.64875801
113049,Cardiidae,Microcardium,n. sp. 2,ter Poorten,suspension,unattached,mobile,infaunal,140,140,14.7478812037526,2.5732278
106432,Cardiidae,Microcardium,panamense,(Dall 1908),suspension,unattached,mobile,infaunal,30,30,18,17.18226211
102034,Cardiidae,Microcardium,pazianum,(Dall 1916),suspension,unattached,mobile,infaunal,20,20,19,16.17446967
102035,Cardiidae,Microcardium,peramabile,(Dall 1881),suspension,unattached,mobile,infaunal,33,33,20.9499403340439,29.769609118
112994,Cardiidae,Microcardium,pseudocancellatum,ter Poorten 2021,suspension,unattached,mobile,infaunal,150,150,11.689311356962,5.99066112
112993,Cardiidae,Microcardium,pseudonomurai,ter Poorten 2021,suspension,unattached,mobile,infaunal,80,80,22.3776674387658,20.745591367
102036,Cardiidae,Microcardium,sakuraii,(Habe 1961),suspension,unattached,mobile,infaunal,100,100,17.4928556845359,21.928353256
112891,Cardiidae,Microcardium,scabrosum,Poutiers in ter Poorten et al. 2017,suspension,unattached,mobile,infaunal,100,100,12.0490663538716,9.76619067
101192,Cardiidae,Microcardium,tenuilamellosum,Poutiers 1981,suspension,unattached,mobile,infaunal,125,125,12.7984374046209,4.76312762
102038,Cardiidae,Microcardium,tinctum,(Dall 1881),suspension,unattached,mobile,infaunal,13,13,18.9208879284245,17.72206152
112969,Cardiidae,Microcardium,trapezoidale,Poutiers 2006,suspension,unattached,mobile,infaunal,168,168,18.5008107930436,7.71998467
101195,Cardiidae,Microcardium,velatum,ter Poorten & Poutiers  in ter Poorten 2009,suspension,unattached,mobile,infaunal,75,75,16.5,4.89540234
101866,Cardiidae,Microfragum,festivum,(Deshayes 1855),suspension,unattached,mobile,infaunal,0,0,18,22.445833244
105377,Cardiidae,Microfragum,subfestivum,Vidal & Kirkendale 2007,suspension,unattached,mobile,infaunal,6,6,14.6458185158768,13.76134367
111965,Cardiidae,Nemocardium,australojaponicum,ter Poorten 2013,suspension,unattached,mobile,infaunal,10,10,72.9383301152419,19.742718516
102041,Cardiidae,Nemocardium,bechei,(Reeve 1847),suspension,unattached,mobile,infaunal,10,10,66,11.93891355
111967,Cardiidae,Nemocardium,enigmaticum,ter Poorten 2013,suspension,unattached,mobile,infaunal,30,30,63.286649461004,10.25669357
111966,Cardiidae,Nemocardium,fulvum,ter Poorten 2013,suspension,unattached,mobile,infaunal,70,70,79.012024401353,13.52833334
111839,Cardiidae,Nemocardium,probatum,(Iredale 1927),suspension,unattached,mobile,infaunal,36,36,79.4858477969506,13.92500019
102129,Cardiidae,Papillicardium,papillosum,(Poli 1791),suspension,unattached,mobile,infaunal,1,1,24.1350367722943,26.516515127
102172,Cardiidae,Papillicardium,turtoni,(Sowerby III 1894),suspension,unattached,mobile,infaunal,8,8,15.6524758424985,16.20874989
102130,Cardiidae,Papyridea,aspersa,(Sowerby 1833),suspension,unattached,mobile,infaunal,0,0,58.8848877047414,17.82958357
112846,Cardiidae,Papyridea,clenchi,ter Poorten 2019,suspension,unattached,mobile,infaunal,30,30,37.4466286867056,13.7488947
102134,Cardiidae,Papyridea,crockeri,Strong & Hertlein 1937,suspension,unattached,mobile,infaunal,30,30,57.4456264653803,16.03421359
112847,Cardiidae,Papyridea,curvicostata,ter Poorten 2019,suspension,unattached,mobile,infaunal,7,7,56.1248608016091,9.74785622
110595,Cardiidae,Papyridea,hiulca,(Reeve 1845),suspension,unattached,mobile,infaunal,0,0,59.1607978309962,13.10606791
105428,Cardiidae,Papyridea,lata,(Born 1778),suspension,unattached,mobile,infaunal,4,4,39.9749921826134,19.08009618
102137,Cardiidae,Papyridea,semisulcata,(Gray 1825),suspension,unattached,mobile,infaunal,0,0,14.6969384566991,16.83244032
102138,Cardiidae,Papyridea,soleniformis,(Bruguiere 1789),suspension,unattached,mobile,infaunal,0.3,0.3,54.2756851638006,19.91667863
105130,Cardiidae,Parvicardium,carrozzai,van Aartsen & Goud 2001,suspension,unattached,mobile,infaunal,29,29,10,22.861666644
102164,Cardiidae,Parvicardium,exiguum,(Gmelin 1791),suspension,unattached,mobile,infaunal,0,0,19.0787840283389,30.547952356
112887,Cardiidae,Parvicardium,hauniense,(Petersen & Russell 1971),suspension,unattached,mobile,infaunal,0,0,8.09938269252663,19.595869537
102165,Cardiidae,Parvicardium,minimum,(Philippi 1836),suspension,unattached,mobile,infaunal,4,4,12,30.547952356
102167,Cardiidae,Parvicardium,pinnulatum,(Conrad 1831),suspension,unattached,mobile,infaunal,1,1,17.4441967427566,30.272270659
102169,Cardiidae,Parvicardium,scabrum,(Philippi 1844),suspension,unattached,mobile,infaunal,1,1,17.4928556845359,30.547952356
102170,Cardiidae,Parvicardium,scriptum,"(Bucquoy, Dautzenberg & Dollfus 1892)",suspension,unattached,mobile,infaunal,1,1,10.7888831674089,22.861666644
105141,Cardiidae,Parvicardium,trapezium,Cecalupo & Quadri 1996,suspension,unattached,mobile,infaunal,1.5,1.5,3.13049516849971,14.105577
102173,Cardiidae,Parvicardium,vroomi,van Aartsen et al. 1984,suspension,unattached,mobile,infaunal,3,3,4.89897948556636,8.17116163
103424,Cardiidae,Persikima,derasa,(Roeding 1798),non_suspension,unattached,immobile,epifaunal,1.6,1.6,468.533349933599,14.35022024
103391,Cardiidae,Phlogocardia,belcheri,(Broderip & Sowerby I 1829),suspension,unattached,mobile,infaunal,14,14,51.8297212031861,16.17446967
112880,Cardiidae,Pratulum,occidentale,Poutiers in ter Poorten et al. 2017,suspension,unattached,mobile,infaunal,20,20,12.0498962651137,13.02853361
102042,Cardiidae,Pratulum,pulchellum,(Gray 1843),suspension,unattached,mobile,infaunal,18,18,27.459060435492,14.513740292
102043,Cardiidae,Pratulum,thetidis,(Hedley 1902),suspension,unattached,mobile,infaunal,8,8,17.4413302244984,18.105999963
100588,Cardiidae,Procardium,indicum,(Lamarck 1819),suspension,unattached,mobile,infaunal,20,20,105.290075505719,22.861666644
105372,Cardiidae,Pseudofulvia,arago,Vidal & Kirkendale 2007,suspension,unattached,mobile,infaunal,100,100,25.0818659592942,4.44628776
105371,Cardiidae,Pseudofulvia,caledonica,Vidal & Kirkendale 2007,suspension,unattached,mobile,infaunal,3,3,12.7334205930692,23.38757563
101217,Cardiidae,Pseudofulvia,lineonotata,(Vidal 1994),suspension,unattached,mobile,infaunal,4,4,15.3720525630119,17.31007525
101553,Cardiidae,Pseudofulvia,lobulatum,(Deshayes 1855),suspension,unattached,mobile,infaunal,2,2,32.9393381840012,15.15610201
102693,Cardiidae,Serripes,groenlandicus,(Mohr 1786),suspension,unattached,mobile,infaunal,1,1,120.124934963562,28.97249998
102694,Cardiidae,Serripes,laperousii,(Deshayes 1839),suspension,unattached,mobile,infaunal,2,2,131.635861375235,27.441866378
103392,Cardiidae,Trachycardium,consors,(Sowerby 1833),suspension,unattached,mobile,infaunal,0,0,85.7183177623079,16.65583349
103393,Cardiidae,Trachycardium,egmontianum,(Shuttleworth 1856),suspension,unattached,mobile,infaunal,0,0,87.5184551966041,19.43923825
103394,Cardiidae,Trachycardium,isocardia,(Linnaeus 1758),suspension,unattached,mobile,infaunal,1,1,100.26464980241,17.72206152
103426,Cardiidae,Tridacna,gigas,(Linnaeus 1758),non_suspension,attached,immobile,epifaunal,3,3,1067.63289570901,18.83936288
111669,Cardiidae,Tridacna,mbalavuana,Ladd 1934,non_suspension,attached,immobile,epifaunal,14,14,421.034440396507,6.40745448
106013,Cardiidae,Trifaricardium,morrisoni,ter Poorten & Huber 2007,suspension,unattached,mobile,infaunal,154,154,11.7995762635783,4.74090913
102045,Cardiidae,Trifaricardium,nomurai,Kuroda & Habe 1951,suspension,unattached,mobile,infaunal,50,50,22.3776674387658,20.604193557
103428,Cardiidae,Trigoniocardia,antillarum,(d'Orbigny 1853),suspension,unattached,mobile,epifaunal,5,5,12.8996123972777,10.5928948
103429,Cardiidae,Trigoniocardia,granifera,"	(Broderip & Sowerby I 1829)",suspension,unattached,mobile,epifaunal,0,0,17.4928556845359,16.65583349
103465,Cardiidae,Vasticardium,angulatum,(Lamarck 1819),suspension,unattached,mobile,infaunal,0,0,102.364544643153,16.80157899
103466,Cardiidae,Vasticardium,assimile,(Reeve 1844),suspension,unattached,mobile,infaunal,1,1,63.7385283796229,18.24122648
112149,Cardiidae,Vasticardium,berschaueri,Thach 2014,suspension,unattached,mobile,infaunal,1,1,104.815838497815,13.23210396
111959,Cardiidae,Vasticardium,compunctum,Kira 1959,suspension,unattached,mobile,infaunal,2,2,52.0076917388188,12.07712284
112024,Cardiidae,Vasticardium,coralense,(Vidal 1993),suspension,unattached,mobile,infaunal,0,0,97.1339281610705,5.34911119
105085,Cardiidae,Vasticardium,dupuchense,(Reeve 1845),suspension,unattached,mobile,infaunal,0,0,66.62131790951,10.44277816
103467,Cardiidae,Vasticardium,elongatum elongatum,(Bruguiere 1789),suspension,unattached,mobile,infaunal,9,9,127.008661121988,10.8087798
105151,Cardiidae,Vasticardium,enode,(Sowerby II 1840),suspension,unattached,mobile,infaunal,0,0,128.2084240602,10.54035522
102031,Cardiidae,Vasticardium,fidele,(Vidal 1992),suspension,unattached,mobile,infaunal,15,15,65.9151727601468,8.22297879
103469,Cardiidae,Vasticardium,flavum,(Linnaeus 1758),suspension,unattached,mobile,infaunal,2,2,69.9356847396235,10.97763304
111497,Cardiidae,Vasticardium,fultoni,"(Sowerby III, 1916)",suspension,unattached,mobile,infaunal,0,0,37.6570046604878,10.56673169
111762,Cardiidae,Vasticardium,hawaiiensis,"(Dall, Bartsch & Rehder 1938)",suspension,unattached,mobile,infaunal,0,0,81.7498623852053,3.59198342
112104,Cardiidae,Vasticardium,hyllebergi,Thach 2014,suspension,unattached,mobile,infaunal,1,1,78.9138771066281,5.61027768
112025,Cardiidae,Vasticardium,indioceanum,(Vidal 1993),suspension,unattached,mobile,infaunal,0,0,95.0115782418122,10.1888309
111760,Cardiidae,Vasticardium,insulare,Vidal 1997,suspension,unattached,mobile,infaunal,2,2,88.6160256387071,9.77548922
103470,Cardiidae,Vasticardium,lacunosum,(Reeve 1845),suspension,unattached,mobile,infaunal,0,0,54.8452368032084,20.27306019
103471,Cardiidae,Vasticardium,luteomarginatum,(Voskuil & Onvervagt 1991),suspension,unattached,mobile,infaunal,15,15,88.034084308295,8.73389537
111761,Cardiidae,Vasticardium,marerubrum,(Voskuil & Onverwagt 1991),suspension,unattached,mobile,infaunal,1,1,84.0642611339682,11.96375041
111488,Cardiidae,Vasticardium,mendanaense,(Sowerby III 1897),suspension,unattached,mobile,infaunal,10,10,59.7385972383015,1.28599076
101218,Cardiidae,Vasticardium,mindanense,(Reeve 1844),suspension,unattached,mobile,infaunal,5,5,48.9101216518626,11.53950021
113042,Cardiidae,Vasticardium,neokenyanum,Hylleberg 2015,suspension,unattached,mobile,infaunal,5,5,76.9207384259928,7.22786793
112445,Cardiidae,Vasticardium,ngai,Thach 2016,suspension,unattached,mobile,infaunal,15,15,41.3804301572615,11.42761724
112026,Cardiidae,Vasticardium,okinawaense,(Kuroda 1960),suspension,unattached,mobile,infaunal,0,0,108.337435819757,19.993833527
103472,Cardiidae,Vasticardium,orbita,(Broderip & Sowerby 1833),suspension,unattached,mobile,infaunal,8,8,108.627804912002,7.97792924
103474,Cardiidae,Vasticardium,papuanum,Vidal 1996,suspension,unattached,mobile,infaunal,5,5,100.214769370587,11.78905509
103475,Cardiidae,Vasticardium,pectiniforme,(Born 1780),suspension,unattached,mobile,infaunal,0,0,70.4471433061696,23.38757563
100840,Cardiidae,Vasticardium,philippinense,(Hedley 1899),suspension,unattached,mobile,infaunal,5,5,106.130108828739,18.83936288
103476,Cardiidae,Vasticardium,rhegminum,(Oliver & Chesney 1997),suspension,unattached,mobile,infaunal,0,0,54.5724289362312,8.59017381
103477,Cardiidae,Vasticardium,rubicundum,(Reeve 1845),suspension,unattached,mobile,infaunal,2,2,56.0107132609468,10.86587304
112881,Cardiidae,Vasticardium,serricostatum,"(Melvill &
Standen 1899)",suspension,unattached,mobile,infaunal,5,5,76.2627038597505,7.48066126
103478,Cardiidae,Vasticardium,sewelli,(Prashad 1932),suspension,unattached,mobile,infaunal,10,10,64.4173889567095,11.64120938
105154,Cardiidae,Vasticardium,subrugosum,(Sowerby 1839),suspension,unattached,mobile,infaunal,0,0,69.0912440183269,27.097778372
113040,Cardiidae,Vasticardium,terpoorteni,Hylleberg 2015,suspension,unattached,mobile,infaunal,3,3,61.9063809312093,5.9476191
103479,Cardiidae,Vasticardium,thomassini,Vidal 1998,suspension,unattached,mobile,infaunal,12,12,32.5345969699949,9.77548922
103480,Cardiidae,Vasticardium,vertebratum,(Jonas 1844),suspension,unattached,mobile,infaunal,8,8,88.3566635857194,18.92333346
111486,Cardiidae,Vasticardium,wilsoni,(Voskuil & Onverwagt 1991),suspension,unattached,mobile,infaunal,0,0,93.9255023941847,11.66106073
103515,Cardiidae,Vepricardium,asiaticum,(Bruguiere 1789),suspension,unattached,mobile,infaunal,5,5,57.8968911082452,19.90297842
103516,Cardiidae,Vepricardium,burnupi,(Sowerby III 1897),suspension,unattached,mobile,infaunal,30,30,46.9359137548211,13.24969375
103517,Cardiidae,Vepricardium,coronatum,(Schroeter 1786),suspension,unattached,mobile,infaunal,0,0,46.9382573174591,19.62972707
103518,Cardiidae,Vepricardium,incarnatum,(Reeve 1844),suspension,unattached,mobile,infaunal,2,2,63.2455532033676,7.88372666
103519,Cardiidae,Vepricardium,multispinosum,"(Sowerby II, 1839)",suspension,unattached,mobile,infaunal,10,10,77.4596669241483,16.83583347
103520,Cardiidae,Vepricardium,rubrohamatum,Voskuil & Onverwagt 1988,suspension,unattached,mobile,infaunal,18,18,53.6488583289524,6.50235705
103521,Cardiidae,Vepricardium,sinense,"(Sowerby II, 1839)",suspension,unattached,mobile,infaunal,3,3,54.799635035281,19.73384628
105115,Cardiidae,Vepricardium,vidali,Ter Poorten & Dekker 2002,suspension,unattached,mobile,infaunal,NA,NA,54.6985374575957,11.05890882
102695,Cardiidae,Yagudinella,notabilis,"(Sowerby III, 1915)",suspension,unattached,mobile,infaunal,50,50,93.8765146349181,28.341534072
111873,Carditidae,Akardita,monodi,(Nickles 1953),suspension,unattached,mobile,infaunal,50,50,17.8009831189179,8.79294061
100594,Carditidae,Arcturellina,abyssicola,(Hinds 1843),suspension,unattached,mobile,infaunal,183,183,18.4390889145858,11.53950021
112717,Carditidae,Arcturellina,confrerta,(E.A. Smith 1906),suspension,unattached,mobile,infaunal,75,75,22.6246546934975,3.6768316
112716,Carditidae,Arcturellina,elegantula,(Deshayes 1854),suspension,unattached,mobile,infaunal,40,40,13.4476763792114,7.24372118
110770,Carditidae,Arcturellina,pelseneeri,(Prashad 1932),suspension,unattached,mobile,infaunal,73,73,14.247806848775,7.88558495
111817,Carditidae,Arcturellina,pulcherrima,(Sowerby III 1904),suspension,unattached,mobile,infaunal,70,70,11,7.72632459
100425,Carditidae,Austrocardiella,isosceles,(Cotton 1930),suspension,unattached,mobile,infaunal,52,52,1.03295692068934,10.03532302
100429,Carditidae,Austrocardiella,pouli,Middelfart 2002,suspension,unattached,mobile,infaunal,40,40,0.931987124374581,7.68769213
100739,Carditidae,Austrocardiella,trifoliata,(Hedley 1906),suspension,unattached,mobile,infaunal,4,4,1.37237021244269,18.976903573
100416,Carditidae,Bathycardita,raouli,(Angas 1872),suspension,unattached,mobile,infaunal,73,73,35.4400902933387,11.995567828
100417,Carditidae,Beguina,gubernaculum,(Reeve 1843),suspension,attached,immobile,epifaunal,0,0,27.1108834234519,20.31424225
100419,Carditidae,Beguina,semiorbiculata,(Linnaeus 1758),suspension,attached,immobile,epifaunal,3,3,78.6765530510838,18.05192038
110672,Carditidae,Benthocardiella,burtonae,Middelfart 2002,suspension,unattached,mobile,infaunal,3,3,1.42,10.66277058
110673,Carditidae,Benthocardiella,darwinensis,Middelfart 2002,suspension,unattached,mobile,infaunal,NA,5,1.12178429299041,6.29661194
113051,Carditidae,Benthocardiella,finisterra,Güller & Zelaya 2022,suspension,unattached,mobile,infaunal,2,2,1.17473401244707,3.962370195
100424,Carditidae,Benthocardiella,hamatadens,Powell 1930,suspension,unattached,mobile,infaunal,11,11,0.899944442729661,12.106406823
112898,Carditidae,Benthocardiella,io,(Bartsch 1915),suspension,unattached,mobile,infaunal,NA,5,2.4454038521275,4.86632922
113050,Carditidae,Benthocardiella,ituartei,Güller & Zelaya 2022,suspension,unattached,mobile,infaunal,30,30,0.614979674460872,6.140170145
111939,Carditidae,Benthocardiella,obliquata chathamensis,Powell 1933,suspension,unattached,mobile,infaunal,11,11,1.01734949746879,5.33983609
100426,Carditidae,Benthocardiella,obliquata obliquata,Powell 1930,suspension,unattached,mobile,infaunal,11,11,0.920869154657707,12.106406823
100427,Carditidae,Benthocardiella,orbicula,Powell 1930,suspension,unattached,mobile,infaunal,11,11,1.04995237987253,12.106406823
100428,Carditidae,Benthocardiella,pusilla,Powell 1930,suspension,unattached,mobile,infaunal,18,18,0.8,12.106406823
106403,Carditidae,Benthocardiella,rakiura,Powell 1939,suspension,unattached,mobile,infaunal,NA,NA,1.17473401244707,3.01839692
111940,Carditidae,Benthocardiella,striatula,Powell 1931,suspension,unattached,mobile,infaunal,155,155,0.549909083394701,4.29887698
100507,Carditidae,Cardiocardita,ajar,(Bruguière 1792),suspension,unattached,mobile,infaunal,1,1,37.9473319220206,12.43967933
100509,Carditidae,Cardiocardita,gabonensis,von Cosel 1995,suspension,unattached,mobile,infaunal,2,2,24.7943541960665,9.44298247
100510,Carditidae,Cardiocardita,lacunosa,(Reeve 1843),suspension,unattached,mobile,infaunal,11,11,19.9749843554382,13.19842904
100511,Carditidae,Cardiocardita,obesa,von Cosel 1995,suspension,unattached,mobile,infaunal,18,18,23.6926148831234,8.3112495
100576,Carditidae,Cardiocardita,tankervillii,(Wood 1828),suspension,unattached,mobile,infaunal,2,2,56.4800849857718,11.5963716
100512,Carditidae,Cardita,aoteana,Finlay 1927,suspension,attached,immobile,epifaunal,0,0,30.0873727666608,14.513740292
100513,Carditidae,Cardita,aviculina,Lamarck 1819,suspension,attached,immobile,epifaunal,0,0,20.899760764181,16.57552616
100515,Carditidae,Cardita,caliculaeformis,Deshayes in Maillard 1863,suspension,attached,immobile,epifaunal,1,1,27.8280434094817,13.52260961
100516,Carditidae,Cardita,calyculata,(Linnaeus 1758),suspension,attached,immobile,epifaunal,0,0,24.4948974278318,22.861666644
112731,Carditidae,Cardita,excisa,Philippi 1847,suspension,attached,immobile,epifaunal,3,3,10.1980390271856,3.43599318
100521,Carditidae,Cardita,ffinchi,(Melvill 1898),suspension,attached,immobile,epifaunal,18,18,53.3221342408572,20.31424225
112254,Carditidae,Cardita,hawaiensis,"(Dall, Bartsch & Rehder 1938)",suspension,attached,immobile,epifaunal,9,9,25.1266790483741,3.59198342
101312,Carditidae,Cardita,kyushuensis,(Okutani 1963),suspension,attached,immobile,epifaunal,7,7,23.3216637485408,28.698333221
100522,Carditidae,Cardita,leana,Dunker 1860,suspension,attached,immobile,epifaunal,0,0,25.8340860105404,28.300978407
100524,Carditidae,Cardita,muricata,Sowerby 1833,suspension,attached,immobile,epifaunal,0,0,25.3791252804347,19.64053477
112255,Carditidae,Cardita,n. sp. 1 of Huber 2010a,Huber 2010,suspension,attached,immobile,epifaunal,5,5,12.2474487139159,24.634772374
112130,Carditidae,Cardita,n.sp. 2 of Huber 2010a:654,Huber 2010,suspension,attached,immobile,epifaunal,0,0,5.80947501931113,1.3381667
100418,Carditidae,Cardita,pica,Reeve 1843,suspension,attached,immobile,epifaunal,20,20,28.5954541841881,16.02500057
100532,Carditidae,Cardita,variegata,Bruguiere 1792,suspension,attached,immobile,epifaunal,0,0,37.0472671056854,32.627575601
100534,Carditidae,Cardita,vinsoni,Viader 1951,suspension,attached,immobile,epifaunal,10,10,5.88897274573418,4.82453236
100535,Carditidae,Carditamera,affinis,(Sowerby 1833),suspension,unattached,mobile,infaunal,0,0,66.7293039076536,16.44182409
111920,Carditidae,Carditamera,bajaensis,Gonzalez & Giribet 2012,suspension,unattached,mobile,infaunal,0,0,54.5435605731786,16.44182409
100536,Carditidae,Carditamera,contigua,(Dautzenberg 1910),suspension,unattached,mobile,infaunal,2,2,6.22093240599832,12.43967933
100538,Carditidae,Carditamera,gracilis,(Shuttleworth 1856),suspension,unattached,mobile,infaunal,3,3,28.2488937836511,13.5702424
100539,Carditidae,Carditamera,micella,Penna 1971,suspension,unattached,mobile,infaunal,24,24,6.50768776140958,13.6103454
100541,Carditidae,Carditamera,plata,(Ihering 1907),suspension,unattached,mobile,infaunal,0,0,7.34846922834953,19.689058019
100542,Carditidae,Carditamera,radiata,(Sowerby 1833),suspension,unattached,mobile,infaunal,0,0,37.1913968546491,13.48108642
121912,Carditidae,Carditamera,rolani,von Cosel 1995,suspension,unattached,mobile,infaunal,2,2,2.85306852353742,3.4005137
111812,Carditidae,Carditella,capensis,E.A. Smith 1885,suspension,unattached,mobile,infaunal,5,5,5.01746948172084,11.32622366
100543,Carditidae,Carditella,exulata,E.A. Smith 1885,suspension,unattached,mobile,infaunal,74,74,3.3166247903554,15.394692059
105902,Carditidae,Carditella,galapagana,Coan 2003,suspension,unattached,mobile,infaunal,29,29,2.33666428910958,8.94489612
100544,Carditidae,Carditella,hawaiensis,"Dall, Bartsch & Rehder 1938",suspension,unattached,mobile,infaunal,66,66,3.46410161513775,6.32310621
100545,Carditidae,Carditella,iejimensis,Hayami & Kase 1993,suspension,unattached,mobile,infaunal,20,20,3.3,8.71578514
100571,Carditidae,Carditella,laticosta,E.A. Smith 1904,suspension,unattached,mobile,infaunal,20,20,5.80947501931113,11.53663892
105903,Carditidae,Carditella,marieta,Coan 2003,suspension,unattached,mobile,infaunal,7,7,5.00799361021957,8.05812489
111964,Carditidae,Carditella,mawsoni,Dell 1972,suspension,unattached,mobile,infaunal,100,100,6.87386354243376,1.876956522
100546,Carditidae,Carditella,naviformis,(Reeve 1843),suspension,unattached,mobile,infaunal,0,0,6.10532554414586,24.098666609
100549,Carditidae,Carditella,semen,(Reeve 1843),suspension,unattached,mobile,infaunal,0,0,10.0312013238694,12.80689511
112658,Carditidae,Carditella,similis,Thiele & Jaeckel 1931,suspension,unattached,mobile,infaunal,50,50,7.85015923405379,10.49853849
112659,Carditidae,Carditella,subradiata of Jaeckel & Thiele non Tate,Theile & Jaeckel 1931,suspension,unattached,mobile,infaunal,25,25,3.64691650576209,11.69277368
100551,Carditidae,Carditella,subtrigona,Tate 1887,suspension,unattached,mobile,infaunal,31,31,9.48683298050514,9.77644138
100552,Carditidae,Carditella,tegulata,(Reeve 1843),suspension,unattached,mobile,infaunal,4,4,6.48074069840786,17.490000069
100553,Carditidae,Carditella,tridacnula,Oliver & Chesney 1997,suspension,unattached,mobile,infaunal,6,6,2.87228132326901,5.57451631
112660,Carditidae,Carditella,valdiviae,Jaeckel & Thiele 1931,suspension,unattached,mobile,infaunal,80,80,6.70820393249937,10.56049389
100555,Carditidae,Carditella,vincentensis,Verco 1908,suspension,unattached,mobile,infaunal,27,27,3,12.34666685
100556,Carditidae,Carditellona,angasi,(E.A. Smith 1885),suspension,unattached,mobile,infaunal,64,64,6.5,13.33563117
112393,Carditidae,Carditellona,pulchella,(Lynge 1909),suspension,unattached,mobile,infaunal,2,2,2.73861278752583,26.955015094
100558,Carditidae,Carditellona,torresi,(E.A Smith 1885),suspension,unattached,mobile,infaunal,5,5,4.89897948556636,9.48499902
112419,Carditidae,Carditellopsis,concinna,(Melvill 1918),suspension,unattached,mobile,infaunal,NA,5,1.87082869338697,6.52129776
100559,Carditidae,Carditellopsis,elegantula,(Tate & May 1901),suspension,unattached,mobile,infaunal,26,26,4.14728827066554,17.831666763
100560,Carditidae,Carditellopsis,infans,(E.A. Smith 1885),suspension,unattached,mobile,infaunal,NA,5,2.54950975679639,15.74695642
100561,Carditidae,Carditellopsis,martyni,Oliver & Chesney 1997,suspension,unattached,mobile,infaunal,6,6,3.49428104193123,5.57451631
100550,Carditidae,Carditellopsis,shimojiensis,(Hayami & Kase 1993),suspension,unattached,mobile,infaunal,NA,NA,3.24961536185438,6.73627401
100562,Carditidae,Carditellopsis,toneana,(Yokoyama 1922),suspension,unattached,mobile,infaunal,20,20,15.959949874608,26.679502064
100554,Carditidae,Carditellopsis,valida,(Verco 1908),suspension,unattached,mobile,infaunal,40,40,3.7,12.34666685
100564,Carditidae,Cardites,antiquatus,(Linnaeus 1758),suspension,unattached,mobile,infaunal,0,0,38.1916221179462,22.861666644
100565,Carditidae,Cardites,bicolor,(Lamarck 1819),suspension,unattached,mobile,infaunal,6,6,48.442543285835,20.31424225
100566,Carditidae,Cardites,canaliculatus,(Reeve 1843),suspension,unattached,mobile,infaunal,10,10,20.976176963403,5.15493953
112690,Carditidae,Cardites,cooperi,(Mellvill 1909),suspension,unattached,mobile,infaunal,15,15,21.4368841019398,6.56721992
100569,Carditidae,Cardites,crassicostata,(Sowerby I 1825),suspension,unattached,mobile,infaunal,0,0,79.5984296327509,16.68122822
112764,Carditidae,Cardites,cumingii,(Deshayes 1854),suspension,unattached,mobile,infaunal,13,13,38.7089137021436,2.21768332
100537,Carditidae,Cardites,floridana,(Conrad 1838),suspension,unattached,mobile,infaunal,0,0,30.199337741083,15.69852423
100570,Carditidae,Cardites,grayi,(Dall 1903),suspension,unattached,mobile,infaunal,0,0,41.7013189239861,11.5817259
100572,Carditidae,Cardites,laticostata,(Sowerby 1833),suspension,unattached,mobile,infaunal,0,0,56.2316636780382,15.88000044
100573,Carditidae,Cardites,nitida,(Reeve 1843),suspension,unattached,mobile,infaunal,10,10,36.3714173493418,4.64875801
100574,Carditidae,Cardites,ovalis,(Reeve 1843),suspension,unattached,mobile,infaunal,13,13,36.1994475095961,6.20144269
100575,Carditidae,Cardites,rufus,(Deshayes in Laborde & Linant 1834),suspension,unattached,mobile,infaunal,2,2,52.820450584977,16.20928593
100577,Carditidae,Cardites,umbonatus,(Sowerby III 1904),suspension,unattached,mobile,infaunal,20,20,39.7994974842648,11.5963716
100578,Carditidae,Carditopsis,bernardi,(Dall 1903),suspension,unattached,mobile,infaunal,10,10,1.79722007556114,9.90636377
100580,Carditidae,Carditopsis,coxi,(Eames & Wilkins 1957),suspension,unattached,mobile,infaunal,NA,NA,2.0976176963403,14.71298243
100582,Carditidae,Carditopsis,flabellum,(Reeve 1843),suspension,unattached,mobile,infaunal,10,10,3.79473319220206,20.692552429
100583,Carditidae,Carditopsis,gofasi,Salas & von Cosel 1991,suspension,unattached,mobile,infaunal,5,5,3.89871773792359,9.9428258
100584,Carditidae,Carditopsis,majeeda,(Biggs 1973),suspension,unattached,mobile,infaunal,0,0,2.39791576165636,20.31424225
100548,Carditidae,Carditopsis,rugosa,"(Sowerby III, 1892)",suspension,unattached,mobile,infaunal,40,40,8.94427190999916,11.53663892
100585,Carditidae,Carditopsis,smithii,(Dall 1896),suspension,unattached,mobile,infaunal,0,0,2,17.72206152
100595,Carditidae,Centrocardita,aculeata,(Poli 1795),suspension,unattached,mobile,infaunal,32,32,21.6783301939979,22.861666644
100563,Carditidae,Centrocardita,akabana,(Sturany 1899),suspension,unattached,mobile,infaunal,50,50,29.4404483661509,11.18039243
100851,Carditidae,Centrocardita,belcheri,(Deshayes 1854),suspension,unattached,mobile,infaunal,NA,NA,10,2.42652897
111725,Carditidae,Centrocardita,donghaiensis,(Xu 2012),suspension,unattached,mobile,infaunal,100,100,11.6601886777187,11.1469698
101311,Carditidae,Centrocardita,hirasei,(Dall 1918),suspension,unattached,mobile,infaunal,40,40,33.3166624979154,22.218446862
101313,Carditidae,Centrocardita,millegrana,(Nomura & Zinbo 1934),suspension,unattached,mobile,infaunal,50,50,31.306548835667,20.745591367
100641,Carditidae,Centrocardita,n. sp. cf. hirasei,of Lamprell & Whitehead 1992,suspension,unattached,mobile,infaunal,93,93,18.9736659610103,6.29223141
105074,Carditidae,Centrocardita,pileolata,(Oliver & Holmes 2004),suspension,unattached,mobile,infaunal,17,17,3.84480168539289,4.56530997
111723,Carditidae,Centrocardita,pseudocardita,(Poutiers 1981),suspension,unattached,mobile,infaunal,20,20,13.3266649991661,17.0319202
100870,Carditidae,Centrocardita,rosulenta,(Tate 1887),suspension,unattached,mobile,infaunal,18,18,18.3030052177231,21.06885968
101314,Carditidae,Centrocardita,sagamiensis,(Kuroda & Habe 1961),suspension,unattached,mobile,infaunal,60,60,27.8783069787245,19.54606761
102463,Carditidae,Centrocardita,soyoae,(Habe 1958),suspension,unattached,mobile,infaunal,50,50,15.4272486205415,22.143474394
112335,Carditidae,Centrocardita,squamigera,(Deshayes 1832),suspension,unattached,mobile,infaunal,0,0,25.8607811173599,9.97830363
100849,Carditidae,Coanicardita,bailyi,(J. Burch 1944),suspension,unattached,mobile,infaunal,30,30,13.490737563232,13.088254092
100873,Carditidae,Coanicardita,ventricosa,(Gould 1850),suspension,unattached,mobile,infaunal,20,20,25.4558441227157,32.422265115
100711,Carditidae,Condylocardia,ameliae,Salas & von Cosel 1991,suspension,unattached,mobile,infaunal,40,40,1.93390796058137,7.16179486
100712,Carditidae,Condylocardia,angolensis,Salas & von Cosel 1991,suspension,unattached,mobile,infaunal,10,10,2.14476105895272,8.20559791
100713,Carditidae,Condylocardia,boucheti,Salas & von Cosel 1991,suspension,unattached,mobile,infaunal,NA,5,1.3228756555323,7.30900011
100714,Carditidae,Condylocardia,bravensis,Salas & Rolan 1990,suspension,unattached,mobile,infaunal,5,5,1.89736659610103,5.72802754
100715,Carditidae,Condylocardia,carditoides,Salas & Rolan 1990,suspension,unattached,mobile,infaunal,1,1,1.6431676725155,5.72802754
100724,Carditidae,Condylocardia,chathamensis,Powell 1933,suspension,unattached,mobile,infaunal,NA,NA,1.42302494707577,17.123475512
110670,Carditidae,Condylocardia,cometa,Middelfart 2002,suspension,unattached,mobile,infaunal,51,51,1.34499070628759,9.639529663
100718,Carditidae,Condylocardia,digueti,Lamy 1917,suspension,unattached,mobile,infaunal,0,0,2,16.17446967
105805,Carditidae,Condylocardia,elongata,Coan 2003,suspension,unattached,mobile,infaunal,1,1,2.13541565040626,9.31431475
105800,Carditidae,Condylocardia,fernandina,Coan 2003,suspension,unattached,mobile,infaunal,0,0,1.99749843554382,5.16148757
105901,Carditidae,Condylocardia,geigeri,Coan 2003,suspension,unattached,mobile,infaunal,9,9,2,5.33974599
100719,Carditidae,Condylocardia,hippopus,(Morch 1861),suspension,unattached,mobile,infaunal,3,3,2.29782505861521,7.33018533
102634,Carditidae,Condylocardia,isoceles,(Hedley 1909),suspension,unattached,mobile,infaunal,9,9,4,11.2155173
105806,Carditidae,Condylocardia,kaiserae,Coan 2003,suspension,unattached,mobile,infaunal,12,12,2.78388218141501,9.31431475
105804,Carditidae,Condylocardia,koolsae,Coan 2003,suspension,unattached,mobile,infaunal,17,17,1.93390796058137,3.93892553
102569,Carditidae,Condylocardia,limaeformis,Cotton 1930,suspension,unattached,mobile,infaunal,0,0,1.54919333848297,17.123475512
100723,Carditidae,Condylocardia,notoaustralis,Cotton 1930,suspension,unattached,mobile,infaunal,4,4,1.64481001942474,18.105999963
102568,Carditidae,Condylocardia,pectinata,(Tate & May 1900),suspension,unattached,mobile,infaunal,6,6,1.68463645929916,14.866104973
105370,Carditidae,Condylocardia,pectinata chathamensis,Powell 1933,suspension,unattached,mobile,infaunal,32,32,1,5.33983609
100725,Carditidae,Condylocardia,rectangularis,Cotton 1930,suspension,unattached,mobile,infaunal,9,9,2.09711706873984,10.357693593
100727,Carditidae,Condylocardia,sanctipauli,Munier-Chalmas in Bernard 1896,suspension,unattached,mobile,infaunal,NA,NA,1.14490174250894,4.93142855
105879,Carditidae,Condylocardia,sparsa,Coan 2003,suspension,unattached,mobile,infaunal,0,0,2.0976176963403,4.519889
100730,Carditidae,Condylocardia,tridacniformis,Salas & Rolan 1990,suspension,unattached,mobile,infaunal,1,1,2.52586618806302,5.72802754
100731,Carditidae,Condylocardia,verdensis,Salas & Rolan 1990,suspension,unattached,mobile,infaunal,1,1,1.3490737563232,11.07927474
110674,Carditidae,Condylocuna,annieae,Middelfart 2002,suspension,unattached,mobile,infaunal,31,31,1.179618582424,5.32377619
100733,Carditidae,Condylocuna,concentrica,(Bernard 1897),suspension,unattached,mobile,infaunal,18,18,1.04880884817015,14.513740292
103572,Carditidae,Condylocuna,jimbecki,Middelfart 2002,suspension,unattached,mobile,infaunal,0,0,0.989949493661167,5.32377619
102345,Carditidae,Condylocuna,mernoo,(Dell 1952),suspension,unattached,mobile,infaunal,NA,5,1.19582607431014,12.887358372
100737,Carditidae,Condylocuna,projecta,(Hedley 1902),suspension,unattached,mobile,infaunal,0,0,1.20266371026983,20.278500053
100738,Carditidae,Condylocuna,torquata,(Marwick 1928),suspension,unattached,mobile,infaunal,NA,NA,1.6431676725155,5.33983609
103573,Carditidae,Condylocuna,tricosa,Middelfart 2002,suspension,unattached,mobile,infaunal,0,0,0.839047078536121,16.29197539
111815,Carditidae,Coripia,agulhasensis,(Jaeckel & Thiele 1931),suspension,unattached,mobile,infaunal,60,60,5.9791303715507,7.67391622
100754,Carditidae,Coripia,corbis,(Philippi 1836),suspension,unattached,mobile,infaunal,9,9,6.6932802122726,22.861666644
111816,Carditidae,Coripia,elata,(Sowerby III 1892),suspension,unattached,mobile,infaunal,40,40,6.2449979983984,12.87589888
111813,Carditidae,Coripia,fortisculpta,(Barnard 1964),suspension,unattached,mobile,infaunal,30,30,3.39852909359329,5.99921471
102564,Carditidae,Coripia,jozinae,(van Aartsen 1985),suspension,unattached,mobile,infaunal,9,9,7,22.861666644
111814,Carditidae,Coripia,nuculoides,(Barnard 1964),suspension,unattached,mobile,infaunal,27,27,5.24404424085076,6.30373925
103584,Carditidae,Crassacuna,crassisculpta,Middelfart 2002b,suspension,unattached,mobile,infaunal,23,23,2.05363093081498,11.66106073
101867,Carditidae,Crassacuna,praecalva,(Hedley 1909),suspension,unattached,mobile,infaunal,0,0,2.21817492547364,16.83583347
103585,Carditidae,Crassacuna,pusilla,(Lynge 1909),suspension,unattached,mobile,infaunal,9,9,1.95989795652733,8.78054807
100777,Carditidae,Crassicardia,crassidens,(Broderip & Sowerby 1829),suspension,unattached,mobile,infaunal,1,1,43.4741302385683,27.779950648
100856,Carditidae,Crassicardia,crebricostata,(Krause 1885),suspension,unattached,mobile,infaunal,5,5,30.9838667696593,25.727688638
100859,Carditidae,Crassicardia,incisa,(Dall 1903),suspension,unattached,mobile,infaunal,1,1,10.9544511501033,16.584341195
100869,Carditidae,Crassicardia,rjabininae,(Scarlato 1955),suspension,unattached,mobile,infaunal,5,5,29.2916370317536,22.715246192
106447,Carditidae,Cuna,carditelloides,Suter 1911,suspension,unattached,mobile,infaunal,183,183,2.73861278752583,12.887358372
103544,Carditidae,Cuna,compressidens,Powell 1933,suspension,unattached,mobile,infaunal,11,11,1.32476412994918,12.106406823
110635,Carditidae,Cuna,concentrica,Hedley 1902,suspension,unattached,mobile,infaunal,4,4,2.3,20.077091033
102141,Carditidae,Cuna,cuneata,(Laseron 1953),suspension,unattached,mobile,infaunal,4,4,2.43721152139079,6.41223532
103545,Carditidae,Cuna,delta,(Tate & May 1900),suspension,unattached,mobile,infaunal,4,4,2.39165214862028,20.125621153
103577,Carditidae,Cuna,deltoides,Middelfart 2002b,suspension,unattached,mobile,infaunal,30,30,1,5.10708327
103575,Carditidae,Cuna,gambiensis,Nickles1955,suspension,unattached,mobile,infaunal,16,16,3.4,13.69124961
100833,Carditidae,Cuna,iriomotensis,Habe 1992,suspension,unattached,mobile,infaunal,10,10,2.2494443758404,5.99162782
103546,Carditidae,Cuna,laqueus,Finlay 1927,suspension,unattached,mobile,infaunal,27,27,2.6,12.887358372
103578,Carditidae,Cuna,libbyae,Middelfart 2002b,suspension,unattached,mobile,infaunal,115,115,1.84932420089069,14.31359102
103547,Carditidae,Cuna,manawatawhia,Powell 1937,suspension,unattached,mobile,infaunal,92,92,2.7459060435492,12.106406823
103548,Carditidae,Cuna,mayi,Powell 1930,suspension,unattached,mobile,infaunal,18,18,2.01246117974981,12.106406823
103579,Carditidae,Cuna,microconcentrica,Middelfart 2002b,suspension,unattached,mobile,infaunal,NA,NA,1.24899959967968,4.59057239
103580,Carditidae,Cuna,navicula,Middelfart 2002b,suspension,unattached,mobile,infaunal,58,58,1.72336879396141,11.360300813
103581,Carditidae,Cuna,ramus,Middelfart 2002b,suspension,unattached,mobile,infaunal,31,31,2.43721152139079,10.72000014
101869,Carditidae,Cuna,saza,(Laseron 1953),suspension,unattached,mobile,infaunal,4,4,2.24819927942342,15.18024701
100837,Carditidae,Cuna,solida,Cotton 1931,suspension,unattached,mobile,infaunal,4,4,2.0976176963403,8.58499995
103582,Carditidae,Cuna,vitrea,(Laseron 1953),suspension,unattached,mobile,infaunal,15,15,1.29614813968157,13.46500003
103550,Carditidae,Cuna,waikukuensis,Powell 1937,suspension,unattached,mobile,infaunal,29,29,1.79722007556114,12.106406823
110675,Carditidae,Cunanax,compressa,(Hedley & May 1908),suspension,unattached,mobile,infaunal,33,33,9,10.357693593
110676,Carditidae,Cunanax,crassidentata,(Cotton 1930),suspension,unattached,mobile,infaunal,58,58,7.25337852314354,7.05075822
100839,Carditidae,Cunanax,pisum,(Hedley 1908),suspension,unattached,mobile,infaunal,4,4,6.4880274352071,15.34392232
110689,Carditidae,Cunanax,subradiata,(Tate 1889),suspension,unattached,mobile,infaunal,2,2,4.41497451861276,18.75922177
100847,Carditidae,Cyclocardia,astartoides,(Martens 1878),suspension,unattached,mobile,infaunal,18,18,36.2215405525497,7.830267381
100850,Carditidae,Cyclocardia,beebei,(Hertlein 1958),suspension,unattached,mobile,infaunal,23,23,27.2213151776324,11.5817259
100853,Carditidae,Cyclocardia,borealis,(Conrad 1831),suspension,unattached,mobile,infaunal,8,8,40,29.546993169
100874,Carditidae,Cyclocardia,compressa,(Reeve 1843),suspension,unattached,mobile,infaunal,12,12,14.9492474726991,20.199724369
104343,Carditidae,Cyclocardia,gouldii,(Dall 1903),suspension,unattached,mobile,infaunal,155,155,22.1810730128188,20.244408658
100862,Carditidae,Cyclocardia,isaotakii,(Tiba 1972),suspension,unattached,mobile,infaunal,10,10,44.8998886412873,27.579236022
105345,Carditidae,Cyclocardia,kurilensis,Savitzky 1981,suspension,unattached,mobile,infaunal,35,35,23.219603786456,17.548806777
100863,Carditidae,Cyclocardia,moniliata,(Dall 1903),suspension,unattached,mobile,infaunal,106,106,7.9,14.13413954
112356,Carditidae,Cyclocardia,nipponensis,Huber 2010,suspension,unattached,mobile,infaunal,16,16,16.2849623886578,28.973540254
105917,Carditidae,Cyclocardia,novangliae,(Morse 1869),suspension,unattached,mobile,infaunal,18,18,19.2873015219859,24.029231077
100864,Carditidae,Cyclocardia,ovata,(Riabinina 1952),suspension,unattached,mobile,infaunal,18,18,24.454038521275,19.324593148
105416,Carditidae,Cyclocardia,ripensis,Popov & Scarlato 1980,suspension,unattached,mobile,infaunal,146,146,37.4165738677394,14.815053208
102969,Carditidae,Cyclocardia,scarlatoi,Savitzky 1981,suspension,unattached,mobile,infaunal,50,50,20.3113268892015,17.548806777
100875,Carditidae,Cyclocardia,spurca,(Sowerby 1833),suspension,unattached,mobile,infaunal,0,0,28.4604989415154,9.23439395
100871,Carditidae,Cyclocardia,thouarsii,(d'Orbigny 1842),suspension,unattached,mobile,infaunal,102,102,20.1171568567728,7.949391083
106417,Carditidae,Cyclocardia,umnaka,(Willett 1932),suspension,unattached,mobile,infaunal,50,50,10.5470374987482,8.427878784
100872,Carditidae,Cyclocardia,velutina,(E.A. Smith 1881),suspension,unattached,mobile,infaunal,5,5,19.4,25.777249969
112672,Carditidae,Glans,afra,von Cosel & Gofas 2018,suspension,attached,immobile,epifaunal,0,0,21.7944947177034,13.19842904
101309,Carditidae,Glans,carpenteri,(Lamy 1922),suspension,attached,immobile,epifaunal,0,0,11.6189500386223,20.533968328
101310,Carditidae,Glans,dominguensis,(d'Orbigny 1853),suspension,attached,immobile,epifaunal,0,0,6,19.73802633
101315,Carditidae,Glans,trapezia,(Linnaeus 1767),suspension,attached,immobile,epifaunal,0,0,13.6747943311773,22.861666644
100533,Carditidae,Glans,vaughani,(Viader 1951),suspension,attached,immobile,epifaunal,10,10,5,4.71892635
105919,Carditidae,Glyptoactis,wendellwoodringi,Weisbord 1964,suspension,unattached,mobile,infaunal,54,54,9.33380951166243,7.20760924
101402,Carditidae,Goniocuna,dalli,(Vanatta 1904),suspension,unattached,mobile,infaunal,0,0,2.44948974278318,15.38171091
101430,Carditidae,Hamacuna,hamata,(Hedley & May 1908),suspension,unattached,mobile,infaunal,183,183,4.69041575982343,10.858885657
101431,Carditidae,Hamacuna,otagoensis,Powell 1927,suspension,unattached,mobile,infaunal,91,91,1.2913171570145,12.887358372
103574,Carditidae,Isodontocardia,microcardia,Middelfart 2002,suspension,unattached,mobile,infaunal,0,0,1.55479902238199,4.87367527
101522,Carditidae,Jesonia,crassicosta,(Lamarck 1819),suspension,attached,immobile,epifaunal,0,0,72.552463776222,21.06885968
112911,Carditidae,Jesonia,rufescens,(Lamarck 1819),suspension,attached,immobile,epifaunal,0,0,33.203915431768,12.50524945
102459,Carditidae,Kolmeris,marshalli,(Marwick 1924),suspension,unattached,mobile,infaunal,27,27,6.39296488336984,12.887358372
102460,Carditidae,Kolmeris,paucicostata,(Laws 1940),suspension,unattached,mobile,infaunal,27,27,8.1700673191841,12.106406823
101583,Carditidae,Lazariella,regularis,"(Sowerby III, 1913)",suspension,unattached,mobile,infaunal,15,15,22.2261107708929,11.5963716
111726,Carditidae,Megacardita,chinensis,Xu 2011,suspension,unattached,mobile,infaunal,162,162,15.1492574075431,5.99066112
101839,Carditidae,Megacardita,coreensis,(Deshayes 1854),suspension,unattached,mobile,infaunal,20,20,34.6410161513775,27.205999877
101840,Carditidae,Megacardita,ferruginosa,(Adams & Reeve 1850),suspension,unattached,mobile,infaunal,0,0,24.1867732448956,31.201091862
101841,Carditidae,Megacardita,incrassata,(Sowerby 1825),suspension,unattached,mobile,infaunal,0,0,42.573465914816,18.48833338
101842,Carditidae,Megacardita,koreana,Habe & Ito 1965,suspension,unattached,mobile,infaunal,20,20,30.1044847157363,24.66397049
100525,Carditidae,Megacardita,nodulosa,(Lamarck 1819),suspension,unattached,mobile,infaunal,0,0,75.545218247087,28.876333417
100527,Carditidae,Megacardita,preissii,(Menke 1843),suspension,unattached,mobile,infaunal,0,0,25.0399680510978,13.92500019
101870,Carditidae,Milneria,kelseyi,Dall 1916,suspension,attached,immobile,epifaunal,0,0,13.6821051011897,21.952706892
101871,Carditidae,Milneria,minima,(Dall 1871),suspension,attached,immobile,epifaunal,0,0,6.32455532033676,16.300378925
103586,Carditidae,Mimicuna,cuniformis,Middelfart 2002b,suspension,unattached,mobile,infaunal,31,31,0.963742704252541,5.32377619
111945,Carditidae,Miodontiscus,annakensis,(Oinomikado 1939),suspension,unattached,mobile,infaunal,7,7,18.5472369909914,22.630090892
101892,Carditidae,Miodontiscus,prolongatus,(Carpenter 1864),suspension,unattached,mobile,infaunal,5,5,11.4891252930761,25.334367462
102086,Carditidae,Ovacuna,atkinsoni,(Tenison-Woods 1877),suspension,unattached,mobile,infaunal,4,4,2.94642155843321,20.077091033
100846,Carditidae,Pleuromeris,armilla,(Dall 1903),suspension,unattached,mobile,infaunal,44,44,21.2132034355964,16.93115972
111963,Carditidae,Pleuromeris,benthicola,Powell 1937,suspension,unattached,mobile,infaunal,30,30,2.4454038521275,6.64411455
100852,Carditidae,Pleuromeris,bimaculata,(Deshayes 1852),suspension,unattached,mobile,infaunal,8,8,14.2828568570857,12.47537917
102458,Carditidae,Pleuromeris,latiuscula,Powell 1937,suspension,unattached,mobile,infaunal,25,25,2.2,7.60853332
102456,Carditidae,Pleuromeris,micella,Olsson & McGinty 1958,suspension,unattached,mobile,infaunal,NA,5,1.54919333848297,1.8682075
102461,Carditidae,Pleuromeris,pygmaea,(Kuroda & Habe 1951),suspension,unattached,mobile,infaunal,0,0,7,20.492997641
102464,Carditidae,Pleuromeris,tridentata,(Say 1826),suspension,unattached,mobile,infaunal,1,1,7.48331477354788,27.653599681
102465,Carditidae,Pleuromeris,zelandica,(Deshayes 1854),suspension,unattached,mobile,infaunal,9,9,9.74679434480896,14.513740292
100514,Carditidae,Powellina,brookesi,(Finlay 1927),suspension,attached,immobile,infaunal,0,0,10.2469507659596,12.106406823
102481,Carditidae,Propecuna,obliquissima,(Tate 1886),suspension,unattached,mobile,infaunal,2,2,4.37835585579793,19.866999853
102563,Carditidae,Pteromeris,columnaria,Hedley & May 1908,suspension,unattached,mobile,infaunal,73,73,7.48331477354788,7.31949613
102457,Carditidae,Pteromeris,guanica,(Olsson 1961),suspension,unattached,mobile,infaunal,NA,NA,3.24961536185438,5.16064191
102565,Carditidae,Pteromeris,perplana,(Conrad 1841),suspension,unattached,mobile,infaunal,2,2,6.48074069840786,19.52534378
102462,Carditidae,Pteromeris,sanmartini, (Klappenbach 1970),suspension,unattached,mobile,infaunal,0,0,3.46410161513775,14.85118882
100271,Carditidae,Purpurocardia,amabilis,(Deshayes 1854),suspension,unattached,mobile,infaunal,18,18,19.3390796058137,16.57552616
100854,Carditidae,Purpurocardia,cavatica,(Hedley 1902),suspension,unattached,mobile,infaunal,73,73,15.4272486205415,17.831666763
100866,Carditidae,Purpurocardia,purpurata,(Deshayes 1854),suspension,unattached,mobile,infaunal,1,1,48.4767985741633,14.513740292
100867,Carditidae,Purpurocardia,quoyi,(Deshayes 1852),suspension,unattached,mobile,infaunal,40,40,39.4588393138977,22.045270767
100868,Carditidae,Purpurocardia,reinga,(Powell 1933),suspension,unattached,mobile,infaunal,NA,NA,29.8496231131986,12.106406823
102580,Carditidae,Saltocuna,particula,(Hedley 1902),suspension,unattached,mobile,infaunal,46,46,2.14476105895272,10.64931825
102920,Carditidae,Strophocardia,megastropha,(Gray 1825),suspension,unattached,mobile,infaunal,0,0,55.4797260267208,16.44182409
103317,Carditidae,Thecalia,concamerata,(Gmelin 1791),suspension,attached,immobile,infaunal,0,0,17.1464281994822,15.78159995
103531,Carditidae,Vimentum,calva,(Tate 1887),suspension,unattached,mobile,infaunal,NA,NA,4.69041575982343,16.30119296
103533,Carditidae,Vimentum,dilectum,(E.A. Smith 1885),suspension,unattached,mobile,infaunal,13,13,9.48683298050514,13.22695985
103534,Carditidae,Vimentum,insignis,(E. A. Smith 1885),suspension,unattached,mobile,infaunal,51,51,3.5,3.43527272
103535,Carditidae,Vimentum,jaffaensis,Cotton & Godfrey 1938,suspension,unattached,mobile,infaunal,27,27,2.24499443206436,11.41976611
100113,Carditidae,Warrana,besnardi,(Klappenbach 1963),suspension,unattached,mobile,infaunal,10,10,1.53674981698388,18.31326844
103587,Carditidae,Warrana,brucemarshalli,Middelfart 2002,suspension,unattached,mobile,infaunal,8,8,2.09978570335165,5.45096959
110680,Carditidae,Warrana,cessens,(Verco 1908),suspension,unattached,mobile,infaunal,37,37,1.5499677415998,11.32333342
110681,Carditidae,Warrana,comma,(Verco 1908),suspension,unattached,mobile,infaunal,2,2,3.09838667696593,12.0393589
103556,Carditidae,Warrana,dielasma,Laseron 1953,suspension,unattached,mobile,infaunal,4,4,1.5499677415998,14.5701116
110682,Carditidae,Warrana,edentata,(Verco 1908),suspension,unattached,mobile,infaunal,9,9,1.38481045634412,20.077091033
110683,Carditidae,Warrana,flava,(Hedley 1906),suspension,unattached,mobile,infaunal,31,31,1.86445702551708,8.26705963
103588,Carditidae,Warrana,flexuosa,Middelfart 2002,suspension,unattached,mobile,infaunal,68,68,1.68961534083945,7.17562124
103571,Carditidae,Warrana,gemmula,(Turton 1932),suspension,unattached,mobile,infaunal,55,55,2.23606797749979,7.10028512
103589,Carditidae,Warrana,lunata,Middelfart 2002,suspension,unattached,mobile,infaunal,8,8,2.67106720244924,21.06885968
110684,Carditidae,Warrana,minuta,(Laseron 1953),suspension,unattached,mobile,infaunal,4,4,0.999199679743744,14.31359102
103590,Carditidae,Warrana,pauciconcentrica,Middelfart 2002,suspension,unattached,mobile,infaunal,40,40,0.96917490681507,10.70562234
103591,Carditidae,Warrana,pellucida,Middelfart 2002,suspension,unattached,mobile,infaunal,0,0,1.89784087847217,14.46733341
103592,Carditidae,Warrana,punicea,Middelfart 2002,suspension,unattached,mobile,infaunal,8,8,1.37171425595858,15.18234355
103593,Carditidae,Warrana,triangulata,Middelfart 2002,suspension,unattached,mobile,infaunal,23,23,0.904986187739901,8.17524597
103594,Carditidae,Warrana,westralis,Middelfart 2002,suspension,unattached,mobile,infaunal,44,44,1.20896650077659,7.47479618
103596,Carditidae,Westaustrocuna,albanyensis,Middelfart 2002,suspension,unattached,mobile,infaunal,52,52,0.933541643420367,7.873514
103595,Carditidae,Westaustrocuna,keegani,Middelfart 2002,suspension,unattached,mobile,infaunal,3,3,1.07833204533669,15.83159087
106281,Chamidae,Amphichama,argentata,(Kuroda & Habe in Habe 1958),suspension,attached,immobile,epifaunal,20,20,16.5408585025083,28.698333221
106282,Chamidae,Amphichama,scutulina,(Poutiers 1981),suspension,attached,immobile,epifaunal,20,20,15.3362316101447,15.63100013
106285,Chamidae,Arcinella,arcinella,(Linnaeus 1767),suspension,attached,immobile,epifaunal,2,2,49.9099188538711,17.72206152
106286,Chamidae,Arcinella,brasiliana,(Nicol 1953),suspension,attached,immobile,epifaunal,6,6,57.8619045659577,17.85315087
106287,Chamidae,Arcinella,californica,Dall 1903,suspension,attached,immobile,epifaunal,10,10,70.5705320937854,17.19340653
106283,Chamidae,Arcinella,cornuta,Conrad 1866,suspension,attached,immobile,epifaunal,6,6,46.3368104210896,19.73802633
106337,Chamidae,Carditochama,mindoroensis,Matsukuma 1996,suspension,attached,immobile,epifaunal,92,92,10.3,3.13064173
106289,Chamidae,Chama,ambigua,Lischke 1870,suspension,attached,immobile,epifaunal,0,0,79.1132100220943,30.949522155
106290,Chamidae,Chama,arcana,Bernard 1976,suspension,attached,immobile,epifaunal,0,0,77.6642775025945,22.745402531
106291,Chamidae,Chama,asperella,Lamarck 1819,suspension,attached,immobile,epifaunal,0,0,107.828567643273,35.476609712
106294,Chamidae,Chama,buddiana,C.B. Adams 1852,suspension,attached,immobile,epifaunal,0,0,134.768319719436,16.44182409
106295,Chamidae,Chama,cerinorhodon,Hamada & Matsukuma 2005,suspension,attached,immobile,epifaunal,0,0,25.2428207615552,26.521526854
106296,Chamidae,Chama,cerion,"Matsukuma, Paulay & Hamada 2003",suspension,attached,immobile,epifaunal,0,0,22.289010745208,12.11485522
112423,Chamidae,Chama,chinensis,Chenu 1846,suspension,attached,immobile,epifaunal,0,0,115.749730021283,32.627575601
111890,Chamidae,Chama,circinata,Monterosato 1878,suspension,attached,immobile,epifaunal,45,45,40.2808887687449,22.861666644
106297,Chamidae,Chama,congregata,Conrad 1833,suspension,attached,immobile,epifaunal,0,0,33.466401061363,19.08009618
111929,Chamidae,Chama,coralloides,Reeve 1846,suspension,attached,immobile,epifaunal,0,0,89.4427190999916,16.44182409
106333,Chamidae,Chama,crenulata,Lamarck 1819,suspension,attached,immobile,epifaunal,0,0,52.4404424085076,13.19842904
111769,Chamidae,Chama,croceata,Lamarck 1819,suspension,attached,immobile,epifaunal,0,0,112.561094522042,32.627575601
106300,Chamidae,Chama,dunkeri,Lischke 1870,suspension,attached,immobile,epifaunal,1,1,70.4130669691358,31.906857202
106301,Chamidae,Chama,echinata,Broderip 1835,suspension,attached,immobile,epifaunal,0,0,38.8844441904472,17.19340653
106302,Chamidae,Chama,florida,Lamarck 1819,suspension,attached,immobile,epifaunal,0,0,18.9736659610103,13.7488947
106331,Chamidae,Chama,frondosa,Broderip 1835,suspension,attached,immobile,epifaunal,0,0,82.1583836257749,16.44182409
106304,Chamidae,Chama,gryphoides,Linnaeus 1758,suspension,attached,immobile,epifaunal,0,0,34.7108052341054,28.473881196
111930,Chamidae,Chama,hicksi,Valentich-Scott & Coan 2010,suspension,attached,immobile,epifaunal,12,12,88.994381845148,15.78059592
111792,Chamidae,Chama,inermis,Dall 1871,suspension,attached,immobile,epifaunal,0,0,74.0445811656734,15.88000044
106305,Chamidae,Chama,inezae,(Bayer 1943),suspension,attached,immobile,epifaunal,18,18,24.4948974278318,8.15091651
106326,Chamidae,Chama,isaacooki,"Healy, Lamprell & Stanisic 1993",suspension,attached,immobile,epifaunal,10,10,32.4037034920393,11.35772777
106307,Chamidae,Chama,lactuca,Dall 1886,suspension,attached,immobile,epifaunal,18,18,19.3649167310371,19.43923825
106308,Chamidae,Chama,lazarus,Linnaeus 1758,suspension,attached,immobile,epifaunal,0,0,159.367499823521,32.627575601
106309,Chamidae,Chama,limbula,Lamarck 1819,suspension,attached,immobile,epifaunal,0,0,85.9313679630436,32.882575626
106310,Chamidae,Chama,linguafelis,Reeve 1847,suspension,attached,immobile,epifaunal,NA,5,28.4604989415154,9.41253842
106311,Chamidae,Chama,lobata,Broderip 1835,suspension,attached,immobile,epifaunal,10,10,45.4312667664022,18.63217951
106312,Chamidae,Chama,macerophylla,Gmelin 1791,suspension,attached,immobile,epifaunal,0,0,84.3208159353312,19.08009618
106313,Chamidae,Chama,multisquamosa,Reeve 1846,suspension,attached,immobile,epifaunal,NA,NA,45.9891291502677,6.78297826
106314,Chamidae,Chama,pacifica,Broderip 1835,suspension,attached,immobile,epifaunal,0,0,82.1583836257749,35.476609712
106315,Chamidae,Chama,pellucida,Broderip 1835,suspension,attached,immobile,epifaunal,0,0,67.4536878161602,12.44407904
106350,Chamidae,Chama,pulchella,Reeve 1846,suspension,attached,immobile,epifaunal,0,0,47.3286382647969,13.6316665
106319,Chamidae,Chama,rubropicta,Bartsch & Rehder 1939,suspension,attached,immobile,epifaunal,0,0,25.6476119746069,3.85028042
106349,Chamidae,Chama,ruderalis,Lamarck 1819,suspension,attached,immobile,epifaunal,0,0,34.0881210981186,27.673133382
106321,Chamidae,Chama,sarda,Reeve 1847,suspension,attached,immobile,epifaunal,0,0,34.322004603461,15.94622821
106329,Chamidae,Chama,sordida,Broderip 1835,suspension,attached,immobile,epifaunal,15,15,31.1897419033887,16.44182409
106324,Chamidae,Chama,speruvianinuosa,Broderip 1835,suspension,attached,immobile,epifaunal,0,0,74.5257002650763,17.72206152
106336,Chamidae,Chama,tinctoria,Bernard 1976,suspension,attached,immobile,epifaunal,15,15,36.0887794196479,10.6522377
106332,Chamidae,Chama,venosa,Reeve 1837,suspension,attached,immobile,epifaunal,0,0,47.8685700642917,16.03421359
106375,Chamidae,Chama,yaroni,"Delsaerdt, 1986",suspension,attached,immobile,epifaunal,1.5,1.5,49.4368283772331,11.56039235
106338,Chamidae,Eopseuma,palaeodontica,Matsukuma 1996,suspension,attached,immobile,epifaunal,58,58,28.0342647486964,4.68885731
106339,Chamidae,Eopseuma,phyllotrapezium,"Matsukuma, 1996",suspension,attached,immobile,epifaunal,8,8,57.7581163127746,10.4815217
106340,Chamidae,Eopseuma,pusilla,(Odhner 1919),suspension,attached,immobile,epifaunal,12,12,13.6095554666565,3.59645998
106348,Chamidae,Pseudochama,aurantia,"(Kuroda & Habe in Kuroda et al., 1971)",suspension,attached,immobile,epifaunal,20,20,23.5533437116686,28.047999861
106352,Chamidae,Pseudochama,clarionensis,Willett 1938,suspension,attached,immobile,epifaunal,27,27,23,11.97444444
106341,Chamidae,Pseudochama,corbierei,(Jonas 1846),suspension,attached,immobile,epifaunal,1,1,75.8946638440411,16.4720005
106342,Chamidae,Pseudochama,corrugata,(Broderip 1834),suspension,attached,immobile,epifaunal,0,0,70.728353579028,15.68736911
106343,Chamidae,Pseudochama,cristella,(Lamarck 1819),suspension,attached,immobile,epifaunal,0,0,82.7042925125413,19.08009618
106344,Chamidae,Pseudochama,exogyra,(Conrad 1837),suspension,attached,immobile,epifaunal,0,0,58.9151932866217,30.153333588
106351,Chamidae,Pseudochama,granti,Strong 1934,suspension,attached,immobile,epifaunal,46,46,25.9287485235983,29.671641788
106353,Chamidae,Pseudochama,gryphina,(Lamarck 1819),suspension,attached,immobile,epifaunal,0,0,49.967589495592,28.242961288
106354,Chamidae,Pseudochama,janus,Reeve 1847,suspension,attached,immobile,epifaunal,0,0,46.8454907114868,15.88000044
106355,Chamidae,Pseudochama,panamensis,(Reeve 1847),suspension,attached,immobile,epifaunal,0,0,46.1735855224608,10.6522377
106347,Chamidae,Pseudochama,retroversa,(Lischke 1870),suspension,attached,immobile,epifaunal,0,0,37.4165738677394,27.088333207
106376,Chamidae,Pseudochama,rianae,Delsaerdt 1986,suspension,attached,immobile,epifaunal,NA,5,39.1152144312159,16.4720005
106356,Chamidae,Pseudochama,saavedrai,Hertlein & Strong 1946,suspension,attached,immobile,epifaunal,0,0,59.791303715507,16.44182409
112021,Chamidae,Pseudochama,subspinosa,(Chenu 1846),suspension,attached,immobile,epifaunal,1,1,27.9284800875379,9.25400005
104112,Cleidothaeridae,Cleidothaerus,albidus,(Lamarck 1819),suspension,attached,immobile,epifaunal,0,0,62.3297681689897,17.123475512
104397,Cleidothaeridae,Cleidothaerus,pliciferus,(Odhner 1917),suspension,attached,immobile,epifaunal,14,14,18.7616630392937,10.69703316
111690,Corbulidae,Anisocorbula,cadenati,(Nickles 1955),suspension,attached,mobile,infaunal,15,15,9.16515138991168,11.5963716
106066,Corbulidae,Anisocorbula,crispa,(Hinds 1844),suspension,attached,mobile,infaunal,NA,NA,8.94427190999916,3.46587302
106204,Corbulidae,Anisocorbula,laticosta,(Lamy 1941),suspension,attached,mobile,infaunal,10,10,7.34846922834953,12.43967933
104074,Corbulidae,Anisocorbula,macgillivrayi,(E.A. Smith 1885),suspension,attached,mobile,infaunal,10,10,22.9085137012422,11.9570835
104348,Corbulidae,Anisocorbula,moretonensis,Lamprell & Healy 1997,suspension,attached,mobile,infaunal,10,10,2.56904651573303,9.00955882
104927,Corbulidae,Anisocorbula,nipponica,Habe 1961,suspension,attached,mobile,infaunal,10,10,8.24621125123532,26.653133202
112167,Corbulidae,Anisocorbula,ovalina,(Lamarck 1818),suspension,attached,mobile,infaunal,76,76,15.119523802025,32.627575601
104934,Corbulidae,Anisocorbula,pallida,(Hinds 1843),suspension,attached,mobile,infaunal,5,5,9.79795897113271,16.22622398
112927,Corbulidae,Anisocorbula,roumei,Dautzenberg 1910,suspension,attached,mobile,infaunal,1.5,1.5,7.68114574786861,11.5963716
105299,Corbulidae,Anisocorbula,rugifera,(E. A. Smith 1903),suspension,attached,mobile,infaunal,86,86,11.6189500386223,13.07097836
105356,Corbulidae,Anisocorbula,scaphoides,(Reeve 1843),suspension,attached,mobile,infaunal,3,3,16.2480768092719,32.482212212
105929,Corbulidae,Anisocorbula,sulculosa,(H. Adams 1870),suspension,attached,mobile,infaunal,NA,5,7.58946638440411,20.31424225
105930,Corbulidae,Anisocorbula,taitensis,(Lamarck 1818),suspension,attached,mobile,infaunal,0,0,16.9115345252878,32.627575601
105936,Corbulidae,Anisocorbula,venusta,(Gould 1861),suspension,attached,mobile,infaunal,0,0,7.74596669241483,31.476604892
105937,Corbulidae,Anisocorbula,verconis,(Finlay 1927),suspension,attached,mobile,infaunal,16,16,7.90569415042095,12.34666685
103567,Corbulidae,Anisocorbula,zelandica,(Quoy & Gaimard 1835),suspension,attached,mobile,infaunal,0,0,11.0227038425243,12.106406823
106144,Corbulidae,Caryocorbula,amethystina,Olsson 1961,suspension,attached,mobile,infaunal,0,0,24.8374716909753,11.09382478
106157,Corbulidae,Caryocorbula,biradiata,(Sowerby 1833),suspension,attached,mobile,infaunal,0,0,17.5099971444886,16.30010538
100647,Corbulidae,Caryocorbula,chittyana,(C.B. Adams 1852),suspension,attached,mobile,infaunal,0.9,0.9,7.4766302570075,19.91667863
112928,Corbulidae,Caryocorbula,chudeaui,Dautzenberg 1910,suspension,attached,mobile,infaunal,1,1,8.05543294925853,12.40454379
106158,Corbulidae,Caryocorbula,colimensis,(Coan 2002),suspension,attached,mobile,infaunal,29,29,11.8321595661992,10.6522377
101118,Corbulidae,Caryocorbula,contracta,(Say 1822),suspension,attached,mobile,infaunal,2,2,10.1833196944808,29.902510216
101860,Corbulidae,Caryocorbula,cymella,(Dall 1881),suspension,attached,mobile,infaunal,36,36,10.0623058987491,16.20817262
102095,Corbulidae,Caryocorbula,dietziana,(C.B. Adams 1852),suspension,attached,mobile,infaunal,1,1,12.8452325786651,19.91667863
106133,Corbulidae,Caryocorbula,eburnea,(Hinds 1843),suspension,attached,mobile,infaunal,1,1,2.9698484809835,5.01225799
106159,Corbulidae,Caryocorbula,ira,(Dall 1908),suspension,attached,mobile,infaunal,15,15,10.9087121146357,16.56007771
105996,Corbulidae,Caryocorbula,lavalleana,(d'Orbigny 1853),suspension,attached,mobile,infaunal,20,20,6.75277720645365,5.68977176
104046,Corbulidae,Caryocorbula,lineata,(Lynge 1909),suspension,attached,mobile,infaunal,19,19,12.8452325786651,14.71683691
106155,Corbulidae,Caryocorbula,luteola,(Carpenter 1864),suspension,attached,mobile,infaunal,0,0,8.06225774829855,21.074285932
106156,Corbulidae,Caryocorbula,marmorata,(Hinds 1843),suspension,attached,mobile,infaunal,0,0,6.32455532033676,19.89553489
106146,Corbulidae,Caryocorbula,nasuta,(Sowerby 1833),suspension,attached,mobile,infaunal,0,0,13.7477270848675,17.82958357
106148,Corbulidae,Caryocorbula,otra,(Coan 2002),suspension,attached,mobile,infaunal,0,0,20.7749849578766,14.49458329
106147,Corbulidae,Caryocorbula,ovulata,(Sowerby 1833),suspension,attached,mobile,infaunal,0,0,22.463303408003,11.06514198
106145,Corbulidae,Caryocorbula,porcella,(Dall 1916),suspension,attached,mobile,infaunal,27,27,8.42614977317636,20.06426133
105654,Corbulidae,Caryocorbula,smithiana,(Brazier 1880),suspension,attached,mobile,infaunal,2,2,14.4499134945508,21.06885968
105747,Corbulidae,Caryocorbula,solidula,(Reeve 1843),suspension,attached,mobile,infaunal,1,1,5.73585215987999,18.05192038
112107,Corbulidae,Caryocorbula,swiftiana,(C.B. Adams 1852),suspension,attached,mobile,infaunal,0,0,9.4233751915118,23.134561579
106214,Corbulidae,Caryocorbula,tryoni,(E.A. Smith 1880),suspension,attached,mobile,infaunal,36,36,5.70087712549569,21.680666646
112108,Corbulidae,Caryocorbula,uruguayensis,(Marshall 1928),suspension,attached,mobile,infaunal,3,3,8.77496438739212,19.715611937
110756,Corbulidae,Corbula,niasensis,Thiele & Jaeckel 1931,suspension,attached,mobile,infaunal,3,3,2.33666428910958,2.62280045
106215,Corbulidae,Corbula,patagonica,d'Orbigny 1846,suspension,attached,mobile,infaunal,15,15,14.2828568570857,22.207200038
106149,Corbulidae,Corbula,speciosa,Reeve 1843,suspension,attached,mobile,infaunal,0,0,18.8944436276912,16.44182409
105916,Corbulidae,Corbula,sulcata,Lamarck 1801,suspension,attached,mobile,infaunal,2,2,21.5638586528478,12.44488623
112929,Corbulidae,Erodona,adusta,(Reeve 1844),suspension,unattached,mobile,infaunal,0,0,17.7383764758785,11.84076575
106150,Corbulidae,Hexacorbula,esmeralda,(Olsson 1961),suspension,attached,mobile,infaunal,5,5,16.9558249578132,4.39824899
105653,Corbulidae,Hexacorbula,sinensis,"(Bernard, Cai & Morton 1993)",suspension,attached,mobile,infaunal,5,5,18.6359866924185,15.30833335
100041,Corbulidae,Juliacorbula,aequivalvis,(Philippi 1836),suspension,attached,mobile,infaunal,2,2,15.7162336455017,17.72206152
106151,Corbulidae,Juliacorbula,bicarinata,(Sowerby 1833),suspension,attached,mobile,infaunal,0,0,11.4017542509914,17.22527384
106197,Corbulidae,Lentidium,mediterraneum,(Costa 1839),suspension,attached,mobile,infaunal,0,0,8.93308457365092,22.861666644
110323,Corbulidae,Minicorbula,densesculpta,(Thiele & Jaeckel 1931),suspension,attached,mobile,infaunal,10,10,4.89897948556636,23.086991885
105913,Corbulidae,Minicorbula,subquadrata,(Melvill & Standen 1907),suspension,attached,mobile,infaunal,73,73,3.67423461417477,20.31424225
103198,Corbulidae,Notocorbula,fortisulcata,(E.A. Smith 1879),suspension,attached,mobile,infaunal,0,0,19.4730583114209,16.99217439
103229,Corbulidae,Notocorbula,hydropica,Iredale 1930,suspension,attached,mobile,infaunal,40,40,23.5265807120372,13.22500038
105932,Corbulidae,Notocorbula,tunicata,(Hinds 1843),suspension,attached,mobile,infaunal,0,0,22.2261107708929,22.599333483
106160,Corbulidae,Panamicorbula,ventricosa,(Adams & Reeve 1850),suspension,attached,mobile,infaunal,0,0,31.2489999839995,13.69256685
111948,Corbulidae,Potamocorbula,amurensis,(Schrenck 1861),suspension,attached,mobile,infaunal,0,0,22.4258779092369,29.795282002
102673,Corbulidae,Potamocorbula,fasciata,(Reeve 1843),suspension,attached,mobile,infaunal,0,0,12.6427845034233,16.5510202
103256,Corbulidae,Potamocorbula,laevis,(Hinds 1843),suspension,attached,mobile,infaunal,0,0,19.1702895126808,31.476604892
112883,Corbulidae,Potamocorbula,nimbosa,(Hanley 1843),suspension,attached,mobile,infaunal,0,0,27.2763633939717,31.645737032
105298,Corbulidae,Potamocorbula,rubromuscula,Zhuang & Cai 1983,suspension,attached,mobile,infaunal,0,0,16.5227116418583,12.78379407
102168,Corbulidae,Solidicorbula,erythrodon,(Lamarck 1818),suspension,attached,mobile,infaunal,0,0,21.9433361182843,29.142978391
112612,Corbulidae,Tenuicorbula,arcaeformis,(Lynge 1909),suspension,attached,mobile,infaunal,5,5,6.89202437604511,4.57988656
106216,Corbulidae,Tenuicorbula,lyoni,(Pilsbry 1897),suspension,attached,mobile,infaunal,11,11,10.0361845339751,21.382557172
106152,Corbulidae,Tenuicorbula,tenuis,(Sowerby 1833),suspension,attached,mobile,infaunal,0,0,18.7082869338697,16.03421359
111884,Corbulidae,Varicorbula,albuginosa,(Hinds 1843),suspension,attached,mobile,infaunal,13,13,6.3166446789415,1.31845085
102166,Corbulidae,Varicorbula,erythraeensis,(H. Adams 1871),suspension,attached,mobile,infaunal,1,1,7.20069441095788,18.24122648
103200,Corbulidae,Varicorbula,gibba,(Olivi 1792),suspension,attached,mobile,infaunal,0,0,14.9666295470958,30.547952356
106210,Corbulidae,Varicorbula,granum,von Cosel 1995,suspension,attached,mobile,infaunal,3,3,7.94984276574072,12.4562496
104220,Corbulidae,Varicorbula,monilis,(Hinds 1843),suspension,attached,mobile,infaunal,0,0,2.89827534923789,14.54430567
106154,Corbulidae,Varicorbula,obesa,(Hinds 1843),suspension,attached,mobile,infaunal,14,14,12.1202310209006,15.84157504
105076,Corbulidae,Varicorbula,persica,(E.A. Smith 1906),suspension,attached,mobile,infaunal,40,40,7,16.11900418
105088,Corbulidae,Varicorbula,philippii,(Smith 1885),suspension,attached,mobile,infaunal,20,20,5.61248608016091,19.91667863
105142,Corbulidae,Varicorbula,rotalis,(Hinds 1843),suspension,attached,mobile,infaunal,20,20,5.89915248150105,29.415000441
105832,Corbulidae,Varicorbula,stephensoni,(Lamprell & Healy 1997),suspension,attached,mobile,infaunal,0,0,1.73205080756888,13.22500038
105943,Corbulidae,Varicorbula,yokoyamai,Habe 1949,suspension,attached,mobile,infaunal,5,5,3.83405790253616,19.270500274
103331,Corbulidae,Vokesula,limatula,(Conrad 1846),suspension,attached,mobile,infaunal,0,0,7.46993975879324,19.73802633
106212,Corbulidae,Vokesula,operculata,(Philippi 1848),suspension,attached,mobile,infaunal,7,7,12.8452325786651,7.20760924
112140,Crassatellidae,Bathytormus,acuminatus,(Kobelt 1886),suspension,unattached,mobile,infaunal,1,1,19.7585424563656,4.8361819
105366,Crassatellidae,Bathytormus,jousseaumei,(Lamy 1919),suspension,unattached,mobile,infaunal,5,5,23.4776489453267,12.19446442
105305,Crassatellidae,Bathytormus,radiatus,(Sowerby 1825),suspension,unattached,mobile,infaunal,3,3,28.8963665535998,20.60368675
105277,Crassatellidae,Bathytormus,ziczac,(Reeve 1842),suspension,unattached,mobile,infaunal,11,11,23.2379000772445,21.476311777
105297,Crassatellidae,Crassasulca,burnupi,(Lamy 1920),suspension,unattached,mobile,infaunal,9,9,52.5768009677272,5.40816725
105282,Crassatellidae,Crassatella,capensis,Lamy 1917,suspension,unattached,mobile,infaunal,44,44,36.7423461417477,7.50439632
105283,Crassatellidae,Crassatella,crebrilirata,Sowerby II 1870,suspension,unattached,mobile,infaunal,27,27,22.4499443206436,7.50439632
105284,Crassatellidae,Crassatella,gilchristi,Sowerby III 1904,suspension,unattached,mobile,infaunal,35,35,24.9699819783675,7.50439632
105271,Crassatellidae,Crassatella,pallida,Adams & Reeve 1850,suspension,unattached,mobile,infaunal,137,137,26.3818119165458,4.47932205
105287,Crassatellidae,Crassatella,sowerbyi,Lamy 1917,suspension,unattached,mobile,infaunal,15,15,33.9852909359329,7.50439632
105286,Crassatellidae,Crassatella,subquadrata,Sowerby II 1870,suspension,unattached,mobile,infaunal,80,80,39.2568465366234,6.78956076
105317,Crassatellidae,Crassatina,alba,Cosel 1995,suspension,unattached,mobile,infaunal,65,65,17.4292856996493,11.46233219
112913,Crassatellidae,Crassatina,congoensis,(Jaeckel & Thiele 1931),suspension,unattached,mobile,infaunal,30,30,4.39886348958455,7.95351589
105387,Crassatellidae,Crassatina,dakarensis,von Cosel 1995,suspension,unattached,mobile,infaunal,75,75,10.0399203184089,11.84076575
112577,Crassatellidae,Crassatina,fusca,(Kobelt 1886),suspension,unattached,mobile,infaunal,15,15,15.7003184681076,10.61902446
112673,Crassatellidae,Crassatina,guineensis,von Cosel & Gofas 2018,suspension,unattached,mobile,infaunal,1,1,23.3227356885937,12.40454379
105388,Crassatellidae,Crassatina,marchadi,Cosel 1995,suspension,unattached,mobile,infaunal,7,7,5.74456264653803,11.46233219
105268,Crassatellidae,Crassatina,modesta,(H. Adams 1869),suspension,unattached,mobile,infaunal,7,7,6.2449979983984,14.25345659
112579,Crassatellidae,Crassatina,omanensis,(E.A. Smith 1906),suspension,unattached,mobile,infaunal,140,140,31.3049516849971,3.83075748
112477,Crassatellidae,Crassatina,paeteli,(von Maltzan 1885),suspension,unattached,mobile,infaunal,5,5,22.2494943762774,12.43967933
105272,Crassatellidae,Crassatina,picta,(Adams & Reeve 1848),suspension,unattached,mobile,infaunal,50,50,19.9223492590608,23.38757563
105273,Crassatellidae,Crassatina,rikae,Lamprell 2003,suspension,unattached,mobile,infaunal,50,50,16.689218076351,7.58233372
105274,Crassatellidae,Crassatina,suduirauti,Lamprell 2003,suspension,unattached,mobile,infaunal,38,38,24.454038521275,7.95684289
105276,Crassatellidae,Crassatina,triquetra,(Reeve 1842),suspension,unattached,mobile,infaunal,20,20,32.674148802991,10.5950676
112580,Crassatellidae,Crassatina,truncata,(A. Adams 1854),suspension,unattached,mobile,infaunal,140,140,5.88642506110457,4.12559398
105393,Crassatellidae,Crassinella,adamsi,Olsson 1961,suspension,attached,mobile,epifaunal,9,9,3.84707681233427,12.20895835
105394,Crassatellidae,Crassinella,coxa,Olsson 1964,suspension,attached,mobile,epifaunal,36,36,3,16.96133355
105383,Crassatellidae,Crassinella,dupliniana,(Dall 1903),suspension,attached,mobile,epifaunal,7,7,3.87298334620742,18.6026558
105395,Crassatellidae,Crassinella,ecuadoriana,Olsson 1961,suspension,attached,mobile,epifaunal,0,0,4.39545219516718,16.44182409
105920,Crassatellidae,Crassinella,lata,Nowell-Usticke 1969,suspension,attached,mobile,epifaunal,NA,NA,6.57267069006199,3.17534432
105280,Crassatellidae,Crassinella,lunulata,(Conrad 1834),suspension,attached,mobile,epifaunal,0,0,7.93725393319377,29.902510216
105278,Crassatellidae,Crassinella,maldonadoensis,(Pilsbry 1897),suspension,attached,mobile,epifaunal,5,5,4.35889894354067,15.613346177
105279,Crassatellidae,Crassinella,marplatensis,Castellanos 1970,suspension,attached,mobile,epifaunal,20,20,3.9344631145812,20.064084647
105382,Crassatellidae,Crassinella,martinicensis,(d'Orbigny 1853),suspension,attached,mobile,epifaunal,5,5,3.46410161513775,19.08009618
105396,Crassatellidae,Crassinella,nuculiformis,Berry 1940,suspension,attached,mobile,epifaunal,0,0,5.71314274283428,17.82958357
105397,Crassatellidae,Crassinella,pacifica,(C.B. Adams 1852),suspension,attached,mobile,epifaunal,0,0,10.5403984744411,19.00784482
105398,Crassatellidae,Crassinella,skoglundae,Coan 1979,suspension,attached,mobile,epifaunal,10,10,7,7.41221495
105353,Crassatellidae,Crassinella,varians,(Carpenter 1857),suspension,attached,mobile,epifaunal,0,0,3.14960314960472,16.96133355
105304,Crassatellidae,Crenocrassatella,foveolata,(Sowerby II 1870),suspension,unattached,mobile,infaunal,20,20,47.2440472440709,14.55399361
105306,Crassatellidae,Crenocrassatella,rostrata,(Lamarck 1818),suspension,unattached,mobile,infaunal,15,15,47.8957200593122,9.36345225
112138,Crassatellidae,Crenocrassatella,yagurai,(Makiyama 1927),suspension,unattached,mobile,infaunal,10,10,38.0682282224955,10.74532195
105336,Crassatellidae,Elsius,agulhasensis,(Jaeckel &Thiele 1931),suspension,unattached,mobile,infaunal,40,40,8.94427190999916,11.69277368
105289,Crassatellidae,Eucrassatella,corbuloides,(Reeve 1842),suspension,unattached,mobile,infaunal,NA,5,33.478201863302,1.80444271
105290,Crassatellidae,Eucrassatella,cumingii,(A. Adams 1854),suspension,unattached,mobile,infaunal,1,1,55.2268050859363,16.78902109
105295,Crassatellidae,Eucrassatella,decipiens,(Reeve 1842),suspension,unattached,mobile,infaunal,0,0,70.427267446636,14.50076913
105296,Crassatellidae,Eucrassatella,donacina,(Lamarck 1805),suspension,unattached,mobile,infaunal,7,7,107.77754868246,14.51879314
105293,Crassatellidae,Eucrassatella,kingicola,Lamarck 1805,suspension,unattached,mobile,infaunal,0,0,83.1384387633061,13.45052638
105294,Crassatellidae,Eucrassatella,pulchra,(Reeve 1842),suspension,unattached,mobile,infaunal,1,1,80.4922356504029,13.43347883
101230,Crassatellidae,Fluctiger,navigatus,(Hedley 1906),suspension,unattached,mobile,infaunal,31,31,5.69209978830308,6.1525001
101181,Crassatellidae,Fluctiger,royanus,Iredale 1925,suspension,unattached,mobile,infaunal,NA,5,9.9498743710662,11.10645222
105292,Crassatellidae,Hybolophus,fluctuata,(Carpenter 1856),suspension,unattached,mobile,infaunal,10,10,48.8364617882991,8.77683884
105302,Crassatellidae,Hybolophus,gibbosa,(Sowerby 1832),suspension,unattached,mobile,infaunal,5,5,79.1132100220943,16.44182409
112578,Crassatellidae,Indocrassatella,abrupta,"(Sowerby III, 1904)",suspension,unattached,mobile,infaunal,100,100,21.3541565040626,6.80785456
105365,Crassatellidae,Indocrassatella,cherelae,Poutiers 1976,suspension,unattached,mobile,infaunal,67,67,12.0954536913669,5.01225799
105247,Crassatellidae,Indocrassatella,indica,(E.A. Smith 1895),suspension,unattached,mobile,infaunal,140,140,32.4037034920393,16.11900418
112574,Crassatellidae,Indocrassatella,natalensis,(Barnard 1964),suspension,unattached,mobile,infaunal,73,73,16.7332005306815,7.06508935
105248,Crassatellidae,Indocrassatella,oblongata,(Yokoyama 1920),suspension,unattached,mobile,infaunal,21,21,14.8243043681651,30.163258782
112575,Crassatellidae,Indocrassatella,pilula,(Barnard 1964),suspension,unattached,mobile,infaunal,25,25,14.9666295470958,7.90937464
112576,Crassatellidae,Indocrassatella,quadrata,(Noda 1980),suspension,unattached,mobile,infaunal,67,67,11.7260393995586,9.61548883
105300,Crassatellidae,Kalolophus,antillarum,(Reeve 1842),suspension,unattached,mobile,infaunal,3,3,58.3976883104117,5.98935403
105301,Crassatellidae,Kalolophus,digueti,(Lamy 1917),suspension,unattached,mobile,infaunal,5,5,88.7411967464942,16.44182409
105303,Crassatellidae,Kalolophus,speciosus,(A. Adams 1854),suspension,unattached,mobile,infaunal,18,18,55.8569601750758,19.73802633
105249,Crassatellidae,Nipponocrassatella,adamsi,(Kobelt 1886),suspension,unattached,mobile,infaunal,50,50,22.3606797749979,20.444913754
105252,Crassatellidae,Nipponocrassatella,japonica,(Dunker 1882),suspension,unattached,mobile,infaunal,0,0,36.8781778291715,31.235597395
105254,Crassatellidae,Nipponocrassatella,nana,(Adams & Reeve 1850),suspension,unattached,mobile,infaunal,5,5,39.0134592160193,31.235597395
105389,Crassatellidae,Riosatella,brasiliensis,(Dall 1903),suspension,unattached,mobile,infaunal,45,45,35.3270434653114,13.6103454
112573,Crassatellidae,Riosatella,knockeri,(E.A. Smith 1881),suspension,unattached,mobile,infaunal,39,39,5.37866154354408,6.36506298
105390,Crassatellidae,Riosatella,riograndensis,Vokes 1973,suspension,unattached,mobile,infaunal,45,45,36.8781778291715,18.31326844
105386,Crassatellidae,Riosatella,uruguayensis,(E.A. Smith 1880),suspension,unattached,mobile,infaunal,45,45,39.496835316263,14.29860959
105361,Crassatellidae,Salaputium,discus,(Hedley 1907),suspension,unattached,mobile,infaunal,146,146,6.48074069840786,12.06816675
105357,Crassatellidae,Salaputium,fulvidum,(Angas 1871),suspension,unattached,mobile,infaunal,5,5,7.53657747256671,14.506703897
105378,Crassatellidae,Salaputium,iredalei,Powell 1958,suspension,unattached,mobile,infaunal,24,24,5.47722557505166,5.88143935
105257,Crassatellidae,Salaputium,janus,Hedley 1906,suspension,unattached,mobile,infaunal,31,31,4.26614580154031,6.1525001
105258,Crassatellidae,Salaputium,micrum,Verco 1895,suspension,unattached,mobile,infaunal,14,14,5.63914887194867,13.45052638
105362,Crassatellidae,Salaputium,probleenmum,(Verco 1907),suspension,unattached,mobile,infaunal,26,26,9.48683298050514,12.34666685
105259,Crassatellidae,Salaputium,productum,(Verco 1895),suspension,unattached,mobile,infaunal,29,29,9.04986187739901,12.34666685
105260,Crassatellidae,Salaputium,rhomboides,(E.A. Smith 1885),suspension,unattached,mobile,infaunal,11,11,7.15541752799933,10.69703316
105360,Crassatellidae,Salaputium,scabrilirata,(Hedley 1902),suspension,unattached,mobile,infaunal,30,30,5.67097875150313,12.34249995
105359,Crassatellidae,Salaputium,securiforme,(Hedley 1902),suspension,unattached,mobile,infaunal,115,115,5.70087712549569,5.98302616
112141,Crassatellidae,Salaputium,sublamellatum,(Kobelt 1885),suspension,unattached,mobile,infaunal,NA,5,8.77496438739212,20.445777931
105264,Crassatellidae,Scissulatina,contraria,(Gmelin 1791),suspension,unattached,mobile,infaunal,10,10,29.3117723790289,13.11503659
105266,Crassatellidae,Scissulatina,corrugata,(Adams & Reeve 1850),suspension,unattached,mobile,infaunal,15,15,21.4767315949145,9.14050635
105270,Crassatellidae,Scissulatina,ornata,(Gray in Griffith & Pidgeon 1833),suspension,unattached,mobile,infaunal,2,2,28.4763059402023,5.19727001
105358,Crassatellidae,Talabrica,angustior,(Verco 1907),suspension,unattached,mobile,infaunal,73,73,16.9705627484771,6.65846151
105242,Crassatellidae,Talabrica,aurora,(Adams & Angas 1863),suspension,unattached,mobile,infaunal,30,30,14.1205523971267,10.66329441
105243,Crassatellidae,Talabrica,bellula,(A. Adams 1854),suspension,unattached,mobile,infaunal,5,5,16.431676725155,14.513740292
105244,Crassatellidae,Talabrica,carnea,(Tate 1891),suspension,unattached,mobile,infaunal,16,16,20.4450483002609,11.15869415
105363,Crassatellidae,Talabrica,donharrisi,Healy & Lamprell 1992,suspension,unattached,mobile,infaunal,101,101,11.1310376874755,9.58940731
105255,Crassatellidae,Talabrica,sagamiensis,(Kuroda & Habe in Kuroda 1971),suspension,unattached,mobile,infaunal,50,50,11.4017542509914,28.047999861
112378,Cucullaeidae,Cucullaea,granulosa,Jonas 1846,suspension,unattached,mobile,infaunal,10,10,81.0499845774199,22.279687525
100823,Cucullaeidae,Cucullaea,labiata,(Solander 1786),suspension,unattached,mobile,infaunal,0,0,108.277421469113,20.60368675
112965,Cucullaeidae,Cucullaea,petita,Iredale 1939,suspension,unattached,mobile,infaunal,9,9,89.2748564826626,15.60329433
112966,Cucullaeidae,Cucullaea,vaga,Iredale 1930,suspension,unattached,mobile,infaunal,45,45,100.497910426038,10.6364804
103707,Cuspidariidae,Austroneaera,brevirostris,Powell 1937,non_suspension,unattached,mobile,infaunal,71,71,3.57211421989835,5.01762231
104059,Cuspidariidae,Austroneaera,brooki,Marshall 2002,non_suspension,unattached,mobile,infaunal,82,82,5.62849891178811,5.88143935
112127,Cuspidariidae,Austroneaera,coanscotti,Huber 2010,non_suspension,unattached,mobile,infaunal,155,155,4.12310562561766,13.458102017
103755,Cuspidariidae,Austroneaera,dorsirecta,(Verco 1908),non_suspension,unattached,mobile,infaunal,73,73,4.06201920231798,16.30119296
111778,Cuspidariidae,Austroneaera,eastera,Raines & Huber 2012,non_suspension,unattached,mobile,infaunal,50,50,3.30454232837166,5.24500001
103775,Cuspidariidae,Austroneaera,finlayi,Powell 1937,non_suspension,unattached,mobile,infaunal,110,110,2.95803989154981,12.106406823
103934,Cuspidariidae,Austroneaera,raoulensis,Powell 1958,non_suspension,unattached,mobile,infaunal,75,75,3.1224989991992,5.88143935
104060,Cuspidariidae,Austroneaera,tangaroa,Marshall 2002,non_suspension,unattached,mobile,infaunal,143,143,2.17080630181507,5.32377619
103637,Cuspidariidae,Cardiomya,alcocki,(E.A. Smith 1894),non_suspension,unattached,mobile,infaunal,50,50,15.0598804776134,17.37421493
103671,Cuspidariidae,Cardiomya,alternata,(d'Orbigny 1853),non_suspension,unattached,mobile,infaunal,24,24,3.87298334620742,8.09209972
103673,Cuspidariidae,Cardiomya,andamanica,Preston 1916,non_suspension,unattached,mobile,infaunal,3,3,3.87298334620742,3.08660345
103678,Cuspidariidae,Cardiomya,angusticauda,Scarlato 1972,non_suspension,unattached,mobile,infaunal,135,135,18.9736659610103,23.804772774
103694,Cuspidariidae,Cardiomya,balboae,(Dall 1916),non_suspension,unattached,mobile,infaunal,45,45,7.07106781186548,9.22918347
103696,Cuspidariidae,Cardiomya,behringensis,(Leche 1883),non_suspension,unattached,mobile,infaunal,18,18,24.7991935352745,29.618196968
103717,Cuspidariidae,Cardiomya,casta,(Hinds 1843),non_suspension,unattached,mobile,infaunal,13,13,11.1579568022107,10.54035522
103727,Cuspidariidae,Cardiomya,cleryana,(d'Orbigny 1842),non_suspension,unattached,mobile,infaunal,50,50,12.2474487139159,23.134561579
103736,Cuspidariidae,Cardiomya,costata,Sowerby 1834,non_suspension,unattached,mobile,infaunal,4,4,8.19145896650896,17.82958357
103737,Cuspidariidae,Cardiomya,costellata,(Deshayes 1833),non_suspension,unattached,mobile,infaunal,4,4,9.09945053286186,32.129606059
103750,Cuspidariidae,Cardiomya,didyma,Hinds 1843,non_suspension,unattached,mobile,infaunal,6,6,8.18535277187245,16.44182409
103788,Cuspidariidae,Cardiomya,fujitai,Kuroda 1948,non_suspension,unattached,mobile,infaunal,100,100,6.56962708226274,18.648749756
103795,Cuspidariidae,Cardiomya,gilchristi,"(Sowerby III, 1904)",non_suspension,unattached,mobile,infaunal,73,73,11.2249721603218,6.08769562
103638,Cuspidariidae,Cardiomya,gouldiana,(Hinds 1843),non_suspension,unattached,mobile,infaunal,13,13,11.7132403714771,31.476604892
103836,Cuspidariidae,Cardiomya,kashimana,Okutani & Sakurai 1964,non_suspension,unattached,mobile,infaunal,100,100,9.35948716543807,28.51484184
103847,Cuspidariidae,Cardiomya,lanieri,Strong & Hertlein 1937,non_suspension,unattached,mobile,infaunal,15,15,7.28010988928052,17.94966261
113036,Cuspidariidae,Cardiomya,minerva,Carvalho de Lima et al. 2020,non_suspension,unattached,mobile,infaunal,10,10,3.70944739819828,3.22060011
103884,Cuspidariidae,Cardiomya,obliqua,De Boer 1985,non_suspension,unattached,mobile,infaunal,60,60,5.48634668973808,7.81739949
103888,Cuspidariidae,Cardiomya,ochotensis,Scarlato 1972,non_suspension,unattached,mobile,infaunal,117,117,11.8321595661992,19.123878522
103894,Cuspidariidae,Cardiomya,orientalis,Thiele & Jaeckel 1931,non_suspension,unattached,mobile,infaunal,50,50,3.48568501158668,3.45241074
103897,Cuspidariidae,Cardiomya,ornatissima,(d'Orbigny 1853),non_suspension,unattached,mobile,infaunal,14,14,7.99374755668454,19.91667863
103912,Cuspidariidae,Cardiomya,pectinata,(Carpenter 1864),non_suspension,unattached,mobile,infaunal,5,5,29.6647939483827,32.698540155
103919,Cuspidariidae,Cardiomya,perrostrata,(Dall 1881),non_suspension,unattached,mobile,infaunal,35,35,7.74596669241483,27.021894828
103924,Cuspidariidae,Cardiomya,planetica,(Dall 1908),non_suspension,unattached,mobile,infaunal,25,25,23.3023603954621,31.961025847
103937,Cuspidariidae,Cardiomya,reticulata,(Kuroda 1948),non_suspension,unattached,mobile,infaunal,100,100,15.4919333848297,28.047999861
103964,Cuspidariidae,Cardiomya,singaporensis,(Hinds 1843),non_suspension,unattached,mobile,infaunal,10,10,7.28697468089467,19.23757573
103966,Cuspidariidae,Cardiomya,sinica,Xu 1980,non_suspension,unattached,mobile,infaunal,104,104,12.2392810246354,14.10325235
103975,Cuspidariidae,Cardiomya,striata,(Jeffreys 1876),non_suspension,unattached,mobile,infaunal,40,40,15.2872495891184,32.129606059
103986,Cuspidariidae,Cardiomya,surinamensis,Altena 1971,non_suspension,unattached,mobile,infaunal,6,6,9.48683298050514,2.77553707
104002,Cuspidariidae,Cardiomya,tosaensis,(Kuroda 1948),non_suspension,unattached,mobile,infaunal,28,28,12.2474487139159,30.550758502
103674,Cuspidariidae,Cuspidaria,angasi,(E.A. Smith 1885),non_suspension,unattached,mobile,infaunal,84,84,6.89202437604511,8.549830498
103681,Cuspidariidae,Cuspidaria,arctica,(Sars 1859),non_suspension,unattached,mobile,infaunal,35,35,24.4948974278318,21.38640015
103683,Cuspidariidae,Cuspidaria,ascoldica,Scarlato 1972,non_suspension,unattached,mobile,infaunal,100,100,3.87298334620742,27.690833102
103715,Cuspidariidae,Cuspidaria,capensis,(E.A. Smith 1885),non_suspension,unattached,mobile,infaunal,91,91,14.4913767461894,8.42657613
103723,Cuspidariidae,Cuspidaria,chinensis,(Gray in Griffith & Pidgeon 1834),non_suspension,unattached,mobile,infaunal,20,20,41.7970094624005,22.218446862
103730,Cuspidariidae,Cuspidaria,concentrica,Thiele 1912,non_suspension,unattached,mobile,infaunal,94,94,4.28485705712571,5.093971292
103623,Cuspidariidae,Cuspidaria,convexa,Pelseneer 1911,non_suspension,unattached,mobile,infaunal,100,100,12.9614813968157,14.99305587
103624,Cuspidariidae,Cuspidaria,corrugata,Prashad 1932,non_suspension,unattached,mobile,infaunal,38,38,20.6804255275369,17.0319202
103744,Cuspidariidae,Cuspidaria,cuspidata,(Olivi 1792),non_suspension,unattached,mobile,infaunal,18,18,20,30.547952356
103759,Cuspidariidae,Cuspidaria,elegans,(Hinds 1843),non_suspension,unattached,mobile,infaunal,13,13,12.0208152801713,27.673133382
103764,Cuspidariidae,Cuspidaria,erma,Cotton 1931,non_suspension,unattached,mobile,infaunal,148,148,18.7082869338697,12.34666685
103765,Cuspidariidae,Cuspidaria,exarata,Verco 1908,non_suspension,unattached,mobile,infaunal,73,73,21.2471174515509,18.781000173
103770,Cuspidariidae,Cuspidaria,fairchildi,Suter 1908,non_suspension,unattached,mobile,infaunal,137,137,39.1663120551323,14.513740292
103625,Cuspidariidae,Cuspidaria,gigantea,Prashad 1932,non_suspension,unattached,mobile,infaunal,91,91,45,29.718333401
103797,Cuspidariidae,Cuspidaria,glacialis,(Sars 1878),non_suspension,unattached,mobile,infaunal,20,20,32.2490309931942,25.87012993
103626,Cuspidariidae,Cuspidaria,hindsiana,(A. Adams 1864),non_suspension,unattached,mobile,infaunal,50,50,35.0868921393731,24.670747194
111899,Cuspidariidae,Cuspidaria,hirasei,Kuroda 1948,non_suspension,unattached,mobile,infaunal,100,100,25.316002844051,28.698333221
103825,Cuspidariidae,Cuspidaria,infelix,Thiele 1912,non_suspension,unattached,mobile,infaunal,91,91,18.3303027798234,5.093971292
103627,Cuspidariidae,Cuspidaria,japonica,Kuroda 1948,non_suspension,unattached,mobile,infaunal,80,80,26.6653332999983,22.642346715
103837,Cuspidariidae,Cuspidaria,kerguelensis,(E. A. Smith 1885),non_suspension,unattached,mobile,infaunal,60,60,11.2249721603218,13.37425005
103839,Cuspidariidae,Cuspidaria,kurodai,Okutani 1975,non_suspension,unattached,mobile,infaunal,158,158,15.4272486205415,19.842310606
103845,Cuspidariidae,Cuspidaria,lamellosa,(Sars 1878),non_suspension,unattached,mobile,infaunal,91,91,5.35723809439155,19.899258706
103848,Cuspidariidae,Cuspidaria,latesulcata,(Tenison-Woods 1878),non_suspension,unattached,mobile,infaunal,30,30,25.8661941537598,13.68981416
103629,Cuspidariidae,Cuspidaria,lubangensis,Poutiers 1981,non_suspension,unattached,mobile,infaunal,60,60,17.0235131509333,4.23072195
104052,Cuspidariidae,Cuspidaria,luymesi,Knudsen 2005,non_suspension,unattached,mobile,infaunal,44,44,12.4189371525908,16.33158298
103630,Cuspidariidae,Cuspidaria,macrorhynchus,E.A. Smith 1895,non_suspension,unattached,mobile,infaunal,80,80,24.738633753706,28.179000017
103863,Cuspidariidae,Cuspidaria,media,Verrill & Bush 1898,non_suspension,unattached,mobile,infaunal,115,115,10.1980390271856,29.097305709
103867,Cuspidariidae,Cuspidaria,microrhina,Dall 1886,non_suspension,unattached,mobile,infaunal,183,183,34.2052627529741,15.73073224
105224,Cuspidariidae,Cuspidaria,minima,(Egorova 1993),non_suspension,unattached,mobile,infaunal,100,100,3.16227766016838,4.639406074
103874,Cuspidariidae,Cuspidaria,nasuta,(A. Adams 1864),non_suspension,unattached,mobile,infaunal,100,100,17.5527775579821,19.842310606
103632,Cuspidariidae,Cuspidaria,nobilis,(A. Adams 1864),non_suspension,unattached,mobile,infaunal,50,50,39.9035086176642,21.157833461
103883,Cuspidariidae,Cuspidaria,obesa,(Loven 1846),non_suspension,unattached,mobile,infaunal,73,73,11.2249721603218,32.45924253
103887,Cuspidariidae,Cuspidaria,occidua,Cotton 1931,non_suspension,unattached,mobile,infaunal,132,132,4.38178046004133,7.17500019
103892,Cuspidariidae,Cuspidaria,optima,"Sowerby III, 1904",non_suspension,unattached,mobile,infaunal,45,45,25.4558441227157,11.30984115
103903,Cuspidariidae,Cuspidaria,panamensis,Dall 1908,non_suspension,unattached,mobile,infaunal,100,100,32.0795885260394,3.13500023
103906,Cuspidariidae,Cuspidaria,parapodema,Bernard 1969,non_suspension,unattached,mobile,infaunal,39,39,12.7082650271388,20.67833351
103910,Cuspidariidae,Cuspidaria,patagonica,(E. A. Smith 1885),non_suspension,unattached,mobile,infaunal,30,30,20.1494416796099,24.914473698
103913,Cuspidariidae,Cuspidaria,pellucida,(Stimpson 1853),non_suspension,unattached,mobile,infaunal,73,73,3.67423461417477,20.208937215
103925,Cuspidariidae,Cuspidaria,platensis,(E. A. Smith 1885),non_suspension,unattached,mobile,infaunal,100,100,9.53939201416946,16.71254047
103633,Cuspidariidae,Cuspidaria,prolatissima,Poutiers 1981,non_suspension,unattached,mobile,infaunal,50,50,18.6306199574786,15.30833335
103939,Cuspidariidae,Cuspidaria,rosea,(Hinds 1843),non_suspension,unattached,mobile,infaunal,9,9,5.08920425999979,5.01225799
103940,Cuspidariidae,Cuspidaria,rostrata,(Spengler 1793),non_suspension,unattached,mobile,infaunal,18,18,25.0998007960223,31.167840812
112007,Cuspidariidae,Cuspidaria,sadoensis,Okutani & Ito 1983,non_suspension,unattached,mobile,infaunal,150,150,3.04138126514911,17.779359526
103982,Cuspidariidae,Cuspidaria,subtorta,(Sars 1878),non_suspension,unattached,mobile,infaunal,1,1,8.06225774829855,21.36666616
103983,Cuspidariidae,Cuspidaria,suganumai,Nomura 1940,non_suspension,unattached,mobile,infaunal,106,106,16.1245154965971,25.731450295
103989,Cuspidariidae,Cuspidaria,tenella,E.A. Smith 1907,non_suspension,unattached,mobile,infaunal,183,183,34.4760786633283,13.07081967
103993,Cuspidariidae,Cuspidaria,teramachii,Kuroda 1948,non_suspension,unattached,mobile,infaunal,100,100,28.1307660755977,18.986936917
104012,Cuspidariidae,Cuspidaria,truncata,Hedley 1905,non_suspension,unattached,mobile,infaunal,131,131,2.92831009286926,5.33028211
104027,Cuspidariidae,Cuspidaria,willetti,Fleming 1948,non_suspension,unattached,mobile,infaunal,25,25,14.9331845230681,14.513740292
103684,Cuspidariidae,Halonympha,asiatica,Hayami & Kase 1993,non_suspension,unattached,mobile,infaunal,7,7,4.44690903887183,8.05710744
111801,Cuspidariidae,Krylovina,lynnae,Valentich-Scott & Coan 2012,non_suspension,unattached,mobile,infaunal,78,78,6.81175454637056,4.88384994
103783,Cuspidariidae,Kurodamya,fortisculpta,(Kuroda 1948),non_suspension,unattached,mobile,infaunal,100,100,15.0149925074906,20.604193557
103660,Cuspidariidae,Leiomya,adunca,(Gould 1861),non_suspension,unattached,mobile,infaunal,15,15,5.3665631459995,29.498422962
103921,Cuspidariidae,Luzonia,philippinensis,(Hinds 1843),non_suspension,unattached,mobile,infaunal,36,36,3.20780298646909,3.68702379
104025,Cuspidariidae,Luzonia,walleri,Bernard 1989,non_suspension,unattached,mobile,infaunal,100,100,12.6964561984831,30.153333588
103844,Cuspidariidae,Myonera,lamellifera,Dall 1881,non_suspension,unattached,mobile,infaunal,60,60,10,15.22428454
111779,Cuspidariidae,Myonera,n.sp.,Raines and Huber 2012,non_suspension,unattached,mobile,infaunal,50,50,5.47722557505166,5.24500001
104010,Cuspidariidae,Nordoneaera,trosaetes,Dall 1925,non_suspension,unattached,mobile,infaunal,50,50,24,27.17940453
103704,Cuspidariidae,Plectodon,brazieri,(E. A. Smith 1885),non_suspension,unattached,mobile,infaunal,4,4,4.7116875957559,18.105999963
103706,Cuspidariidae,Plectodon,braziliensis,(E.A. Smith 1915),non_suspension,unattached,mobile,infaunal,72,72,26.4007575648882,17.07409783
103805,Cuspidariidae,Plectodon,granulatus,(Dall 1881),non_suspension,unattached,mobile,infaunal,33,33,12.9383151917087,19.08009618
104056,Cuspidariidae,Plectodon,lepidus,Marshall 2002,non_suspension,unattached,mobile,infaunal,46,46,4.87749935930288,12.106406823
103852,Cuspidariidae,Plectodon,ligula,(Yokoyama 1922),non_suspension,unattached,mobile,infaunal,10,10,14.8357675905226,26.955015094
104057,Cuspidariidae,Plectodon,pruinosus,Marshall 2002,non_suspension,unattached,mobile,infaunal,98,98,4.80884601541784,5.50645447
104058,Cuspidariidae,Plectodon,regalis,Marshall 2002,non_suspension,unattached,mobile,infaunal,88,88,4.68614980554399,5.50645447
103951,Cuspidariidae,Plectodon,scaber,Carpenter 1866,non_suspension,unattached,mobile,infaunal,20,20,19.9223492590608,19.40221466
104055,Cuspidariidae,Pseudogrippina,wanganellica,Marshall 2002,non_suspension,unattached,mobile,infaunal,113,113,2.48193472919817,5.32377619
103868,Cuspidariidae,Pseudoneaera,minor,Thiele & Jaeckel 1931,non_suspension,unattached,mobile,infaunal,50,50,3.46410161513775,15.75297852
103955,Cuspidariidae,Pseudoneaera,semipellucida,(Kuroda 1948),non_suspension,unattached,mobile,infaunal,39,39,7.93725393319377,31.476604892
104008,Cuspidariidae,Pseudoneaera,trigonalis,(Tate 1897),non_suspension,unattached,mobile,infaunal,24,24,4.69041575982343,12.34666685
104026,Cuspidariidae,Pseudoneaera,wellmani,(Fleming 1948),non_suspension,unattached,mobile,infaunal,7,7,6,14.513740292
103641,Cuspidariidae,Rengea,caduca,(E.A. Smith 1894),non_suspension,unattached,mobile,infaunal,50,50,23.3238075793812,24.226579028
103670,Cuspidariidae,Rhinoclama,alta,(Verco 1908),non_suspension,unattached,mobile,infaunal,73,73,5.21536192416212,13.484286633
103690,Cuspidariidae,Rhinoclama,aupouria,(Dell 1950),non_suspension,unattached,mobile,infaunal,137,137,14.0313933734323,12.106406823
103756,Cuspidariidae,Rhinoclama,dubia,(Pelseneer 1911),non_suspension,unattached,mobile,infaunal,85,85,6.72606868832009,17.0319202
103942,Cuspidariidae,Rhinoclama,rugata,(A. Adams 1846),non_suspension,unattached,mobile,infaunal,46,46,6.67233092704491,19.3570559
103963,Cuspidariidae,Rhinoclama,simulans,(Tate 1897),non_suspension,unattached,mobile,infaunal,75,75,5.09901951359278,8.58499995
103988,Cuspidariidae,Rhinoclama,tasmanica,(Tenison-Woods 1876),non_suspension,unattached,mobile,infaunal,11,11,3.93700393700591,10.106963837
104003,Cuspidariidae,Rhinoclama,trailli,(Hutton 1873),non_suspension,unattached,mobile,infaunal,9,9,12,14.513740292
112418,Cuspidariidae,Rhinoclama,tsugaruensis,Yamazaki 2008,non_suspension,unattached,mobile,infaunal,25,25,4.49363994997374,19.453407505
103840,Cuspidariidae,Soyomya,kurohijii,(Okutani 1972),non_suspension,unattached,mobile,infaunal,50,50,25.868900247208,20.311750146
103649,Cuspidariidae,Tropidomya,abbreviata,(Forbes 1843),non_suspension,unattached,mobile,infaunal,55,55,8.36660026534076,30.547952356
112814,Cyamiidae,Cyamiocardium,chuanisinense,Urcola & Zelaya 2018,suspension,unattached,mobile,infaunal,10,10,3.84967531098403,4.91197177
112813,Cyamiidae,Cyamiocardium,crassilabrum,Dell 1964,suspension,unattached,mobile,infaunal,161,161,6.3,7.666174009
112810,Cyamiidae,Cyamiocardium,dahli,Soot-Ryen 1957,suspension,unattached,mobile,infaunal,5,5,4.7,16.450000078
112811,Cyamiidae,Cyamiocardium,denticulatum,(E. A. Smith 1907),suspension,unattached,mobile,infaunal,5,5,5.19903837262238,7.751729306
112817,Cyamiidae,Cyamiocardium,domaneschii,Passos & Machado 2014,suspension,unattached,mobile,infaunal,26,26,2.53495562091331,4.91336775
112815,Cyamiidae,Cyamiocardium,namuncurense,Urcola & Zelaya 2018,suspension,unattached,mobile,infaunal,122,122,4.94772675074119,7.666174009
112812,Cyamiidae,Cyamiocardium,rotundatum,(Thiele 1912),suspension,unattached,mobile,infaunal,38,38,5.74978260458602,3.107540048
112816,Cyamiidae,Cyamiocardium,yeskumaala,Urcola & Zelaya 2018,suspension,unattached,mobile,infaunal,188,188,4.58982570475176,7.98799022
112790,Cyamiidae,Cyamiomactra,balaustina,(Gould 1861),suspension,unattached,mobile,infaunal,1,1,2.39165214862028,12.74704478
112791,Cyamiidae,Cyamiomactra,carina,Laseron 1953,suspension,unattached,mobile,infaunal,NA,NA,2.62678510731274,6.48228326
112792,Cyamiidae,Cyamiomactra,chilensis,Ramorino 1968,suspension,unattached,mobile,infaunal,20,20,2.4454038521275,4.64485705
112793,Cyamiidae,Cyamiomactra,distorta,Laseron 1953,suspension,unattached,mobile,infaunal,NA,NA,2.17944947177034,5.957547
112794,Cyamiidae,Cyamiomactra,laminifera,(Lamy 1906),suspension,unattached,mobile,infaunal,0,0,17.5982953719956,13.37425005
112795,Cyamiidae,Cyamiomactra,problematica,Bernard 1897,suspension,unattached,mobile,infaunal,5,5,3.67423461417477,15.18046213
112796,Cyamiidae,Cyamiomactra,symmetrica,Laseron 1953,suspension,unattached,mobile,infaunal,55,55,2.09045449603669,6.41223532
112785,Cyamiidae,Cyamium,antarcticum,Philippi 1845,suspension,unattached,mobile,infaunal,10,10,9.29300812439115,8.331985964
112786,Cyamiidae,Cyamium,communis,(Hedley 1906),suspension,unattached,mobile,infaunal,NA,5,1.54919333848297,16.169750013
112787,Cyamiidae,Cyamium,falklandicum,Melvill & Standen 1898,suspension,unattached,mobile,infaunal,1,1,9.16515138991168,7.666174009
112788,Cyamiidae,Cyamium,fragillimum,(Thiele 1912),suspension,unattached,mobile,infaunal,NA,NA,3.51425667816112,5.054360886
112789,Cyamiidae,Cyamium,willii,Pfeffer in Martens & Pfeffer 1886,suspension,unattached,mobile,infaunal,1,1,3.60555127546399,3.8502353
101524,Cyamiidae,Jukesena,foveolata,(Cooper & Preston 1910),suspension,attached,mobile,infaunal,0,0,4.52990066116245,7.666174009
112818,Cyamiidae,Legrandina,aucklandica,Powell 1933,suspension,attached,mobile,epifaunal,1,1,1.81659021245849,4.29887698
112819,Cyamiidae,Legrandina,bernardi,(Tate & May 1901),suspension,attached,mobile,epifaunal,NA,NA,1.87616630392937,10.744125717
112821,Cyamiidae,Legrandina,harrisonae,(Powell 1935),suspension,attached,mobile,epifaunal,NA,NA,1.5467708298258,3.01839692
112829,Cyamiidae,Legrandina,turneri,(Powell 1939),suspension,attached,mobile,epifaunal,0,0,2.56904651573303,8.490787911
112820,Cyamiidae,Perrierina,georgiana,Fleming 1948,suspension,unattached,mobile,infaunal,35,35,1.3490737563232,8.979416063
112823,Cyamiidae,Perrierina,matai,Fleming 1948,suspension,unattached,mobile,infaunal,62,62,1.39642400437689,6.537820385
112824,Cyamiidae,Perrierina,mestayerae,Powell 1933,suspension,unattached,mobile,infaunal,91,91,1.68819430161341,3.136310177
112825,Cyamiidae,Perrierina,perstriata,Fleming 1948,suspension,unattached,mobile,infaunal,27,27,2.33666428910958,4.72180346
112826,Cyamiidae,Perrierina,subquadrangula,Dell 1952,suspension,unattached,mobile,infaunal,95,95,1.58745078663875,5.26866667
112827,Cyamiidae,Perrierina,substriata,Powell 1935,suspension,unattached,mobile,infaunal,NA,NA,2.35902522241709,5.01762231
112828,Cyamiidae,Perrierina,taxodonta,Bernard 1897,suspension,unattached,mobile,infaunal,64,64,2.95803989154981,5.861110305
112832,Cyamiidae,Pseudokellya,cardiformis,(E. A. Smith 1885),suspension,attached,mobile,epifaunal,0,0,7.4,13.37425005
112833,Cyamiidae,Pseudokellya,franki,Zelaya & Ituarte 2009,suspension,attached,mobile,epifaunal,10,10,4.04722126896961,2.701473681
112834,Cyamiidae,Pseudokellya,gradata,Thiele 1912,suspension,attached,mobile,epifaunal,73,73,5.29622507074614,2.621821973
112835,Cyamiidae,Ptychocardia,georgiana,(Dell 1964),suspension,unattached,mobile,infaunal,120,120,5.84807660688538,3.8502353
112836,Cyamiidae,Ptychocardia,vanhoeffeni,Thiele 1912,suspension,unattached,mobile,infaunal,100,100,8.15475321515004,0.439363056
112830,Cyamiidae,Reloncavia,chilenica,(Soot-Ryen 1957),suspension,unattached,mobile,infaunal,0,0,5.0950956811428,9.598333295
112831,Cyamiidae,Reloncavia,mactroides,Tate & May 1900,suspension,unattached,mobile,infaunal,11,11,1.98997487421324,19.866999853
106253,Dimyidae,Basiliomya,goreaui,Bayer 1971,suspension,attached,immobile,epifaunal,23,23,6.47224845011376,7.44695947
106251,Dimyidae,Dimya,argentea,Dall 1886,suspension,attached,immobile,epifaunal,54,54,15.7480157480236,19.91667863
100354,Dimyidae,Dimya,californiana,Berry 1936,suspension,attached,immobile,epifaunal,35,35,15.4822478988033,18.29056428
105516,Dimyidae,Dimya,corrugata,Hedley 1902,suspension,attached,immobile,epifaunal,91,91,10.9544511501033,13.24181828
100345,Dimyidae,Dimya,filipina,Bartsch 1913,suspension,attached,immobile,epifaunal,20,20,18.7616630392937,21.063507986
111910,Dimyidae,Dimya,fimbricostata,Vokes 1979,suspension,attached,immobile,epifaunal,54,54,21.2499411763892,8.4278946
100348,Dimyidae,Dimya,japonica,Habe 1971,suspension,attached,immobile,epifaunal,20,20,35.6763226804557,28.412257981
110763,Dimyidae,Dimya,lima,Bartsch 1913,suspension,attached,immobile,epifaunal,47,47,14.4654761414894,7.73047849
111913,Dimyidae,Dimya,maoria,Powell 1937,suspension,attached,immobile,epifaunal,154,154,6.85346627627218,7.26642863
106359,Dimyidae,Dimya,mimula,"Dall, Bartsch & Rehder 1938",suspension,attached,immobile,epifaunal,50,50,13.490737563232,6.75469556
106252,Dimyidae,Dimya,tigrina,Bayer 1971,suspension,attached,immobile,epifaunal,24,24,11.6395876215612,16.02952032
106373,Dimyidae,Dimyella,molokaia,"(Dall, Bartsch & Rehder 1938)",suspension,attached,immobile,epifaunal,30,30,7.48331477354788,6.75469556
111908,Dimyidae,Dimyella,n.sp. 1,Waller 2012,suspension,attached,immobile,epifaunal,2,2,2.39791576165636,3.14826251
106254,Dimyidae,Dimyella,starcki,Moore 1969,suspension,attached,immobile,epifaunal,2,2,2.7495454169735,10.4142425
100933,Donacidae,Amphichaena,kindermanni,(Philippi 1847),suspension,unattached,mobile,infaunal,0,0,29.2301214503122,6.4229767
100955,Donacidae,Assimilidonax,asper,(Hanley 1845),suspension,unattached,mobile,infaunal,0,0,41.4752938506769,10.74142142
100956,Donacidae,Assimilidonax,assimilis,Hanley 1845,suspension,unattached,mobile,infaunal,0,0,36.8727541688982,11.97444444
100960,Donacidae,Assimilidonax,dentifer,(Hanley 1843),suspension,unattached,mobile,infaunal,0,0,41.4535885057012,13.11219048
100972,Donacidae,Assimilidonax,striatus,(Linnaeus 1767),suspension,unattached,mobile,infaunal,0,0,33.2866339541865,7.62503771
112976,Donacidae,Capsella,prolongatus,(Turton 1932),suspension,unattached,mobile,infaunal,20,20,23.192455669894,18.10124946
100936,Donacidae,Capsella,variegatus,(Gmelin 1791),suspension,unattached,mobile,infaunal,0,0,27.6832079065993,26.516515127
100989,Donacidae,Carinadonax,carinatus,Hanley 1843,suspension,unattached,mobile,infaunal,0,0,39.2326394727655,13.48108642
100992,Donacidae,Carinadonax,transversus,(Sowerby 1825),suspension,unattached,mobile,infaunal,0,0,30.7125381562645,13.75348195
100937,Donacidae,Chion,caelatus,(Carpenter 1857),suspension,unattached,mobile,infaunal,0,0,37.9552367928327,15.87628206
100938,Donacidae,Chion,culter,(Hanley 1845),suspension,unattached,mobile,infaunal,0,0,33.725361376863,11.74418833
100939,Donacidae,Chion,denticulatus,Linnaeus 1758,suspension,unattached,mobile,infaunal,0,0,25.3304164987471,8.38905428
100940,Donacidae,Chion,ecuadorianus,(Olsson 1961),suspension,unattached,mobile,infaunal,0,0,17.2973986483517,10.25038112
111623,Donacidae,Chion,grasi,Huber 2010,suspension,unattached,mobile,infaunal,NA,5,11.8819190369233,6.31324234
100942,Donacidae,Chion,obesulus,Reeve 1854,suspension,unattached,mobile,infaunal,0,0,37.4106936583646,12.56572514
100943,Donacidae,Chion,obesus,(d'Orbigny 1845),suspension,unattached,mobile,infaunal,0,0,13.5617108065317,13.16817802
100944,Donacidae,Chion,punctatostriatus,(Hanley 1843),suspension,unattached,mobile,infaunal,0,0,38.262252939418,17.19340653
111660,Donacidae,Chion,rothi,Coan 1983,suspension,unattached,mobile,infaunal,0,0,18.5126983446498,11.65676525
100949,Donacidae,Cuneus,semistriatus,(Poli 1795),suspension,unattached,mobile,infaunal,0,0,25.8824264704838,22.861666644
100950,Donacidae,Cuneus,venustus,(Poli 1795),suspension,unattached,mobile,infaunal,1,1,20.7846096908265,22.861666644
100951,Donacidae,Cuneus,vittatus,(da Costa 1778),suspension,unattached,mobile,infaunal,0,0,31.8119474411737,30.547952356
111896,Donacidae,Deltachion,baliregteri,Huber 2012,suspension,unattached,mobile,infaunal,0,0,9.45092588056853,2.39023743
100958,Donacidae,Deltachion,bipartitus,"Sowerby III, 1892",suspension,unattached,mobile,infaunal,4,4,16.261918705983,9.76074866
100952,Donacidae,Deltachion,brazieri,E.A. Smith 1892,suspension,unattached,mobile,infaunal,0,0,16.4672402059361,21.06885968
111895,Donacidae,Deltachion,bruneirufi,Huber 2012,suspension,unattached,mobile,infaunal,0,0,12.1194059260345,6.07717925
100945,Donacidae,Deltachion,semigranosus,(Dunker 1877),suspension,unattached,mobile,infaunal,0,0,17.4355957741627,23.926260044
100969,Donacidae,Deltachion,semisulcatus,Hanley 1843,suspension,unattached,mobile,infaunal,10,10,15.2065775242163,8.73389537
113037,Donacidae,Deltachion,spiniferus,Raven 2021,suspension,unattached,mobile,infaunal,0,0,14.8660687473185,5.01225799
100986,Donacidae,Deltachion,spinosus,(Gmelin 1791),suspension,unattached,mobile,infaunal,0,0,15.7368993133972,8.66520262
101004,Donacidae,Donax,erythraeensis,(Bertin 1881),suspension,unattached,mobile,infaunal,2,2,11.6189500386223,20.31424225
112109,Donacidae,Donax,hanleyanus,Philippi 1847,suspension,unattached,mobile,infaunal,0,0,32.7749904652923,16.71254047
100967,Donacidae,Donax,pulchellus,Hanley 1843,suspension,unattached,mobile,infaunal,0,0,12.6570138658374,11.51297915
112918,Donacidae,Donax,pusillus,Philippi 1849,suspension,unattached,mobile,infaunal,1,1,9.47523086789974,11.51297915
100968,Donacidae,Donax,rugosus,Linnaeus 1758,suspension,unattached,mobile,infaunal,0,0,47.6864760702655,13.77372898
100985,Donacidae,Donax,serra,(Roeding 1798),suspension,unattached,mobile,infaunal,0,0,68.8197646029104,16.93826433
100971,Donacidae,Donax,simplex,"Sowerby III, 1897",suspension,unattached,mobile,infaunal,1,1,9.79030132324843,8.75014869
110596,Donacidae,Donax,spiculum,(Reeve 1855),suspension,unattached,mobile,infaunal,0,0,11.4551298552221,10.1888309
101002,Donacidae,Donax,verdensis,Cosel 1995,suspension,unattached,mobile,infaunal,3,3,14.6526448124562,5.12526553
100977,Donacidae,Grammatodonax,madagascariensis,(Wood 1828),suspension,unattached,mobile,infaunal,0,0,25.2784493195291,14.63993185
100978,Donacidae,Grammatodonax,sordidus,(Hanley 1845),suspension,unattached,mobile,infaunal,0,0,24.0831891575846,9.17969959
100979,Donacidae,Hecuba,scortum,(Linnaeus 1758),suspension,unattached,mobile,infaunal,0,0,60.697281652476,20.60368675
101481,Donacidae,Iphigenia,altior,(Sowerby 1833),suspension,unattached,mobile,infaunal,0,0,75.3730721146485,14.13406238
101482,Donacidae,Iphigenia,brasiliensis,(Lamarck 1818),suspension,unattached,mobile,infaunal,0,0,66.603078006951,19.28389474
101483,Donacidae,Iphigenia,laevigata,(Gmelin 1791),suspension,unattached,mobile,infaunal,0,0,71.4142842854285,9.44991625
113039,Donacidae,Latona,bicolor,Gmelin 1791,suspension,unattached,mobile,infaunal,0,0,29.5038980475462,22.445833244
100980,Donacidae,Latona,columbella,(Lamarck 1818),suspension,unattached,mobile,infaunal,0,0,24.5356882927706,13.63694113
100982,Donacidae,Latona,cuneatus,(Linnaeus 1758),suspension,unattached,mobile,infaunal,0,0,37.9889852457262,20.60368675
100983,Donacidae,Latona,faba,(Gmelin 1791),suspension,unattached,mobile,infaunal,0,0,24.565422854085,21.31826084
100941,Donacidae,Latona,incarnatus,(Gmelin 1791),suspension,unattached,mobile,infaunal,0,0,19.3390796058137,19.09867645
112973,Donacidae,Latona,listeri,Hanley 1882,suspension,unattached,mobile,infaunal,NA,5,29.7491176339736,5.01832708
100984,Donacidae,Latona,lubricus,(Hanley 1845),suspension,unattached,mobile,infaunal,0,0,27.9642629082191,9.77548922
112977,Donacidae,Latona,purpurascens,(Gmelin 1791),suspension,unattached,mobile,infaunal,0,0,46.4176690496195,8.73389537
113059,Donacidae,Latona,saigonensis,Crosse & Fischer 1864,suspension,unattached,mobile,infaunal,0,0,17.0455272725721,3.28465747
112974,Donacidae,Latona,siliqua,Roemer 1870,suspension,unattached,mobile,infaunal,0,0,19.1468012994338,9.34428586
112639,Donacidae,Latona,solidus,(Spengler 1798),suspension,unattached,mobile,infaunal,1,1,27.8424136884718,13.93769374
102132,Donacidae,Latona,szemiami,Oostingh 1931,suspension,unattached,mobile,infaunal,NA,NA,11.9582607431014,2.20144148
100947,Donacidae,Latona,ticaonicus,(Hanley 1845),suspension,unattached,mobile,infaunal,0,0,27.2029410174709,9.73035229
100974,Donacidae,Latona,trifasciatus,(Linnaeus 1758),suspension,unattached,mobile,infaunal,0,0,26.7088000479243,20.31424225
100988,Donacidae,Machaerodonax,acutangulus,"(""Deshayes"" Reeve 1854)",suspension,unattached,mobile,infaunal,0,0,15.9059737205869,11.12012195
112972,Donacidae,Machaerodonax,impar,(Hanley 1882),suspension,unattached,mobile,infaunal,1,1,13.0422390715705,12.55135607
100990,Donacidae,Machaerodonax,phariformis,von Cosel 1995,suspension,unattached,mobile,infaunal,0,0,11.4769333883229,7.83410619
112678,Donacidae,Machaerodonax,pseudacutangulus,von Cosel & Gofas 2018,suspension,unattached,mobile,infaunal,0,0,10.6160256216722,11.92624927
100991,Donacidae,Machaerodonax,scalpellum,(Gray 1825),suspension,unattached,mobile,infaunal,NA,5,27.6586333718787,18.38328981
100994,Donacidae,Paradonax,californicus,(Conrad 1837),suspension,unattached,mobile,infaunal,0,0,22.9128784747792,20.93696993
100995,Donacidae,Paradonax,gracilis,(Hanley 1845),suspension,unattached,mobile,infaunal,0,0,16.4863579968409,17.19340653
105944,Donacidae,Paraserrula,fossor,(Say 1822),suspension,unattached,mobile,infaunal,0,0,14.0694704946562,28.491714418
100961,Donacidae,Paraserrula,gemmulus,Morrison 1971,suspension,unattached,mobile,infaunal,0,0,7.70713954719908,18.31326844
100998,Donacidae,Paraserrula,gouldii,Dall 1921,suspension,unattached,mobile,infaunal,0,0,32.126001929901,18.70280294
112978,Donacidae,Paraserrula,introradiatus,Reeve 1855,suspension,unattached,mobile,infaunal,NA,NA,14.8189068422742,4.32588241
100946,Donacidae,Paraserrula,texasianus,(Philippi 1847),suspension,unattached,mobile,infaunal,0,0,12.6491106406735,17.54340922
100948,Donacidae,Paraserrula,variabilis,(Say 1822),suspension,unattached,mobile,infaunal,0,0,20.9618701455762,29.241565562
100976,Donacidae,Paraserrula,vellicatus,Reeve 1855,suspension,unattached,mobile,infaunal,0,0,25.4165300542777,7.62503771
100997,Donacidae,Plebidonax,deltoides,(Lamarck 1818),suspension,unattached,mobile,infaunal,0,0,66.7952094090587,21.06885968
101003,Donacidae,Serrula,clathratus,"(""Deshayes"" Reeve 1854)",suspension,unattached,mobile,infaunal,1,1,14.2828568570857,18.38328981
101005,Donacidae,Serrula,townsendi,(Sowerby III 1894),suspension,unattached,mobile,infaunal,NA,5,23.8058816261864,16.11900418
101006,Donacidae,Serrula,trunculus,(Linnaeus 1758),suspension,unattached,mobile,infaunal,0,0,37.8516842425803,28.242961288
100993,Donacidae,Tentidonax,aperittus,(Melvill 1897),suspension,unattached,mobile,infaunal,NA,5,10.9544511501033,12.75307738
100957,Donacidae,Tentidonax,bertini,(Pilsbry 1901),suspension,unattached,mobile,infaunal,1,1,10.7470926301023,10.86587304
113038,Donacidae,Tentidonax,borneensis,Raven 2021,suspension,unattached,mobile,infaunal,4,4,5.05964425626941,3.19050829
100934,Donacidae,Tentidonax,burnupi,(Sowerby III 1897),suspension,unattached,mobile,infaunal,2,2,24,17.77208356
100935,Donacidae,Tentidonax,domaini,Cosel 1995,suspension,unattached,mobile,infaunal,15,15,10.4498803820905,8.91318519
101007,Donacidae,Tentidonax,francisensis,Cotton & Godfrey 1938,suspension,unattached,mobile,infaunal,64,64,7.84856674813943,8.26099993
101008,Donacidae,Tentidonax,kiusiuensis,(Pilsbry 1901),suspension,unattached,mobile,infaunal,0,0,8.69022439296017,31.201091862
100965,Donacidae,Tentidonax,owenii,"(""Gray"" Hanley 1843)",suspension,unattached,mobile,infaunal,1,1,21.3915871313935,13.19842904
101009,Donacidae,Tentidonax,veruinus,(Hedley 1913),suspension,unattached,mobile,infaunal,0,0,7.97496081495075,20.66828993
102205,Entoliidae,Pectinella,aequoris,Dijkstra 1991,suspension,attached,mobile,epifaunal,10,10,25.2903143515457,11.42757438
111925,Entoliidae,Pectinella,sigsbeei,(Dall 1886),suspension,attached,mobile,epifaunal,119,119,15.0059988004798,2.65692322
103618,Euciroidae,Euciroa,crassa,Thiele & Jackson 1931,non_suspension,unattached,mobile,infaunal,50,50,35.4118624192515,27.347333252
103619,Euciroidae,Euciroa,eburnea,(Wood-Mason & Alcock 1891),non_suspension,unattached,mobile,infaunal,50,50,37.103908149951,3.44795682
103802,Euciroidae,Euciroa,granifera,Cotton 1931,non_suspension,unattached,mobile,infaunal,20,20,6.00333240792145,12.34666685
103620,Euciroidae,Euciroa,millegemmata,Kuroda & Habe in Kuroda 1952,non_suspension,unattached,mobile,infaunal,100,100,19.8166596579747,22.642346715
104399,Euciroidae,Euciroa,queenslandica,Lamprell & Healy 1997,non_suspension,unattached,mobile,infaunal,128,128,38.641816727478,11.2155173
103972,Euciroidae,Euciroa,spinosa,Thiele & Jaeckel 1931,non_suspension,unattached,mobile,infaunal,50,50,10.5924501414923,3.44795682
112802,Gaimardiidae,Costokidderia,costata,Odhner 1924,suspension,attached,mobile,epifaunal,2,2,5.29150262212918,14.513740292
112807,Gaimardiidae,Cyamionema,pusilla,(Gould 1861),suspension,attached,mobile,epifaunal,0,0,4.56946386351834,7.949391083
111985,Gaimardiidae,Eugaimardia,perplexa,(Cotton 1931),suspension,attached,mobile,epifaunal,1,1,4.60434577328853,6.99666671
111974,Gaimardiidae,Gaimardia,adamsiorum,Osorio & Arnaud 1984,suspension,attached,mobile,epifaunal,0,0,4.47213595499958,10.37345125
111975,Gaimardiidae,Gaimardia,bahamondei,Osorio & Arnaud 1984,suspension,attached,mobile,epifaunal,4.5,4.5,8.88819441731559,17.535416609
111976,Gaimardiidae,Gaimardia,coccinea,Hedley 1916,suspension,attached,mobile,epifaunal,NA,5,15.9561900214306,3.739037317
111978,Gaimardiidae,Gaimardia,forsteriana,Finlay 1926,suspension,attached,mobile,epifaunal,0,0,3.85356977359954,10.26917648
111979,Gaimardiidae,Gaimardia,kerguelensis,(E.A. Smith 1885),suspension,attached,mobile,epifaunal,23,23,18.072077910412,5.054360886
111980,Gaimardiidae,Gaimardia,mesembrina,(Melvill & Standen 1907),suspension,attached,mobile,epifaunal,0,0,5.55652769272322,8.953219658
111984,Gaimardiidae,Gaimardia,trapesina,(Lamarck 1819),suspension,attached,mobile,epifaunal,0,0,26.5329983228432,27.813769269
112797,Gaimardiidae,Kidderia,acrobeles,(Suter 1913),suspension,attached,mobile,epifaunal,5,5,4.48776113446337,7.56771056
112798,Gaimardiidae,Kidderia,aupouria,Powell 1933,suspension,attached,mobile,epifaunal,NA,5,2.14242852856286,6.64411455
112799,Gaimardiidae,Kidderia,bicolor,(von Martens 1885),suspension,attached,mobile,epifaunal,NA,5,4.30116263352131,5.788428672
112800,Gaimardiidae,Kidderia,bisulcata,(E. A. Smith 1877),suspension,attached,mobile,epifaunal,NA,NA,4.78957200593122,5.054360886
112801,Gaimardiidae,Kidderia,campbellica,Odhner 1924,suspension,attached,mobile,epifaunal,0,0,5.61248608016091,3.168342256
112803,Gaimardiidae,Kidderia,fiordlandica,Fleming 1948,suspension,attached,mobile,epifaunal,62,62,2.48997991959775,8.979416063
112804,Gaimardiidae,Kidderia,marshalli,Fleming 1948,suspension,attached,mobile,epifaunal,62,62,3.62767142944341,8.545259806
112805,Gaimardiidae,Kidderia,minuta,Dall 1876,suspension,attached,mobile,epifaunal,0,0,3.46410161513775,8.621578966
112806,Gaimardiidae,Kidderia,oblonga,(E. A. Smith 1898),suspension,attached,mobile,epifaunal,NA,5,5.65685424949238,3.739037317
112808,Gaimardiidae,Kidderia,rakiura,Powell 1939,suspension,attached,mobile,epifaunal,7,7,6.41560597293818,3.01839692
112809,Gaimardiidae,Kidderia,subquadrata,(Pelseneer 1903),suspension,attached,mobile,epifaunal,0,0,3.56230262611138,8.031231874
111977,Gaimardiidae,Neogaimardia,finlayi,(Powell 1933),suspension,attached,mobile,epifaunal,0,0,2.48193472919817,6.64411455
111982,Gaimardiidae,Neogaimardia,rostellata,(Tate 1889),suspension,attached,mobile,epifaunal,13,13,2.23606797749979,10.83439408
111983,Gaimardiidae,Neogaimardia,tasmanica,(Beddome 1883),suspension,attached,mobile,epifaunal,3,3,3.87298334620742,14.387842243
111981,Gaimardiidae,Progaimardia,minutissima, (Iredale 1908),suspension,unattached,mobile,epifaunal,0,0,2,14.125796902
112342,Gastrochaenidae,Cucurbitula,aedificator,(Folin in Folin & Périer 1879),suspension,attached,immobile,epifaunal,NA,NA,2.71108834234519,2.29322306
105978,Gastrochaenidae,Cucurbitula,cymbium,(Spengler 1783),suspension,attached,immobile,epifaunal,2,2,8.66025403784439,35.130334242
106026,Gastrochaenidae,Cucurbitula,tasmanica,Tennison-Woods 1876,suspension,attached,immobile,epifaunal,18,18,7.66485485837795,14.981000183
105979,Gastrochaenidae,Dufoichaena,dentifera,(Dufo 1840),suspension,unattached,immobile,infaunal,5,5,13.1681433771052,20.31424225
106023,Gastrochaenidae,Dufoichaena,pexiphora,(Sturany 1899),suspension,unattached,immobile,infaunal,2,2,12.2670289801565,11.94140634
105952,Gastrochaenidae,Eufistulana,agglutinans,(Deshayes 1854),suspension,unattached,immobile,infaunal,10,10,15.1459565561241,16.05709184
105990,Gastrochaenidae,Eufistulana,grandis,(Deshayes 1855),suspension,unattached,immobile,infaunal,10,10,18.9712941045149,31.462212032
106020,Gastrochaenidae,Eufistulana,mumia,(Spengler 1783),suspension,unattached,immobile,infaunal,NA,5,15.2249794745346,13.22500038
105961,Gastrochaenidae,Gastrochaena,brevis,Sowerby 1834,suspension,unattached,immobile,infaunal,5,5,16.2018517460196,8.10018186
106137,Gastrochaenidae,Gastrochaena,carteri,Nielsen 1986,suspension,unattached,immobile,infaunal,NA,5,4.71728735609778,6.54982748
105970,Gastrochaenidae,Gastrochaena,cuneiformis,Spengler 1783,suspension,unattached,immobile,infaunal,0,0,27.8567765543682,32.882575626
106169,Gastrochaenidae,Gastrochaena,denticulata,Deshayes 1855,suspension,unattached,immobile,infaunal,0,0,15.7162336455017,21.093178165
105982,Gastrochaenidae,Gastrochaena,difficilis,Deshayes 1855,suspension,unattached,immobile,infaunal,0,0,18.1659021245849,19.08009618
100664,Gastrochaenidae,Gastrochaena,frondosa,Cotton 1930,suspension,unattached,immobile,infaunal,NA,5,22.6163657557973,12.222573123
102150,Gastrochaenidae,Gastrochaena,humilis,Deshayes 1855,suspension,unattached,immobile,infaunal,NA,NA,10.4163333279998,2.26843356
106016,Gastrochaenidae,Gastrochaena,kanaka,"(Dall, Bartsch & Rehder 1938)",suspension,unattached,immobile,infaunal,1,1,7.62889244910426,3.43599318
106019,Gastrochaenidae,Gastrochaena,macroschisma,Deshayes 1855,suspension,unattached,immobile,infaunal,NA,NA,18.0277563773199,5.58367652
106022,Gastrochaenidae,Gastrochaena,ovata,Sowerby I 1834,suspension,unattached,immobile,infaunal,5,5,23.3580821130503,17.32567399
106024,Gastrochaenidae,Gastrochaena,philippinensis,Deshayes 1854,suspension,unattached,immobile,infaunal,3,3,9.5734006497169,10.44277816
102524,Gastrochaenidae,Gastrochaena,spathulata,Deshayes 1855,suspension,unattached,immobile,infaunal,NA,NA,8.72926113711808,3.43826424
106028,Gastrochaenidae,Gastrochaena,tumidula,Thiele 1930,suspension,unattached,immobile,infaunal,NA,NA,8.97217922246318,10.69703316
106014,Gastrochaenidae,Lamychaena,hians,(Gmelin 1791),suspension,unattached,immobile,infaunal,0,0,13.4164078649987,20.00635638
111787,Gastrochaenidae,Lamychaena,paredesi,Valentich-Scott & Coan 2012,suspension,unattached,immobile,infaunal,NA,NA,10.3150375665821,4.26550461
106027,Gastrochaenidae,Lamychaena,truncata,(Sowerby 1834),suspension,unattached,immobile,infaunal,0,0,24.445858544956,17.94966261
106029,Gastrochaenidae,Lamychaena,weinkauffi,(Sturany 1899),suspension,unattached,immobile,infaunal,10,10,14.8996644257513,22.56142189
106222,Gastrochaenidae,Rocellaria,carcellesi,(Castellanos 1970),suspension,unattached,immobile,infaunal,NA,5,4.48330235429198,14.6196229
105986,Gastrochaenidae,Rocellaria,dubia,(Pennant 1777),suspension,unattached,immobile,infaunal,0,0,20.2928558857545,26.516515127
111784,Gastrochaenidae,Rocellaria,ruppellii,(Deshayes 1855),suspension,unattached,immobile,infaunal,1,1,10.5830052442584,9.17969959
106221,Gastrochaenidae,Rocellaria,stimpsoni,Tryon 1861,suspension,unattached,immobile,infaunal,9,9,8.06225774829855,18.90144388
105954,Gastrochaenidae,Spengleria,apertissima,(Deshayes 1855),suspension,unattached,immobile,infaunal,1,1,15.9059737205869,9.80797883
106021,Gastrochaenidae,Spengleria,mytiloides,(Lamarck 1818),suspension,unattached,immobile,infaunal,6,6,36.3538168560056,35.476609712
106223,Gastrochaenidae,Spengleria,rostrata,(Spengler 1783),suspension,unattached,immobile,infaunal,3,3,27.9320604324135,19.08009618
112257,Glauconomidae,Glauconome,angulata,Reeve 1844,suspension,unattached,mobile,infaunal,0,0,21.6333076527839,30.915016622
101316,Glauconomidae,Glauconome,cerea,Reeve 1844,suspension,unattached,mobile,infaunal,0,0,36.1247837363769,8.62333336
101317,Glauconomidae,Glauconome,chinensis,Gray 1828,suspension,unattached,mobile,infaunal,0,0,23.685438564654,28.300978407
112256,Glauconomidae,Glauconome,psammotella,Deshayes 1853,suspension,unattached,mobile,infaunal,0,0,35.5116882166985,13.52833334
101320,Glauconomidae,Glauconome,radiata,(Reeve 1844),suspension,unattached,mobile,infaunal,0,0,19.0787840283389,17.75904773
101321,Glauconomidae,Glauconome,rugosa,Reeve 1843,suspension,unattached,mobile,infaunal,0,0,47.7660967632902,15.27066083
112258,Glauconomidae,Glauconome,straminea,Reeve 1844,suspension,unattached,mobile,infaunal,0,0,29.732137494637,17.69033323
101322,Glauconomidae,Glauconome,virens,(Linnaeus 1758),suspension,unattached,mobile,infaunal,0,0,52.3712707502883,14.99863878
111673,Glossidae,Glossus,humanus,(Linnaeus 1758),suspension,unattached,mobile,infaunal,7,7,105.924501414923,28.988218366
111968,Glossidae,Meiocardia,cumingi,(A. Adams 1864),suspension,unattached,mobile,infaunal,20,20,34.7793041908547,12.63782695
111614,Glossidae,Meiocardia,hawaiana,"Dall, Bartsch & Rehder 1938",suspension,unattached,mobile,infaunal,30,30,25.2586618806302,22.051666787
111511,Glossidae,Meiocardia,moltkiana,(Gmelin 1791),suspension,unattached,mobile,infaunal,7,7,49.4125490133832,23.238447042
111702,Glossidae,Meiocardia,samarangiae,"Bernard, Cai & Morton 1993",suspension,unattached,mobile,infaunal,10,10,25.9782601418956,23.364671774
111703,Glossidae,Meiocardia,sanguineomaculata,(Dunker 1882),suspension,unattached,mobile,infaunal,10,10,18.4076071231434,6.887145
111509,Glossidae,Meiocardia,vulgaris,(Reeve 1845),suspension,unattached,mobile,infaunal,2,2,43.3123538958575,23.38757563
101342,Glycymerididae,Axinactis,delessertii,(Reeve 1843),suspension,unattached,mobile,infaunal,3,3,55.9910707166777,14.13406238
101343,Glycymerididae,Axinactis,inaequalis,(Sowerby 1833),suspension,unattached,mobile,infaunal,0,0,46.5467506921804,14.45528711
106411,Glycymerididae,Axinola,keenae,Willett 1944,suspension,unattached,mobile,infaunal,54,54,10,7.572888921
106412,Glycymerididae,Axinola,septentrionalis,(Middendorff 1849),suspension,unattached,mobile,infaunal,0,0,46.475800154489,32.216848355
101346,Glycymerididae,Axinola,yessoensis,"(Sowerby III, 1889)",suspension,unattached,mobile,infaunal,2,2,47.9583152331272,27.995258602
111707,Glycymerididae,Bellaxinaea,isabellae,(Valentich-Scott & Garfinkle 2011),suspension,unattached,mobile,infaunal,120,120,15.2479506819769,13.4313208
103449,Glycymerididae,Bellaxinaea,multicostata,(Sowerby 1833),suspension,unattached,mobile,infaunal,8,8,47.038282281563,16.44182409
105946,Glycymerididae,Glycymeris,americana,(Defrance 1826),suspension,unattached,mobile,infaunal,0,0,88.1305849294103,19.08009618
101350,Glycymerididae,Glycymeris,bimaculata,(Poli 1795),suspension,unattached,mobile,infaunal,4,4,128.499027233672,23.268083474
101347,Glycymerididae,Glycymeris,boucheti,Matsukuma 1984,suspension,unattached,mobile,infaunal,5,5,58.6474210856709,3.87876661
101351,Glycymerididae,Glycymeris,concentrica,(Dunker 1853),suspension,unattached,mobile,infaunal,4,4,46.268779970948,13.19842904
101352,Glycymerididae,Glycymeris,dampierensis,Matsukuma 1984,suspension,unattached,mobile,infaunal,0,0,51,12.44008029
101348,Glycymerididae,Glycymeris,decussata,(Linnaeus 1758),suspension,unattached,mobile,infaunal,0,0,60,17.72206152
101353,Glycymerididae,Glycymeris,formosus,(Reeve 1843),suspension,unattached,mobile,infaunal,2,2,61.9273768215641,11.04992726
101354,Glycymerididae,Glycymeris,gigantea,(Reeve 1843),suspension,unattached,mobile,infaunal,0,0,105.403984744411,16.44182409
101355,Glycymerididae,Glycymeris,glycymeris,(Linnaeus 1758),suspension,unattached,mobile,infaunal,9,9,72.8884078574913,26.342566656
101356,Glycymerididae,Glycymeris,habei,Matsukuma 1984,suspension,unattached,mobile,infaunal,1,1,9.03880523078133,11.87363577
101357,Glycymerididae,Glycymeris,imperialis,Kuroda 1934,suspension,unattached,mobile,infaunal,20,20,32,26.118468427
112622,Glycymerididae,Glycymeris,intermedia,(Broderip 1832),suspension,unattached,mobile,infaunal,8,8,51.7532607668348,12.62347086
101360,Glycymerididae,Glycymeris,lintea,Olsson 1961,suspension,unattached,mobile,infaunal,0,0,55.9195851200633,10.24641679
101361,Glycymerididae,Glycymeris,longior,(Sowerby 1833),suspension,unattached,mobile,infaunal,10,10,33.9852909359329,19.949394069
101362,Glycymerididae,Glycymeris,maculata,(Broderip & Sowerby 1832),suspension,unattached,mobile,infaunal,0,0,97.4371592360943,16.44182409
112086,Glycymerididae,Glycymeris,marmorata,(Gmelin 1791),suspension,unattached,mobile,infaunal,7,7,59.6791420849864,7.20760924
101366,Glycymerididae,Glycymeris,n. sp. 2,Huber 2010a,suspension,unattached,mobile,infaunal,0,0,35.3836120259083,23.17272981
112029,Glycymerididae,Glycymeris,nummaria,(Linnaeus 1758),suspension,unattached,mobile,infaunal,0,0,81.5174827874365,23.801666656
101363,Glycymerididae,Glycymeris,ovata,(King & Broderip 1832),suspension,unattached,mobile,infaunal,0,0,56,8.00054587
101364,Glycymerididae,Glycymeris,persimilis,(Iredale 1939),suspension,unattached,mobile,infaunal,0,0,38,14.03922229
101378,Glycymerididae,Glycymeris,pertusa,(Reeve 1844),suspension,unattached,mobile,infaunal,18,18,15.6403324772845,8.73389537
110315,Glycymerididae,Glycymeris,pilosa,(Linnaeus 1767),suspension,unattached,mobile,infaunal,10,10,86.9482604771366,22.861666644
101365,Glycymerididae,Glycymeris,queenslandica,Hedley 1906,suspension,unattached,mobile,infaunal,0,0,36.9350781777973,11.2155173
112028,Glycymerididae,Glycymeris,rafaelmesai,Nolf & Swinnen 2013,suspension,unattached,mobile,infaunal,20,20,67,13.11503659
101367,Glycymerididae,Glycymeris,rotunda,(Dunker 1882),suspension,unattached,mobile,infaunal,20,20,48.9080770425499,28.047999861
101368,Glycymerididae,Glycymeris,scripta,(Born 1778),suspension,unattached,mobile,infaunal,7,7,67.4536878161602,13.11503659
101369,Glycymerididae,Glycymeris,shutoi,Matsukuma 1981,suspension,unattached,mobile,infaunal,5,5,14.9666295470958,18.63217951
101349,Glycymerididae,Glycymeris,spectralis,Nicol 1952,suspension,unattached,mobile,infaunal,1,1,32.3657226089578,18.90144388
111671,Glycymerididae,Glycymeris,stellata,(Bruguiere 1789),suspension,unattached,mobile,infaunal,3,3,67.4536878161602,13.19842904
101371,Glycymerididae,Glycymeris,striatularis,(Lamarck 1819),suspension,unattached,mobile,infaunal,0,0,41.8927201313068,21.06885968
105948,Glycymerididae,Glycymeris,tellinaeformis,(Reeve 1843),suspension,unattached,mobile,infaunal,10,10,43.4741302385683,8.39113213
101372,Glycymerididae,Glycymeris,undata,(Linnaeus 1758),suspension,unattached,mobile,infaunal,2,2,50,19.91667863
110316,Glycymerididae,Glycymeris,vanhengstumi,Goud & Gulden 2009,suspension,unattached,mobile,infaunal,20,20,48.4916487655349,11.36060605
101375,Glycymerididae,Glycymerula,modesta,(Angas 1879),suspension,unattached,mobile,infaunal,2,2,26.9814751264641,14.513740292
101848,Glycymerididae,Melaxinaea,montrouzieri,(Angas 1872),suspension,unattached,mobile,infaunal,NA,NA,29.4465617687363,6.77428956
101849,Glycymerididae,Melaxinaea,planata,(G. & H. Nevill 1874),suspension,unattached,mobile,infaunal,58,58,34,12.93553656
112519,Glycymerididae,Melaxinaea,prashadi,(Nicol 1951),suspension,unattached,mobile,infaunal,5,5,19.4494215852297,18.63217951
101850,Glycymerididae,Melaxinaea,vitrea,(Lamarck 1819),suspension,unattached,mobile,infaunal,1,1,46.9893604978829,16.32833353
112338,Glycymerididae,Tucetilla,adenensis,(Jousseaume in Lamy 1916),suspension,unattached,mobile,infaunal,7,7,16.3768128767474,11.56039235
101376,Glycymerididae,Tucetilla,arabicus,(H. Adams 1870),suspension,unattached,mobile,infaunal,2,2,18.9736659610103,12.68541217
101382,Glycymerididae,Tucetilla,pilsbryi,(Yokoyama 1920),suspension,unattached,mobile,infaunal,50,50,21.9772609758359,30.32488317
101383,Glycymerididae,Tucetilla,tenuicostata,(Reeve 1843),suspension,unattached,mobile,infaunal,0,0,33.1511689085016,29.718333401
103433,Glycymerididae,Tucetona,angusticosta,Lamprell & Whitehead 1990,suspension,unattached,mobile,infaunal,69,69,33.4140688932072,15.61333338
103434,Glycymerididae,Tucetona,arcodentiens,(Dall 1895),suspension,unattached,mobile,infaunal,30,30,20.7364413533277,3.59198342
111722,Glycymerididae,Tucetona,audouini,(Jousseaume in Lamy 1916),suspension,unattached,mobile,infaunal,1,1,61.4362270976986,20.31424225
103435,Glycymerididae,Tucetona,auriflua,(Reeve 1843),suspension,unattached,mobile,infaunal,0,0,48.1310710456354,20.47833343
111802,Glycymerididae,Tucetona,bicolor,(Reeve 1843),suspension,unattached,mobile,infaunal,20,20,34.3307442389471,15.71706203
103436,Glycymerididae,Tucetona,broadfooti,(Iredale 1929),suspension,unattached,mobile,infaunal,10,10,45.4752680036083,15.1136079
103438,Glycymerididae,Tucetona,connollyi,(Tomlin 1926),suspension,unattached,mobile,infaunal,51,51,30.4630924234556,12.87589888
103439,Glycymerididae,Tucetona,flabellata,(Tenison-Woods 1878),suspension,unattached,mobile,infaunal,10,10,38.8329756778952,14.981000183
103440,Glycymerididae,Tucetona,gealei,(Angas 1873),suspension,unattached,mobile,infaunal,0,0,54.2954878419929,17.2425174
112967,Glycymerididae,Tucetona,guesi,(Jousseaume 1895),suspension,unattached,mobile,infaunal,0,0,46.8870984386963,11.05890882
101384,Glycymerididae,Tucetona,hanzawai,(Nomura & Zinbo 1934),suspension,unattached,mobile,infaunal,10,10,17.4928556845359,28.412257981
103441,Glycymerididae,Tucetona,hoylei,(Melvill & Standen 1899),suspension,unattached,mobile,infaunal,0,0,23.2379000772445,11.53950021
103442,Glycymerididae,Tucetona,kauaia,"(Dall, Bartsch & Rehder 1938)",suspension,unattached,mobile,infaunal,40,40,32.199378875997,6.75469556
103443,Glycymerididae,Tucetona,kilburni,Matsukuma 1984,suspension,unattached,mobile,infaunal,73,73,54.3966910758366,9.72486305
103445,Glycymerididae,Tucetona,laticostata,(Quoy & Gaimard 1835),suspension,unattached,mobile,infaunal,91,91,110.24518130059,16.084804252
111999,Glycymerididae,Tucetona,mindoroensis,(E.A. Smith 1916),suspension,unattached,mobile,infaunal,20,20,31.1451440837894,6.10636111
103448,Glycymerididae,Tucetona,molokaia,"(Dall, Bartsch & Rehder 1938)",suspension,unattached,mobile,infaunal,60,60,17.2481883106603,2.67499987
103450,Glycymerididae,Tucetona,nodosa,(Reeve 1843),suspension,unattached,mobile,infaunal,NA,NA,29.2403830344269,7.4843567
103451,Glycymerididae,Tucetona,nux,"(Dall, Bartsch & Rehder 1938)",suspension,unattached,mobile,infaunal,20,20,21.4941852602047,3.43599318
105947,Glycymerididae,Tucetona,oculata,(Reeve 1843),suspension,unattached,mobile,infaunal,15,15,38.9953843422526,6.62143011
103452,Glycymerididae,Tucetona,odhneri,Iredale 1939,suspension,unattached,mobile,infaunal,0,0,25.0928276605089,9.81043056
113043,Glycymerididae,Tucetona,pallium,(Reeve 1843),suspension,unattached,mobile,infaunal,10,10,29.9833287011299,7.4572683
103453,Glycymerididae,Tucetona,pectinata,(Gmelin 1791),suspension,unattached,mobile,infaunal,0,0,31,19.91667863
103454,Glycymerididae,Tucetona,pectunculus,(Linnaeus 1758),suspension,unattached,mobile,infaunal,0,0,63.1971518345566,23.238447042
103455,Glycymerididae,Tucetona,queketti,"(Sowerby III, 1897)",suspension,unattached,mobile,infaunal,49,49,76.9935062196806,11.43447051
112143,Glycymerididae,Tucetona,saggiecoheni,Poppe et al. 2015,suspension,unattached,mobile,infaunal,5,5,54.5967031971712,4.02473132
103457,Glycymerididae,Tucetona,scalarisculpta,Lamprell & Whitehead 1990,suspension,unattached,mobile,infaunal,15,15,33.607142098072,15.1136079
101380,Glycymerididae,Tucetona,sericata,(Reeve 1843),suspension,unattached,mobile,infaunal,2,2,25.3357454991954,11.73450027
112379,Glycymerididae,Tucetona,shinkurosensis,"Hatai, Niino & Kotaka in Niino 1952",suspension,unattached,mobile,infaunal,40,40,18.4932420089069,17.22269577
105904,Glycymerididae,Tucetona,sibogae,Matsukuma 1982,suspension,unattached,mobile,infaunal,50,50,17.733020047358,12.01781673
103458,Glycymerididae,Tucetona,sordida,(Tate 1891),suspension,unattached,mobile,infaunal,11,11,37.989472225868,15.1136079
103460,Glycymerididae,Tucetona,strigilata,(Sowerby 1833),suspension,unattached,mobile,infaunal,5,5,49,14.49458329
112380,Glycymerididae,Tucetona,subpectiniformis,(Nomura & Zinbo 1934),suspension,unattached,mobile,infaunal,10,10,45.2437841034545,18.57739035
105949,Glycymerididae,Tucetona,subtilis,Nicol 1956,suspension,unattached,mobile,infaunal,91,91,11.7473401244707,17.24462114
103461,Glycymerididae,Tucetona,taylori,(Angas 1879),suspension,unattached,mobile,infaunal,5,5,32.8453954154917,20.31424225
111933,Glycymerididae,Tucetona,tegulicia,(Melvill 1898),suspension,unattached,mobile,infaunal,NA,NA,18.9736659610103,5.2541284
103462,Glycymerididae,Tucetona,tsugioi,Matsukuma 1984,suspension,unattached,mobile,infaunal,8,8,62.1996784557605,15.02111768
101385,Glycymerididae,Tucetonella,munda,"(Sowerby III, 1903)",suspension,unattached,mobile,infaunal,0,0,18.4932420089069,31.201091862
101386,Glycymerididae,Veletuceta,albolineata,(Lischke 1872),suspension,unattached,mobile,infaunal,3,3,82.8492607088319,29.22990464
101387,Glycymerididae,Veletuceta,aspersa,(Adams & Reeve 1850),suspension,unattached,mobile,infaunal,3,3,66.8804904288239,29.880238
112702,Glycymerididae,Veletuceta,flammea,(Reeve 1843),suspension,unattached,mobile,infaunal,5,5,48.8485414316538,23.952258796
101389,Glycymerididae,Veletuceta,grayana,(Dunker 1857),suspension,unattached,mobile,infaunal,0,0,47.7493455452533,18.105999963
104099,Glycymerididae,Veletuceta,hanleyi,(Angas 1879),suspension,unattached,mobile,infaunal,1,1,31.9242854266153,5.97762173
101390,Glycymerididae,Veletuceta,hedleyi,(Lamy 1912),suspension,unattached,mobile,infaunal,20,20,33.570820663189,11.61536228
101391,Glycymerididae,Veletuceta,holosericus,(Reeve 1843),suspension,unattached,mobile,infaunal,0,0,39.0384425918863,16.53250051
110332,Glycymerididae,Veletuceta,lamprelli,Huber 2010a,suspension,unattached,mobile,infaunal,0,0,25,15.57399379
101393,Glycymerididae,Veletuceta,lividus,(Reeve 1843),suspension,unattached,mobile,infaunal,3,3,80.9444253793922,20.31424225
112638,Glycymerididae,Veletuceta,n.sp. 3 of Huber 2015:369,Huber 2015,suspension,unattached,mobile,infaunal,6,6,31.9242854266153,7.47353852
101394,Glycymerididae,Veletuceta,reevei,(Mayer 1868),suspension,unattached,mobile,infaunal,0,0,43.4741302385683,23.662346895
112128,Gryphaeidae,Hyotissa,fisheri,(Dall 1914),suspension,attached,immobile,epifaunal,0,0,211.23446688455,15.78059592
105235,Gryphaeidae,Hyotissa,hyotis,(Linnaeus 1758),suspension,attached,immobile,epifaunal,2,2,286.966897045635,25.355075444
111943,Gryphaeidae,Hyotissa,inermis,"(Sowerby II, 1871)",suspension,attached,immobile,epifaunal,0,0,97.3139250056229,32.567367512
105239,Gryphaeidae,Hyotissa,mcgintyi,(Harry 1985),suspension,attached,immobile,epifaunal,1,1,100,18.06432896
105237,Gryphaeidae,Hyotissa,numisma,(Lamarck 1819),suspension,attached,immobile,epifaunal,1,1,102.13716267843,23.38757563
105241,Gryphaeidae,Hyotissa,quercinus,(Sowerby II 1871),suspension,attached,immobile,epifaunal,0,0,89,16.44182409
105236,Gryphaeidae,Hyotissa,sinensis,(Gmelin 1791),suspension,attached,immobile,epifaunal,7,7,214.201960775339,19.66982764
105233,Gryphaeidae,Neopycnodonte,cochlear,(Poli 1795),suspension,attached,immobile,epifaunal,20,20,80,35.391454412
105234,Gryphaeidae,Neopycnodonte,taniguchii,(Hayami & Kase 1992),suspension,attached,immobile,epifaunal,10,10,118.321595661992,9.66078941
101439,Hemidonacidae,Hemidonax,arafurensis,Ponder et al. 1980,suspension,unattached,mobile,infaunal,0,0,20.3100960115899,13.52833334
111501,Hemidonacidae,Hemidonax,australiensis,(Reeve 1844),suspension,unattached,mobile,infaunal,0,0,22.9826021155134,8.18415374
101440,Hemidonacidae,Hemidonax,chapmani,Gatliff & Gabriel 1923,suspension,unattached,mobile,infaunal,0,0,18.2893411581719,13.45052638
101441,Hemidonacidae,Hemidonax,dactylus,Hedley 1923,suspension,unattached,mobile,infaunal,0,0,22.7085886835796,16.55833393
101442,Hemidonacidae,Hemidonax,donaciformis,(Schroeter 1786),suspension,unattached,mobile,infaunal,8,8,29.9599732977184,13.52833334
101443,Hemidonacidae,Hemidonax,pictus,(Tryon 1870),suspension,unattached,mobile,infaunal,0,0,37.5659420219965,15.20261578
106045,Hiatellidae,Cyrtodaria,kurriana,Dunker 1862,suspension,unattached,mobile,infaunal,10,10,25.298221281347,21.44703032
106052,Hiatellidae,Cyrtodaria,siliqua,(Spengler 1793),suspension,unattached,mobile,infaunal,4,4,60,23.983562395
106190,Hiatellidae,Hiatella,antarctica,(Philippi 1845),suspension,attached,immobile,infaunal,NA,NA,38.4863612205675,25.954473689
106035,Hiatellidae,Hiatella,arctica,(Linnaeus 1767),suspension,attached,immobile,infaunal,0,0,60.8687111741328,33.45333354
106038,Hiatellidae,Hiatella,australis,(Lamarck 1818),suspension,attached,immobile,infaunal,NA,NA,38.1444622455213,22.599333483
106224,Hiatellidae,Hiatella,azaria,(Dall 1881),suspension,attached,immobile,infaunal,NA,NA,23.4520787991171,17.05196199
106042,Hiatellidae,Hiatella,flaccida,(Gould 1861),suspension,attached,immobile,infaunal,8,8,28,20.31424225
106049,Hiatellidae,Hiatella,orientalis,(Yokoyama 1920),suspension,attached,immobile,infaunal,0,0,13.6381816969859,30.550758502
106051,Hiatellidae,Hiatella,rugosa,(Linneaus 1758),suspension,attached,immobile,infaunal,NA,NA,26.8328157299975,33.536285866
106054,Hiatellidae,Hiatella,solida,(Sowerby 1834),suspension,attached,immobile,infaunal,0,0,25.3377189186399,29.835991639
106032,Hiatellidae,Panomya,ampla,Dall 1898,suspension,unattached,immobile,infaunal,10,10,64.668384856899,31.376851418
106047,Hiatellidae,Panomya,nipponica,Nomura & Hatai 1935,suspension,unattached,immobile,infaunal,10,10,68.9927532426414,27.25149998
106048,Hiatellidae,Panomya,norvegica,(Spengler 1793),suspension,unattached,immobile,infaunal,10,10,100.049987506246,31.143377869
106050,Hiatellidae,Panomya,priapus,(Tilesius 1820),suspension,unattached,immobile,infaunal,10,10,142.232204510793,26.737681698
102131,Hiatellidae,Panomya,turgida,Dall 1916,suspension,unattached,immobile,infaunal,50,50,73.2393336944022,25.334367462
106030,Hiatellidae,Panopea,abbreviata,Valenciennes 1839,suspension,unattached,immobile,infaunal,25,25,118.063542213505,24.273057963
106039,Hiatellidae,Panopea,australis,Sowerby 1833,suspension,unattached,immobile,infaunal,14,14,136.422138965785,18.105999963
106041,Hiatellidae,Panopea,bitruncata,(Conrad 1872),suspension,unattached,immobile,infaunal,0.1,0.1,155.154761448046,18.40999665
111753,Hiatellidae,Panopea,generosa,(Gould 1850),suspension,unattached,immobile,infaunal,0,0,154.919333848297,25.249212162
112129,Hiatellidae,Panopea,globosa,Dall 1898,suspension,unattached,immobile,infaunal,10,10,141.79703805087,16.44182409
106198,Hiatellidae,Panopea,glycimeris,(Von Born 1778),suspension,unattached,immobile,infaunal,1,1,225.255410589846,22.861666644
106044,Hiatellidae,Panopea,japonica,(A. Adams 1850),suspension,unattached,immobile,infaunal,0,0,114.302230949356,30.897033972
106053,Hiatellidae,Panopea,smithae,Powell 1950,suspension,unattached,immobile,infaunal,109,109,99.3981891183134,14.513740292
106056,Hiatellidae,Panopea,zelandica,Quoy & Gaimard 1835,suspension,unattached,immobile,infaunal,1,1,91.0411994648577,14.513740292
101499,Isognomonidae,Isognomon,alatus,(Gmelin 1791),suspension,attached,immobile,epifaunal,0,0,106.442472725881,17.72206152
101500,Isognomonidae,Isognomon,anomioides,(Reeve 1858),suspension,attached,immobile,epifaunal,18,18,58.1377674149945,19.96500015
101501,Isognomonidae,Isognomon,attenuata,(Reeve 1858),suspension,attached,immobile,epifaunal,NA,NA,144.111068277215,13.52833334
101502,Isognomonidae,Isognomon,bicolor,(C.B. Adams 1845),suspension,attached,immobile,epifaunal,0,0,73.9729680356277,17.72206152
111688,Isognomonidae,Isognomon,dunkeri,(P.Fischer 1881),suspension,attached,immobile,epifaunal,0,0,65.7267069006199,13.19842904
101504,Isognomonidae,Isognomon,ephippium,(Linnaeus 1758),suspension,attached,immobile,epifaunal,0,0,138.895644280157,32.627575601
101505,Isognomonidae,Isognomon,incisum,(Conrad 1837),suspension,attached,immobile,epifaunal,0,0,44.1248229458204,9.10221629
101507,Isognomonidae,Isognomon,isognomum,(Linnaeus 1758),suspension,attached,immobile,epifaunal,0,0,143.223601407031,32.627575601
101508,Isognomonidae,Isognomon,janus,Carpenter 1857,suspension,attached,immobile,epifaunal,0,0,92.8617251616617,17.94966261
101509,Isognomonidae,Isognomon,legumen,(Gmelin 1791),suspension,attached,immobile,epifaunal,0,0,108.33697429779,32.627575601
101512,Isognomonidae,Isognomon,perna,(Linnaeus 1767),suspension,attached,immobile,epifaunal,0,0,66.4981202741852,32.627575601
101514,Isognomonidae,Isognomon,radiatus,(Anton 1839),suspension,attached,immobile,epifaunal,0,0,57.9827560572969,17.72206152
106431,Isognomonidae,Isognomon,recognitus,(Mabille 1895),suspension,attached,immobile,epifaunal,0,0,45.8257569495584,17.94966261
101518,Isognomonidae,Isognomon,spathulatum,(Reeve 1858),suspension,attached,immobile,epifaunal,0,0,69.102607765554,13.7685616
101519,Isognomonidae,Parviperna,albisoror,(Iredale 1939),suspension,attached,immobile,epifaunal,0,0,29.53895732757,8.68552871
101503,Isognomonidae,Parviperna,californicum,(Conrad 1837),suspension,attached,immobile,epifaunal,0,0,31.3687742827162,3.43599318
101521,Isognomonidae,Parviperna,nucleus,(Lamarck 1819),suspension,attached,immobile,epifaunal,0,0,31.4117812293413,32.627575601
100110,Kelliellidae,Alveinus,miliaceus,(Issel 1869),suspension,attached,mobile,infaunal,23,23,2,18.38328981
100111,Kelliellidae,Alveinus,ojianus,(Yokoyama 1927),suspension,attached,mobile,infaunal,6,6,2,30.75270703
112467,Kelliellidae,Kelliella,albida,(Dall 1890),suspension,attached,mobile,epifaunal,90,90,8.48528137423857,4.75409283
112840,Kelliellidae,Kelliella,brasuca,Dias Passos et al. 2019,suspension,attached,mobile,epifaunal,36,36,2.19772609758359,5.76679405
101540,Kelliellidae,Kelliella,japonica,Hayami & Kase 1993,suspension,attached,mobile,epifaunal,30,30,2.12367605815953,29.66304964
101541,Kelliellidae,Kelliella,miliaris,(Philippi 1844),suspension,attached,mobile,epifaunal,11,11,2.79284800875379,28.591666596
106398,Kelliellidae,Pauliella,bernardi,Munier-Chalmas 1895,suspension,unattached,mobile,infaunal,NA,NA,4,4.93142855
104407,Laternulidae,Clistoconcha,insignis,E.A. Smith 1910,suspension,unattached,mobile,infaunal,8,8,16.9705627484771,12.87589888
104423,Laternulidae,Exolaternula,erythraea,(Morris & Morris 1993),suspension,unattached,mobile,infaunal,0,0,24.1797435883841,20.31424225
11411,Laternulidae,Exolaternula,liautaudi,(Mittre 1844),suspension,unattached,mobile,infaunal,0,0,37.2531877830609,31.906857202
104119,Laternulidae,Exolaternula,spengleri,(Gmelin 1791),suspension,unattached,mobile,infaunal,0,0,60.4737959780929,31.645737032
104114,Laternulidae,Laternula,anatina,(Linnaeus 1758),suspension,unattached,mobile,infaunal,0,0,63.0634601017102,34.40643638
104116,Laternulidae,Laternula,boschasina,Reeve 1864,suspension,unattached,mobile,infaunal,0,0,25.0998007960223,4.64875801
104117,Laternulidae,Laternula,creccina,(Reeve 1860),suspension,unattached,mobile,infaunal,1,1,51.2640224719052,22.599333483
104113,Laternulidae,Laternula,elliptica,(King 1832),suspension,unattached,mobile,infaunal,1,1,78.1728853247723,7.751729306
104394,Laternulidae,Laternula,faba,(Reeve 1860),suspension,unattached,mobile,infaunal,NA,NA,20.8326666559997,9.00955882
104393,Laternulidae,Laternula,gracilis,(Reeve 1860),suspension,unattached,mobile,infaunal,0,0,30.3973683071413,20.76552672
112374,Laternulidae,Laternula,impura,(Pilsbry 1901),suspension,unattached,mobile,infaunal,0,0,27.6814016986135,31.201091862
104346,Laternulidae,Laternula,laterna,Lamarck 1818,suspension,unattached,mobile,infaunal,NA,5,62.0934779183772,22.599333483
104118,Laternulidae,Laternula,navicula,(Reeve 1863),suspension,unattached,mobile,infaunal,0,0,28.9136645896019,20.60368675
111629,Laternulidae,Laternula,tasmanica,(Reeve 1863),suspension,unattached,mobile,infaunal,0,0,38.3927076409049,22.296000523
104400,Laternulidae,Laternula,vagina,(Reeve 1863),suspension,unattached,mobile,infaunal,NA,5,31.4642654451045,14.77953801
104391,Laternulidae,Laternula,valenciennesii,(Reeve 1860),suspension,unattached,mobile,infaunal,0,0,69.9070811863863,11.66106073
104909,Limidae,Acesta,citrina,Hasahito & Habe 1976,suspension,attached,mobile,epifaunal,150,150,54.3323108288245,19.842310606
104037,Limidae,Acesta,colombiana,(Vokes 1970),suspension,attached,mobile,epifaunal,60,60,108.42140010164,5.11804131
104040,Limidae,Acesta,excavata,(Fabricius 1779),suspension,attached,mobile,epifaunal,33,33,175.499287747842,27.821874096
104043,Limidae,Acesta,goliath,"(Sowerby III, 1883)",suspension,attached,mobile,epifaunal,80,80,136.821051011897,31.034738982
104048,Limidae,Acesta,marissinca,Yamashita & Habe 1969,suspension,attached,mobile,epifaunal,150,150,120.933866224478,21.031666607
104316,Limidae,Acesta,patagonica,(Dall 1902),suspension,attached,mobile,epifaunal,15,15,102.761860629321,17.490000069
105049,Limidae,Antarctolima,deceptionensis,(Preston 1916),suspension,attached,mobile,epifaunal,25,25,4.9749371855331,12.919684832
105047,Limidae,Antarctolima,hodgsoni,(E.A. Smith 1907),suspension,attached,mobile,epifaunal,6,6,34.5629859821168,5.093971292
105050,Limidae,Antarctolima,ovalis,(Thiele 1912),suspension,attached,mobile,epifaunal,46,46,5.07937003968012,2.820833338
105048,Limidae,Antarctolima,pygmaea,(Philippi 1845) of Fleming 1978,suspension,attached,mobile,epifaunal,11,11,13.4164078649987,12.034032298
104421,Limidae,Callolima,rathbuni,(Bartsch 1913),suspension,attached,mobile,epifaunal,100,100,211.165527489692,10.44277816
105051,Limidae,Ctenoides,ales,(Finlay 1927),suspension,attached,mobile,epifaunal,5,5,87.3613186713662,27.673133382
105052,Limidae,Ctenoides,annulatus,(Lamarck 1819),suspension,attached,mobile,epifaunal,4,4,38.5356977359954,32.627575601
105139,Limidae,Ctenoides,barnardi,Kilburn 1998,suspension,attached,mobile,epifaunal,146,146,13.9642400437689,8.23520215
105623,Limidae,Ctenoides,catherinae,von Cosel 1995,suspension,attached,mobile,epifaunal,10,10,13.9817738502666,6.84339614
105354,Limidae,Ctenoides,concentricus,"(Sowerby III, 1888)",suspension,attached,mobile,epifaunal,5,5,51.4392845984467,31.176136792
105432,Limidae,Ctenoides,lischkei,(Lamy 1930),suspension,attached,mobile,epifaunal,0,0,25.1594912508182,31.235597395
105433,Limidae,Ctenoides,miamiensis,Mikkelsen & Bieler 2003,suspension,attached,mobile,epifaunal,30,30,12.6680700976905,10.08848474
105435,Limidae,Ctenoides,mitis,(Lamarck 1807),suspension,attached,mobile,epifaunal,16,16,81.4861951498534,19.08009618
105436,Limidae,Ctenoides,obliquus,Mikkelson & Bieler 2003,suspension,attached,mobile,epifaunal,1,1,35.7770876399966,10.51789475
105437,Limidae,Ctenoides,philippinarum,Masahito & Habe 1978,suspension,attached,mobile,epifaunal,80,80,40.2430118157178,4.89540234
105438,Limidae,Ctenoides,planulatus,(Dall 1886),suspension,attached,mobile,epifaunal,35,35,13.5941163743731,10.08848474
105624,Limidae,Ctenoides,sanctipauli,Stuardo 1982,suspension,attached,mobile,epifaunal,110,110,45.030656224399,18.86180668
105439,Limidae,Ctenoides,scaber,(Born 1778),suspension,attached,mobile,epifaunal,0,0,87.3475815349229,19.08009618
105440,Limidae,Ctenoides,suavis,"Masahito, Kuroda & Habe in Kuroda et al. 1971",suspension,attached,mobile,epifaunal,50,50,26.3248931621764,20.922110176
105441,Limidae,Ctenoides,symmetricus,(Barnard 1964),suspension,attached,mobile,epifaunal,146,146,15.3674981698388,7.13007777
105442,Limidae,Ctenoides,vokesi,Mikkelson & Bieler 2003,suspension,attached,mobile,epifaunal,40,40,48.1002078997586,8.01958334
105443,Limidae,Divarilima,abscisa,(Barnard 1964),suspension,attached,immobile,epifaunal,70,70,6.5,7.90937464
105444,Limidae,Divarilima,albicoma,(Dall 1886),suspension,attached,immobile,epifaunal,100,100,8,17.72206152
105445,Limidae,Divarilima,elegans,Hayami & Kase 1993,suspension,attached,immobile,epifaunal,7,7,3.5,8.71157014
112087,Limidae,Divarilima,handini,Gibson-Smith & Gibson-Smith 1982,suspension,attached,immobile,epifaunal,20,20,9.05538513813742,5.28399976
105446,Limidae,Divarilima,iwaotakii,(Habe 1961),suspension,attached,immobile,epifaunal,20,20,7,30.808124345
105447,Limidae,Divarilima,sydneyensis,(Hedley 1904),suspension,attached,immobile,epifaunal,5,5,6.92820323027551,15.120128163
105451,Limidae,Escalima,goughensis,(Melvill & Standen 1907),suspension,attached,mobile,epifaunal,90,90,8.36660026534076,7.97384847
105448,Limidae,Escalima,murrayi,(Smith 1891),suspension,attached,mobile,epifaunal,180,180,10.9544511501033,17.831666763
105450,Limidae,Escalima,regularis,Powell 1955,suspension,attached,mobile,epifaunal,91,91,11.6833214455479,14.405666762
112274,Limidae,Fukama,benthonimbifer,(Iredale 1925),suspension,attached,immobile,epifaunal,137,137,19.3390796058137,6.96219833
105455,Limidae,Fukama,fujitai,(Oyama 1943),suspension,attached,immobile,epifaunal,40,40,21.4941852602047,21.140319846
105452,Limidae,Fukama,messura,Kilburn 1999,suspension,attached,immobile,epifaunal,80,80,10.8774997127097,5.40816725
105453,Limidae,Fukama,perfecta,(E.A. Smith 1904),suspension,attached,immobile,epifaunal,40,40,13.4164078649987,10.4749299
105456,Limidae,Fukama,quantoensis,(Yokoyama 1920),suspension,attached,immobile,epifaunal,50,50,47.8497648897045,30.808124345
105478,Limidae,Fukama,sagamiensis,"(Masahito, Kuroda & Habe in Kuroda et al. 1971)",suspension,attached,immobile,epifaunal,50,50,21.9465259209744,18.986936917
105454,Limidae,Fukama,tomlini,(Prashad 1932),suspension,attached,immobile,epifaunal,147,147,16.3095064303001,22.218446862
105606,Limidae,Fukama,vulgatula,(Yokoyama 1922),suspension,attached,immobile,epifaunal,50,50,19.131126469709,23.473668804
105608,Limidae,Gemellima,austrina,(Tate 1887),suspension,attached,mobile,epifaunal,2,2,10.9544511501033,6.91666651
105610,Limidae,Gemellima,millesquamata,(Thiele 1920),suspension,attached,mobile,epifaunal,NA,NA,4.42831796509691,1.4151515
105605,Limidae,Gemellima,parvula,(Verco 1908),suspension,attached,mobile,epifaunal,91,91,3.33166624979154,8.57672132
105612,Limidae,Gemellima,pygmaea,(Philippi 1845),suspension,attached,mobile,epifaunal,3,3,11.8321595661992,28.737826052
105613,Limidae,Gemellima,sarsi,(Loven 1846),suspension,attached,mobile,epifaunal,90,90,5.24785670536077,20.321195856
105609,Limidae,Gemellima,torresiana,(E.A. Smith 1885),suspension,attached,mobile,epifaunal,15,15,8.94427190999916,4.78898592
105603,Limidae,Gemellima,tosana,(Oyama 1943),suspension,attached,mobile,epifaunal,50,50,8.42614977317636,21.063507986
105460,Limidae,Lima,bullifera,Deshayes in Maillard 1863,suspension,attached,mobile,epifaunal,0,0,41.5692193816531,9.01727304
105461,Limidae,Lima,caribaea,d'Orbigny 1853,suspension,attached,mobile,epifaunal,1,1,50.799606297687,19.08009618
105463,Limidae,Lima,disalvoi,Raines 2002,suspension,attached,mobile,epifaunal,10,10,35.213633723318,5.24500001
105616,Limidae,Lima,lima,(Linnaeus 1758),suspension,attached,mobile,epifaunal,8,8,131.810469993851,22.861666644
105469,Limidae,Lima,meridionalis,Stuardo 1968,suspension,attached,mobile,epifaunal,45,45,38.9871773792359,10.85186291
105471,Limidae,Lima,nakayasui,Habe 1987,suspension,attached,mobile,epifaunal,80,80,26.7848837966492,3.35186455
105472,Limidae,Lima,nimbifer,Iredale 1924,suspension,attached,mobile,epifaunal,2,2,27.712812921102,22.599333483
105473,Limidae,Lima,ogasawaraensis,Habe 1993,suspension,attached,mobile,epifaunal,50,50,19.7393008994746,19.868177217
105475,Limidae,Lima,paucicostata,"Sowerby II, 1843",suspension,attached,mobile,epifaunal,2,2,72.7362358113203,16.21894242
105481,Limidae,Lima,tahitensis,E.A. Smith 1885,suspension,attached,mobile,epifaunal,18,18,9.48683298050514,2.78125202
105482,Limidae,Lima,tetrica,Gould 1851,suspension,attached,mobile,epifaunal,0,0,63.3640276497635,16.44182409
112309,Limidae,Lima,tropicalis,(Iredale 1939),suspension,attached,mobile,epifaunal,18,18,15.8745078663875,9.93853154
105484,Limidae,Lima,vulgaris,(Link 1807),suspension,attached,mobile,epifaunal,0,0,79.3725393319377,35.476609712
112754,Limidae,Lima,zealandica,"Sowerby III, 1877",suspension,attached,mobile,epifaunal,10,10,72.8903285765677,13.55408021
105486,Limidae,Lima,zushiensis,Yokoyama 1920,suspension,attached,mobile,epifaunal,50,50,72.1110255092798,29.870201235
105488,Limidae,Limaria,africana,(Bartsch 1915),suspension,attached,mobile,epifaunal,3,3,20.0858158908221,14.18321466
105487,Limidae,Limaria,angustata,"(Sowerby II, 1872)",suspension,attached,mobile,epifaunal,0,0,36.3318042491699,20.31424225
105459,Limidae,Limaria,auaua,"(Dall, Bartsch & Rehder 1938)",suspension,attached,mobile,epifaunal,7,7,27.224988521577,3.43599318
105489,Limidae,Limaria,basilanica,(Adams & Reeve 1850),suspension,attached,mobile,epifaunal,0,0,47.5394572960189,32.482212212
105490,Limidae,Limaria,delicatula,(Iredale 1939),suspension,attached,mobile,epifaunal,NA,NA,14.3874945699382,6.01557706
105511,Limidae,Limaria,dentata,(Sowerby 1843),suspension,attached,mobile,epifaunal,2,2,13.0384048104053,15.75297852
105510,Limidae,Limaria,fragilis,(Gmelin 1791),suspension,attached,mobile,epifaunal,0,0,31.6069612585582,23.38757563
105491,Limidae,Limaria,guttula,Kilburn 1998,suspension,attached,mobile,epifaunal,17,17,14.1725085993976,7.13007777
105492,Limidae,Limaria,hakodatensis,(Tokunaga 1906),suspension,attached,mobile,epifaunal,5,5,22.8035085019828,30.477194
105466,Limidae,Limaria,hawaiana,"(Dall, Bartsch & Rehder 1938)",suspension,attached,mobile,epifaunal,117,117,12.2474487139159,3.43599318
105493,Limidae,Limaria,hemphilli,(Hertlein & Strong 1946),suspension,attached,mobile,epifaunal,0,0,25.377155080899,22.707619352
105494,Limidae,Limaria,hians,(Gmelin 1791),suspension,attached,mobile,epifaunal,0,0,32.1294257651767,30.337535326
105512,Limidae,Limaria,hirasei,(Pilsbry 1901),suspension,attached,mobile,epifaunal,0,0,31.859064644148,30.585264035
105617,Limidae,Limaria,hongkongensis,Morton 1979,suspension,attached,mobile,epifaunal,3,3,19.3649167310371,12.85165196
112310,Limidae,Limaria,imitans,Stuardo 1968,suspension,attached,mobile,epifaunal,4,4,23.1300670124408,13.05489409
105496,Limidae,Limaria,kawamurai,Masahito & Habe 1972,suspension,attached,mobile,epifaunal,100,100,20.8182612146164,30.811878672
105467,Limidae,Limaria,keokea,"(Dall, Bartsch & Rehder 1938)",suspension,attached,mobile,epifaunal,2,2,28.7888867447145,4.92896835
105498,Limidae,Limaria,kiiensis,(Oyama 1943),suspension,attached,mobile,epifaunal,1,1,17.3181985206314,30.197764315
105468,Limidae,Limaria,lahaina,"(Dall, Bartsch & Rehder 1938)",suspension,attached,mobile,epifaunal,25,25,34.5470693402494,3.43599318
105499,Limidae,Limaria,locklini,(McGinty 1955),suspension,attached,mobile,epifaunal,10,10,11.0905365064094,17.54340922
112910,Limidae,Limaria,n.sp. cf. pellucida (Adams 1846),of von Cosel & Huber 2019,suspension,attached,mobile,epifaunal,15,15,10.816653826392,11.5963716
111969,Limidae,Limaria,natans,(Dufo 1840),suspension,attached,mobile,epifaunal,NA,5,23.9791576165636,15.52705371
105501,Limidae,Limaria,orbignyi,(Lamy 1930),suspension,attached,mobile,epifaunal,0,0,43.0116263352131,17.5234874
105502,Limidae,Limaria,orientalis,(Adams & Reeve 1850),suspension,attached,mobile,epifaunal,1,1,30.4745795705207,15.57399379
105503,Limidae,Limaria,pacifica,(d'Orbigny 1846),suspension,attached,mobile,epifaunal,0,0,31.3687742827162,16.44182409
105474,Limidae,Limaria,parallela,"(Dall, Bartsch & Rehder 1938)",suspension,attached,mobile,epifaunal,20,20,6.08111831820431,6.75469556
105504,Limidae,Limaria,pellucida,(C.B. Adams 1846),suspension,attached,mobile,epifaunal,22,22,24.2629346947149,19.91667863
105513,Limidae,Limaria,perfragilis,(Habe & Kosuge 1966),suspension,attached,mobile,epifaunal,0,0,13.4298175713596,18.63217951
112909,Limidae,Limaria,rotundata,(Sowerby II 1843),suspension,attached,mobile,epifaunal,0,0,41.3521462562707,16.93826433
105507,Limidae,Limaria,thryptica,(Penna 1971),suspension,attached,mobile,epifaunal,3.8,3.8,20.976176963403,5.95676858
105508,Limidae,Limaria,tuberculata,(Olivi 1792),suspension,attached,mobile,epifaunal,0,0,57.2894405628123,31.796957335
105520,Limidae,Limatula,acherontis,Fleming 1978,suspension,attached,mobile,epifaunal,145,145,3.83666521865018,5.88143935
105568,Limidae,Limatula,aequatorialis,(Thiele 1920),suspension,attached,mobile,epifaunal,18,18,4.38748219369606,5.03840899
105521,Limidae,Limatula,agulhasensis,(Thiele 1920),suspension,attached,mobile,epifaunal,150,150,5.87367006223537,7.21336063
105522,Limidae,Limatula,attenuata,Dall 1916,suspension,attached,mobile,epifaunal,15,15,6.32455532033676,18.740515029
111915,Limidae,Limatula,chilensis,Campusano et al. 2012,suspension,attached,mobile,epifaunal,22,22,3.64554522671164,13.254864145
105524,Limidae,Limatula,densecostata,(Thiele 1920),suspension,attached,mobile,epifaunal,70,70,9.8974744253269,11.53536484
105525,Limidae,Limatula,exigua,(Thiele 1920),suspension,attached,mobile,epifaunal,32,32,3.95979797464467,10.22948216
111882,Limidae,Limatula,guineensis,Stuardo 1968,suspension,attached,mobile,epifaunal,32,32,8.47112743381895,5.05451948
105526,Limidae,Limatula,gwyni,(Sykes 1903),suspension,attached,mobile,epifaunal,18,18,13.6747943311773,30.547952356
105528,Limidae,Limatula,hyalina,Verrill & Bush 1898,suspension,attached,mobile,epifaunal,46,46,5.80947501931113,15.53807309
105529,Limidae,Limatula,hyperborea,Jensen 1905,suspension,attached,mobile,epifaunal,79,79,14.8323969741913,21.38640015
105531,Limidae,Limatula,jacksonensis,(Thiele 1920),suspension,attached,mobile,epifaunal,22,22,9.89949493661167,6.41223532
105532,Limidae,Limatula,kinjoi,Hayami & Kase 1993,suspension,attached,mobile,epifaunal,NA,NA,2.32379000772445,10.1607561
105533,Limidae,Limatula,kurodai,Oyama 1943,suspension,attached,mobile,epifaunal,10,10,5.32447180478965,25.641668984
105579,Limidae,Limatula,leptocarya,(Melvill 1898),suspension,attached,mobile,epifaunal,18,18,6.32455532033676,20.31424225
105534,Limidae,Limatula,maoria,Finlay 1927,suspension,attached,mobile,epifaunal,20,20,30.9838667696593,14.513740292
105535,Limidae,Limatula,nippona,Habe 1960,suspension,attached,mobile,epifaunal,5,5,5.91607978309962,20.311750146
105536,Limidae,Limatula,powelli,Fleming 1978,suspension,attached,mobile,epifaunal,92,92,11.4891252930761,17.79019735
105581,Limidae,Limatula,pusilla,(H. Adams 1871),suspension,attached,mobile,epifaunal,NA,NA,6.32455532033676,16.4720005
105537,Limidae,Limatula,raoulica,Fleming 1978,suspension,attached,mobile,epifaunal,135,135,4.50555213042752,5.88143935
105582,Limidae,Limatula,regularis,Verrill & Bush 1898,suspension,attached,mobile,epifaunal,28,28,7.58946638440411,26.232600762
105538,Limidae,Limatula,saturna,Bernard 1978,suspension,attached,mobile,epifaunal,20,20,12,30.153333588
105583,Limidae,Limatula,setifera,Dall 1886,suspension,attached,mobile,epifaunal,37,37,7.19374728496908,18.90144388
105541,Limidae,Limatula,siligo,Fleming 1978,suspension,attached,mobile,epifaunal,17,17,5.69209978830308,14.9320794
105542,Limidae,Limatula,similaris,(Dall 1908),suspension,attached,mobile,epifaunal,1.5,1.5,5.29150262212918,19.00784482
105543,Limidae,Limatula,similis,Jensen 1912,suspension,attached,mobile,epifaunal,171,171,5.1234753829798,9.879598261
105544,Limidae,Limatula,simillima,Thiele 1912,suspension,attached,mobile,epifaunal,64,64,7.54983443527075,3.562105266
105546,Limidae,Limatula,subauriculata,(Montagu 1808),suspension,attached,mobile,epifaunal,7,7,8.48528137423857,32.45924253
111698,Limidae,Limatula,surugensis,Stuardo 1968,suspension,attached,mobile,epifaunal,100,100,8.32466215530696,29.870201235
105547,Limidae,Limatula,suteri,(Dall 1908),suspension,attached,mobile,epifaunal,27,27,10.2469507659596,3.01839692
105552,Limidae,Limatula,vermicola,Kilburn 1975,suspension,attached,mobile,epifaunal,50,50,10.1024749442896,8.64095391
110758,Limidae,Limatula,vigilis,Fleming 1978,suspension,attached,mobile,epifaunal,19,19,5.80947501931113,15.0723886
105551,Limidae,Limatula,vladivostokensis,(Scarlato 1955),suspension,attached,mobile,epifaunal,90,90,13.4164078649987,27.25149998
105514,Limidae,Limatulella,amakusaense,(Habe 1960),suspension,attached,mobile,epifaunal,10,10,11.6275534829989,18.835452027
105515,Limidae,Limatulella,cumingii,(Sowerby II 1843),suspension,attached,mobile,epifaunal,18,18,21.743964679883,8.73389537
105500,Limidae,Limatulella,loscombii,(Leach in Sowerby 1823),suspension,attached,mobile,epifaunal,60,60,16.7958328165054,30.547952356
105517,Limidae,Limatulella,stertum,(Iredale 1939),suspension,attached,mobile,epifaunal,NA,NA,8.97217922246318,6.01557706
105518,Limidae,Limatulella,viali,(Jousseaume in Lamy 1920),suspension,attached,mobile,epifaunal,NA,NA,18.4390889145858,17.93957597
111931,Limidae,Limatuletta,colmani,Fleming 1978,suspension,attached,mobile,epifaunal,65,65,7.74596669241483,10.69703316
105559,Limidae,Limatuletta,delli,Fleming 1978,suspension,attached,mobile,epifaunal,106,106,9.50789145920377,5.50645447
105555,Limidae,Limatuletta,insularis,Oliver 1915,suspension,attached,mobile,epifaunal,25,25,5.36749476012786,5.88143935
105556,Limidae,Limatuletta,intercostulata,Kilburn 1998,suspension,attached,mobile,epifaunal,80,80,6,7.22272928
105557,Limidae,Limatuletta,japonica,A. Adams 1863,suspension,attached,mobile,epifaunal,20,20,14.4913767461894,31.462212032
111932,Limidae,Limatuletta,spinulosa,Fleming 1978,suspension,attached,mobile,epifaunal,110,110,7.10352025407122,5.88143935
105607,Limidae,Limea,bronniana,Dall 1886,suspension,attached,mobile,epifaunal,27,27,3.29393381840012,19.73802633
105615,Limidae,Limea,limopsis,(Nomura & Jinbo 1934),suspension,attached,mobile,epifaunal,30,30,3.54682957019364,29.142978391
105621,Limidae,Notolimea,clandestina,Salas 1994,suspension,attached,mobile,epifaunal,2,2,0.75,28.242961288
105618,Limidae,Notolimea,crassa,(Forbes 1844),suspension,attached,mobile,epifaunal,30,30,4.80624593627917,30.547952356
105595,Limidae,Notolimea,crenocostata,Kilburn 1990,suspension,attached,mobile,epifaunal,180,180,2.87228132326901,4.41761916
105597,Limidae,Notolimea,drivasi,Kilburn 1990,suspension,attached,mobile,epifaunal,25,25,2.91547594742265,9.77548922
105598,Limidae,Notolimea,juglandula,(Melvill & Standen 1907),suspension,attached,mobile,epifaunal,73,73,3.24037034920393,7.31351576
105600,Limidae,Notolimea,pectinata,(H. Adams 1870),suspension,attached,mobile,epifaunal,NA,NA,6.3718129288296,18.24122648
105046,Limidae,Plicacesta,smithi,"(Sowerby III, 1888)",suspension,attached,mobile,epifaunal,90,90,89.9444272870754,30.915016622
105561,Limidae,Stabilima,bismarckiana,(Thiele 1920),suspension,attached,mobile,epifaunal,NA,NA,4.6475800154489,1.4151515
105562,Limidae,Stabilima,bullata,(Born 1778),suspension,attached,mobile,epifaunal,0,0,29.5160973029972,23.76287869
105564,Limidae,Stabilima,iredalei,Fleming 1978,suspension,attached,mobile,epifaunal,75,75,7.79487010796203,16.57552616
105565,Limidae,Stabilima,oliveri,Powell 1958,suspension,attached,mobile,epifaunal,75,75,5.42217668469038,11.37688692
105566,Limidae,Stabilima,ponderi,Fleming 1978,suspension,attached,mobile,epifaunal,56,56,19.4422220952236,16.83583347
105545,Limidae,Stabilima,strangei,(Sowerby II 1872),suspension,attached,mobile,epifaunal,77,77,30.2844844763783,16.57552616
105567,Limidae,Stabilima,tadena,(Iredale 1939),suspension,attached,mobile,epifaunal,3,3,26.3343881645274,16.74645845
105549,Limidae,Stabilima,tensa,(Iredale 1939),suspension,attached,mobile,epifaunal,8,8,2.64575131106459,15.26133347
111941,Limopsidae,Aspalima,crenata,(A. Adams 1863),suspension,attached,mobile,infaunal,20,20,16.1245154965971,25.641668984
110613,Limopsidae,Aspalima,idonea,(Iredale 1929),suspension,attached,mobile,infaunal,180,180,7.04982269280583,4.97381574
106430,Limopsidae,Aspalima,panamensis,Dall 1902,suspension,attached,mobile,infaunal,130,130,14.6458185158768,22.707619352
101645,Limopsidae,Aspalima,pyrenoides,Oliver & von Cosel in von Cosel 1995,suspension,attached,mobile,infaunal,80,80,5.34789678284837,11.5963716
110621,Limopsidae,Aspalima,scabra,Thiele 1912,suspension,attached,mobile,infaunal,193,193,9.74679434480896,2.729714286
101117,Limopsidae,Empleconia,cumingii,(A. Adams 1863),suspension,attached,mobile,infaunal,25,25,17.1610023017305,19.768143916
105405,Limopsidae,Empleconia,vaginata,(Dall 1891),suspension,attached,mobile,infaunal,160,160,35.7770876399966,18.004589782
106429,Limopsidae,Felicia,akutanica,Dall 1916,suspension,attached,mobile,infaunal,55,55,31.3049516849971,11.226916086
101626,Limopsidae,Felicia,belcheri,(Adams & Reeve 1850),suspension,attached,mobile,infaunal,150,150,24.9799919935936,28.047999861
103035,Limopsidae,Felicia,crassula,Habe 1953,suspension,attached,mobile,infaunal,100,100,12.5499003980111,20.251895254
112741,Limopsidae,Felicia,jousseaumi,"(Mabille & Rochebrune, in Rochebrune & Mabille 1889)",suspension,attached,mobile,infaunal,120,120,36.0374804890686,18.457239899
105406,Limopsidae,Felicia,kurilensis,Scarlato 1981,suspension,attached,mobile,infaunal,80,80,17.2973986483517,16.329997304
101641,Limopsidae,Felicia,marionensis,(E. A. Smith 1885),suspension,attached,mobile,infaunal,27,27,72.1110255092798,13.37425005
112608,Limopsidae,Felicia,penelevis,Verco 1907,suspension,attached,mobile,infaunal,73,73,15.7321327225523,14.389172658
101652,Limopsidae,Felicia,tokaiensis,Yokoyama 1910,suspension,attached,mobile,infaunal,100,100,30.0149962518738,23.092065073
112607,Limopsidae,Felicia,uwadokoi,"Oyama,1951",suspension,attached,mobile,infaunal,90,90,32,11.1141593
101622,Limopsidae,Limopsilla,pumilio,(E.A. Smith 1904),suspension,attached,mobile,epifaunal,73,73,3.1224989991992,12.87589888
101625,Limopsidae,Limopsis,aurita,(Brocchi 1814),suspension,attached,mobile,infaunal,55,55,14.4913767461894,31.950953759
101627,Limopsidae,Limopsis,brazieri,Angas 1871,suspension,attached,mobile,infaunal,4,4,5.13322510708424,6.41223532
112743,Limopsidae,Limopsis,chuni,Thiele in Thiele & Jaeckel 1931,suspension,attached,mobile,infaunal,80,80,34.4673758792282,12.87589888
112270,Limopsidae,Limopsis,dannevigi,(Iredale 1931),suspension,attached,mobile,infaunal,55,55,22.7156333832011,6.48228326
101628,Limopsidae,Limopsis,davidis,Hedley 1899,suspension,attached,mobile,infaunal,81,81,1.2,0.700661099999998
106455,Limopsidae,Limopsis,davinae,Esteves 1984,suspension,attached,mobile,infaunal,64,64,3.04630924234556,15.63860966
101629,Limopsidae,Limopsis,elachista,Sturany 1899,suspension,attached,mobile,infaunal,73,73,6,18.38328981
101630,Limopsidae,Limopsis,enderbyensis,Powell 1958,suspension,attached,mobile,infaunal,115,115,14.6355731011806,3.06420756
101631,Limopsidae,Limopsis,eucosmus,Verco 1907,suspension,attached,mobile,infaunal,73,73,20.7990384393125,12.34666685
112345,Limopsidae,Limopsis,excancellata,Sacco 1898,suspension,attached,mobile,infaunal,18,18,14.3986110441251,6.71801286
101632,Limopsidae,Limopsis,forteradiata,Cotton 1930,suspension,attached,mobile,infaunal,15,15,21.7485631709315,12.34666685
101633,Limopsidae,Limopsis,hirtella,Mabille & Rochebrune 1889,suspension,attached,mobile,infaunal,75,75,15.4919333848297,22.981873688
101635,Limopsidae,Limopsis,janeiroensis,E.A. Smith 1915,suspension,attached,mobile,infaunal,70,70,17.9722007556114,15.83839118
101637,Limopsidae,Limopsis,lilliei,E.A. Smith 1915,suspension,attached,mobile,infaunal,1,1,19.1180542943052,5.093971292
101638,Limopsidae,Limopsis,loringi,Angas 1873,suspension,attached,mobile,infaunal,63,63,32.7414110874898,12.34249995
101639,Limopsidae,Limopsis,macgillivrayi,A. Adams 1863,suspension,attached,mobile,infaunal,NA,5,19.4935886896179,11.11000002
112382,Limopsidae,Limopsis,obliqua,A. Adams 1863,suspension,attached,mobile,infaunal,38,38,15.3883072493371,19.944471587
112742,Limopsidae,Limopsis,occidentalis,Cotton 1930,suspension,attached,mobile,infaunal,40,40,11.247221879202,6.56757583
104032,Limopsidae,Limopsis,oliveri,Amano & Lutaenko 2004,suspension,attached,mobile,infaunal,54,54,10.6404887105809,16.329997304
101646,Limopsidae,Limopsis,scotiana,Dell 1964,suspension,attached,mobile,infaunal,1,1,18,4.639406074
101648,Limopsidae,Limopsis,sulcata,Verrill & Bush 1898,suspension,attached,mobile,infaunal,60,60,12.4899959967968,29.723857916
101649,Limopsidae,Limopsis,tenisoni,Tenison-Woods 1878,suspension,attached,mobile,infaunal,18,18,30,16.30119296
101650,Limopsidae,Limopsis,tenuiradiata,Cotton 1930,suspension,attached,mobile,infaunal,7,7,24.6475150877325,12.34666685
101651,Limopsidae,Limopsis,tenuis,Seguenza 1879,suspension,attached,mobile,infaunal,188,188,2.5,22.861666644
101653,Limopsidae,Limopsis,vixornata,Verco 1907,suspension,attached,mobile,infaunal,40,40,9.64365076099295,8.58499995
102057,Limopsidae,Nipponolimopsis,azumana,(Yokoyama 1910),suspension,attached,mobile,epifaunal,100,100,12.9614813968157,20.666938599
102058,Limopsidae,Nipponolimopsis,decussata,(A. Adams 1862),suspension,attached,mobile,epifaunal,50,50,7.34846922834953,28.215142011
112381,Limopsidae,Nipponolimopsis,littoralis,Sasaki & Haga 2007,suspension,attached,mobile,epifaunal,0,0,2.68328157299975,15.9597675
112344,Limopsidae,Oblimopa,compressa,(G. & H. Nevill 1874),suspension,attached,mobile,infaunal,15,15,22,13.6316665
112035,Limopsidae,Oblimopa,forskalii,(A. Adams 1863),suspension,attached,mobile,infaunal,10,10,21,25.392536149
106389,Limopsidae,Oblimopa,japonica,(A. Adams 1863),suspension,attached,mobile,infaunal,10,10,13.6389149128514,23.842131705
101643,Limopsidae,Oblimopa,multistriata,(Forsskal 1775),suspension,attached,mobile,infaunal,1,1,30.4959013639538,16.4720005
110615,Limopsidae,Oblimopa,woodwardi,(A. Adams 1863),suspension,attached,mobile,infaunal,18,18,21.8990867389487,13.52833334
112611,Limopsidae,Paracratis,abyssicola,A. Adams 1863,suspension,attached,immobile,epifaunal,54,54,10.9544511501033,10.74244612
101640,Limopsidae,Paracratis,marerubra,Oliver & Zuschin 2000,suspension,attached,immobile,epifaunal,12,12,2.19772609758359,6.92458833
101642,Limopsidae,Paracratis,minuta,(Philippi 1836),suspension,attached,immobile,epifaunal,80,80,12.4899959967968,32.129606059
101644,Limopsidae,Paracratis,natalis,Barnard 1964,suspension,attached,immobile,epifaunal,73,73,6.7,6.62120021
109824,Lucinidae,Afrolucina,discontinua,Cosel 2006,non_suspension,unattached,mobile,infaunal,50,50,17.9955550067232,11.5963716
110262,Lucinidae,Afrolucina,lens,(Verrill & Smith 1880),non_suspension,unattached,mobile,infaunal,10,10,20.5961161387287,28.91003768
109825,Lucinidae,Afrophysema,chevalieri,Cosel in Taylor & Glover 2005,non_suspension,unattached,mobile,infaunal,3,3,39.9974999218701,15.89437685
109826,Lucinidae,Afrophysema,eutornus,(Tomlin 1921),non_suspension,unattached,mobile,infaunal,0,0,65.8999241274222,14.8641209
109827,Lucinidae,Afrophysema,tuticorina,Taylor & Glover 2005,non_suspension,unattached,mobile,infaunal,42,42,25.266578715766,5.87592599
109828,Lucinidae,Alucinoma,alis,Cosel & Bouchet 2008,non_suspension,unattached,mobile,infaunal,82,82,22.262075374951,13.44284804
109829,Lucinidae,Alucinoma,soyoae,Habe 1958,non_suspension,unattached,mobile,infaunal,129,129,12.058606884711,29.658333237
109830,Lucinidae,Anodontia,alba,Link 1807,non_suspension,unattached,mobile,infaunal,0,0,61.8126200706619,19.91667863
110104,Lucinidae,Anodontia,edentuloides,(Verrill 1870),non_suspension,unattached,mobile,infaunal,9,9,49.6153202146273,16.44182409
109832,Lucinidae,Austriella,corrugata,(Deshayes 1843),non_suspension,unattached,mobile,infaunal,0,0,71.9930552206253,19.65217969
109833,Lucinidae,Barbierella,louisensis,(Viader 1951),non_suspension,unattached,mobile,infaunal,24,24,9.04322951162913,9.25504905
109834,Lucinidae,Barbierella,scitula,Oliver & Abou-Zeid 1986,non_suspension,unattached,mobile,infaunal,30,30,9.03158347135208,12.6513236
109835,Lucinidae,Bathyaustriella,thionipta,"Glover, Taylor & Rowden 2004",non_suspension,unattached,mobile,infaunal,144,144,51.1761663276959,5.88143935
109836,Lucinidae,Bourdotia,boschorum,Dekker & Goud 1994,non_suspension,unattached,mobile,infaunal,NA,NA,20.580330415229,11.01211126
109837,Lucinidae,Bretskya,scapula,Glover & Taylor 2007,non_suspension,unattached,mobile,infaunal,5,5,7.61314652426971,10.8087798
110285,Lucinidae,Bythosphaera,subrostrata,(Cosel 1989),non_suspension,unattached,mobile,infaunal,39,39,10.8627804912002,8.82619833
109845,Lucinidae,Callucina,adelaideana,(Cotton & Godfrey 1938),non_suspension,unattached,mobile,infaunal,0,0,29.6192504969319,9.44545454
109839,Lucinidae,Callucina,bermudensis,(Dall 1901),non_suspension,unattached,mobile,infaunal,NA,NA,16.7481342244442,8.54962132
109843,Lucinidae,Callucina,brittoni,Glover & Taylor 2008,non_suspension,unattached,mobile,infaunal,3,3,17.198837169995,7.01693228
109885,Lucinidae,Callucina,chiquita,(Dall 1901),non_suspension,unattached,mobile,infaunal,0,0,13.228756555323,16.44182409
109840,Lucinidae,Callucina,keenae,(Chavan 1971),non_suspension,unattached,mobile,infaunal,2,2,22.1454284221372,19.91667863
109844,Lucinidae,Callucina,linnaei,Glover & Taylor 2008,non_suspension,unattached,mobile,infaunal,3,3,28.1400071073196,12.61952914
112441,Lucinidae,Callucina,pauperata,(Guppy 1896),non_suspension,unattached,mobile,infaunal,50,50,11.7473401244707,7.62503771
109841,Lucinidae,Callucina,winckworthi,(Viader 1951),non_suspension,unattached,mobile,infaunal,NA,NA,12.9614813968157,4.85816519
109846,Lucinidae,Cardiolucina,australopilula,Taylor & Glover 1997,non_suspension,unattached,mobile,infaunal,30,30,13.5985293322477,13.28798687
109847,Lucinidae,Cardiolucina,civica,(Yokoyama 1927),non_suspension,unattached,mobile,infaunal,50,50,11.5,28.876333417
109848,Lucinidae,Cardiolucina,crassilirata,(Tate 1887),non_suspension,unattached,mobile,infaunal,0,0,9.74679434480896,22.273533353
109849,Lucinidae,Cardiolucina,eucosmia,(Dall 1901),non_suspension,unattached,mobile,infaunal,0,0,7.59736796528903,11.66106073
110009,Lucinidae,Cardiolucina,euglypta,(E.A. Smith 1916),non_suspension,unattached,mobile,infaunal,5,5,22.0431395223094,3.81263248
109850,Lucinidae,Cardiolucina,lamothei,(Dautzenberg 1913),non_suspension,unattached,mobile,infaunal,4,4,4.14728827066554,11.5963716
109851,Lucinidae,Cardiolucina,macassari,(Prashad 1932),non_suspension,unattached,mobile,infaunal,0,0,5.7,7.73047849
109852,Lucinidae,Cardiolucina,pisiformis,(Thiele 1930),non_suspension,unattached,mobile,infaunal,3,3,4.4497190922574,14.46733341
109854,Lucinidae,Cardiolucina,rehderi,(Britton 1972),non_suspension,unattached,mobile,infaunal,150,150,8.94427190999916,10.90184615
109855,Lucinidae,Cardiolucina,rugosa,(Hedley 1909),non_suspension,unattached,mobile,infaunal,9,9,4.94772675074119,13.93318231
109856,Lucinidae,Cardiolucina,semperiana,(Issel 1869),non_suspension,unattached,mobile,infaunal,39,39,7.79935894801618,20.31424225
112063,Lucinidae,Cardiolucina,serrata,Glover & Taylor 2016,non_suspension,unattached,mobile,infaunal,0,0,4.4988887516808,3.7357581
109857,Lucinidae,Cardiolucina,siquijorensis,Taylor & Glover 1997,non_suspension,unattached,mobile,infaunal,0,0,3.69459064038223,3.35186455
109858,Lucinidae,Cardiolucina,undula,Glover & Taylor 2007,non_suspension,unattached,mobile,infaunal,80,80,4.74341649025257,6.77428956
111529,Lucinidae,Cardiolucina,valida,(E.A. Smith 1904),non_suspension,unattached,mobile,infaunal,0,0,11.4891252930761,13.89215925
109859,Lucinidae,Cavatidens,bullula,(Reeve 1850),non_suspension,unattached,mobile,infaunal,0,0,21.5719725570009,13.52833334
109860,Lucinidae,Cavatidens,omissa,(Iredale 1930),non_suspension,unattached,mobile,infaunal,0,0,26.0096136072799,17.47642857
109861,Lucinidae,Cavilinga,blanda,"(Dall, in Dall & Simpson 1901)",non_suspension,unattached,mobile,infaunal,7,7,12.4899959967968,19.91667863
109862,Lucinidae,Cavilinga,compacta,(E.A. Smith 1890),non_suspension,unattached,mobile,infaunal,NA,NA,9.64883412646316,3.6200002
112448,Lucinidae,Cavilinga,inconspicua,(E.A. Smith 1890),non_suspension,unattached,mobile,infaunal,NA,NA,3.24653661614958,3.6200002
109863,Lucinidae,Cavilinga,lampra,(Dall 1901),non_suspension,unattached,mobile,infaunal,0,0,24.6981780704569,17.94966261
109864,Lucinidae,Cavilinga,lingualis,(Carpenter 1864),non_suspension,unattached,mobile,infaunal,0,0,18,17.28764867
109865,Lucinidae,Cavilinga,peritaphros,(Barnard 1964),non_suspension,unattached,mobile,infaunal,77,77,6.37377439199098,8.63823031
109842,Lucinidae,Cavilinga,prolongata,(Carpenter 1857),non_suspension,unattached,mobile,infaunal,0,0,8,15.78059592
109867,Lucinidae,Cavilucina,fieldingi,(H.Adams 1871),non_suspension,unattached,mobile,infaunal,4,4,14.9879951961562,16.4720005
109868,Lucinidae,Chavania,erythraea,(Issel 1869),non_suspension,unattached,mobile,infaunal,2,2,12,20.31424225
109869,Lucinidae,Chavania,striata,(Tokunaga 1906),non_suspension,unattached,mobile,infaunal,0,0,11.8995798245148,30.194289306
110101,Lucinidae,Clathrolucina,costata,(d'Orbigny 1845),non_suspension,unattached,mobile,infaunal,10,10,15.7480157480236,19.91667863
109871,Lucinidae,Codakia,distinguenda,(Tryon 1872),non_suspension,unattached,mobile,infaunal,0,0,138.401589586247,16.96133355
109872,Lucinidae,Codakia,interrupta,(Lamarck 1818),non_suspension,unattached,mobile,infaunal,0,0,51.526692111953,13.52833334
109873,Lucinidae,Codakia,orbicularis,(Linnaeus 1758),non_suspension,unattached,mobile,infaunal,2,2,102.469507659596,19.08009618
109874,Lucinidae,Codakia,paytenorum,(Iredale 1937),non_suspension,unattached,mobile,infaunal,0,0,53.9907399467724,32.627575601
109876,Lucinidae,Codakia,punctata,(Linnaeus 1758),non_suspension,unattached,mobile,infaunal,0,0,93.38094023943,32.627575601
109877,Lucinidae,Codakia,rugifera,(Reeve 1835),non_suspension,unattached,mobile,infaunal,0,0,61.8748737372449,14.981000183
109878,Lucinidae,Codakia,thaanumi,Pilsbry 1918,non_suspension,unattached,mobile,infaunal,2,2,53.8843205394668,3.43599318
109879,Lucinidae,Codakia,tigerina,(Linnaeus 1758),non_suspension,unattached,mobile,infaunal,0,0,135.483725959984,32.627575601
109880,Lucinidae,Cryptophysema,insulosa,Taylor & Glover 2005,non_suspension,unattached,mobile,infaunal,6,6,31.9374388453426,8.00317496
109881,Lucinidae,Cryptophysema,ovulum,(Reeve 1850),non_suspension,unattached,mobile,infaunal,3,3,30.1675322159437,17.31007525
109882,Lucinidae,Cryptophysema,trulla,Taylor & Glover 2005,non_suspension,unattached,mobile,infaunal,0,0,73.229092579384,21.27136266
109883,Lucinidae,Cryptophysema,vesicula,(Gould 1850),non_suspension,unattached,mobile,infaunal,0,0,46.3130651112621,32.627575601
109884,Lucinidae,Ctena,bella,(Conrad 1837),non_suspension,unattached,mobile,infaunal,0,0,28.5657137141714,28.876333417
109887,Lucinidae,Ctena,clippertonensis,Bartsch & Rehder 1939,non_suspension,unattached,mobile,infaunal,0,0,21.7485631709315,3.85028042
111534,Lucinidae,Ctena,decussata,(O.G. Costa 1829),non_suspension,unattached,mobile,infaunal,5,5,23.9791576165636,28.591666596
109888,Lucinidae,Ctena,delicatula,(Pilsbry 1904),non_suspension,unattached,mobile,infaunal,0,0,15.3,26.928646232
109889,Lucinidae,Ctena,divergens,(Philippi 1850),non_suspension,unattached,mobile,infaunal,1,1,23.4520787991171,20.31424225
109890,Lucinidae,Ctena,eburnea,(Gmelin 1791),non_suspension,unattached,mobile,infaunal,0,0,26.8774998837317,13.19842904
109891,Lucinidae,Ctena,galapagana,(Dall 1901),non_suspension,unattached,mobile,infaunal,0,0,28.8773267460823,9.68780064
109892,Lucinidae,Ctena,gunnamatta,(Iredale 1930),non_suspension,unattached,mobile,infaunal,0,0,21.4941852602047,18.92333346
109893,Lucinidae,Ctena,imbricatula,(C.B. Adams 1845),non_suspension,unattached,mobile,infaunal,1,1,22.9782505861521,14.5809717
109894,Lucinidae,Ctena,mexicana,(Dall 1901),non_suspension,unattached,mobile,infaunal,0,0,19.7636029104007,17.94966261
109895,Lucinidae,Ctena,orbiculata,(Montagu 1808),non_suspension,unattached,mobile,infaunal,0.5,0.5,24.4127016120707,18.90144388
110243,Lucinidae,Ctena,reevei,(Deshayes in Maillard 1863),non_suspension,unattached,mobile,infaunal,1,1,28.9499568220749,6.81795179
109933,Lucinidae,Ctena,tatei,(Angas 1879),non_suspension,unattached,mobile,infaunal,NA,NA,8.04984471899924,14.964740463
109897,Lucinidae,Discolucina,solomonensis,Cosel & Bouchet 2008,non_suspension,unattached,mobile,infaunal,98,98,45.4752680036083,1.09127274
109898,Lucinidae,Discolucina,virginea,(Deshayes 1832),non_suspension,unattached,mobile,infaunal,2,2,49.3224087003058,10.8087798
109899,Lucinidae,Divalinga,arabica,Dekker & Goud 1994,non_suspension,unattached,mobile,infaunal,1,1,21.4941852602047,20.60368675
109900,Lucinidae,Divalinga,bardwelli,(Iredale 1936),non_suspension,unattached,mobile,infaunal,0,0,26.4952825989835,13.71609799
109901,Lucinidae,Divalinga,dalliana,(Vanatta 1901),non_suspension,unattached,mobile,infaunal,1,1,25.4950975679639,13.24969375
109902,Lucinidae,Divalinga,eburnea,(Reeve 1850),non_suspension,unattached,mobile,infaunal,0,0,30.2919131122483,17.19340653
109903,Lucinidae,Divalinga,perparvula,(Dall 1901),non_suspension,unattached,mobile,infaunal,7,7,23,17.18226211
109904,Lucinidae,Divalinga,quadrisulcata,(d'Orbigny 1845),non_suspension,unattached,mobile,infaunal,0,0,24.1966939890556,18.82377717
109915,Lucinidae,Divalinga,sechellensis,(d'Orbigny 1846),non_suspension,unattached,mobile,infaunal,0,0,28,8.73389537
110213,Lucinidae,Divalinga,strigilla,(Stimpson 1851),non_suspension,unattached,mobile,infaunal,11,11,18.0443897098239,29.338479026
109905,Lucinidae,Divalinga,weberi,(Olsson & McGinty 1958),non_suspension,unattached,mobile,infaunal,2,2,10.5,5.66518175
109906,Lucinidae,Divalucina,cumingi,(Adams & Angas 1864),non_suspension,unattached,mobile,infaunal,1,1,45.4972526643093,22.237695582
109907,Lucinidae,Divalucina,euclia,(Cotton & Godfrey 1938),non_suspension,unattached,mobile,infaunal,137,137,40.9511904588865,19.96500015
109908,Lucinidae,Divalucina,soyoae,(Habe 1952),non_suspension,unattached,mobile,infaunal,90,90,45.7329203091165,19.816111131
109909,Lucinidae,Divaricella,chavani,Cosel 2006,non_suspension,unattached,mobile,infaunal,1,1,29.142752100651,11.94226461
109910,Lucinidae,Divaricella,dentata,(Wood 1815),non_suspension,unattached,mobile,infaunal,0,0,36.1911591414257,18.38343835
109911,Lucinidae,Divaricella,irpex,(E.A. Smith 1885),non_suspension,unattached,mobile,infaunal,1,1,24.4948974278318,13.52833334
109912,Lucinidae,Divaricella,macandreae,(H.Adams 1871),non_suspension,unattached,mobile,infaunal,5,5,19.9937490231322,20.31424225
109913,Lucinidae,Divaricella,occidua,(Cotton & Godfrey 1938),non_suspension,unattached,mobile,infaunal,5,5,16.7892822955599,16.16749995
109914,Lucinidae,Divaricella,ornatissima,(d'Orbigny 1846),non_suspension,unattached,mobile,infaunal,1,1,20.4939015319192,12.42096635
109919,Lucinidae,Dulcina,minor,Cosel & Bouchet 2008,non_suspension,unattached,mobile,infaunal,190,190,27.0850512275683,2.8647346
112059,Lucinidae,Easmithia,bractea,Glover & Taylor 2016,non_suspension,unattached,mobile,infaunal,5,5,17.8499299718514,11.48343766
112058,Lucinidae,Easmithia,brevis,Glover & Taylor 2016,non_suspension,unattached,mobile,infaunal,12,12,5.04777178564959,3.60235208
110151,Lucinidae,Easmithia,desiderata,(E. A. Smith 1885),non_suspension,unattached,mobile,infaunal,23,23,7.14142842854285,13.7685616
112439,Lucinidae,Easmithia,gibbia,(Deshayes 1844),non_suspension,unattached,mobile,infaunal,NA,NA,12.4899959967968,5.66497823
109886,Lucinidae,Epicodakia,clarionensis,(Hertlein & Strong 1946),non_suspension,unattached,mobile,infaunal,0,0,16.0748250379281,16.30010538
109925,Lucinidae,Epicodakia,consettiana,Iredale 1930,non_suspension,unattached,mobile,infaunal,1,1,23.3987179135952,14.981000183
109934,Lucinidae,Epicodakia,falklandica,Dell 1964,non_suspension,unattached,mobile,infaunal,46,46,2.52388589282479,24.737249978
110269,Lucinidae,Epicodakia,filiata,(Dall 1901),non_suspension,unattached,mobile,infaunal,1,1,17.6771038351875,8.01958334
110153,Lucinidae,Epicodakia,izuensis,(Okutani & Matsukuma 1982),non_suspension,unattached,mobile,infaunal,115,115,19.9509398274868,28.412257981
111535,Lucinidae,Epicodakia,minuata,(Deshayes in Maillard 1863),non_suspension,unattached,mobile,infaunal,0,0,18.3670901342592,16.4720005
109927,Lucinidae,Epicodakia,neozelanica,Powell 1937,non_suspension,unattached,mobile,infaunal,59,59,7.21110255092798,12.106406823
109928,Lucinidae,Epicodakia,nodulosa,Glover & Taylor 2007,non_suspension,unattached,mobile,infaunal,0,0,18.1824090813071,11.65700023
112899,Lucinidae,Epicodakia,obliquata,Huber 2015,non_suspension,unattached,mobile,infaunal,3,3,15.420765220961,15.75233642
112287,Lucinidae,Epicodakia,pectinata,(C.B. Adams 1852,non_suspension,unattached,mobile,infaunal,1,1,18.344481459011,11.52569789
109930,Lucinidae,Epicodakia,perobliqua,(Tate 1892),non_suspension,unattached,mobile,infaunal,0,0,25.377155080899,11.70456063
109931,Lucinidae,Epicodakia,quadrata,(Angas 1877),non_suspension,unattached,mobile,infaunal,NA,NA,3.66606055596467,6.41223532
109896,Lucinidae,Epicodakia,sulphurea,(Kilburn 1974),non_suspension,unattached,mobile,infaunal,NA,NA,17.1335927347419,6.62120021
109932,Lucinidae,Epicodakia,sweeti,(Hedley 1899),non_suspension,unattached,mobile,infaunal,0,0,17.6380271005575,16.42196976
110242,Lucinidae,Epicodakia,transversa,"(Dall, Bartsch & Rehder 1938)",non_suspension,unattached,mobile,infaunal,7,7,10.1955872807799,3.43599318
109936,Lucinidae,Epilucina,californica,(Conrad 1837),non_suspension,unattached,mobile,infaunal,0,0,38.1051177665153,20.778391213
109937,Lucinidae,Euanodontia,hawaiensis,"(Dall, Bartsch & Rehder 1938)",non_suspension,unattached,mobile,infaunal,2,2,24.3704739387645,19.96500015
109938,Lucinidae,Euanodontia,ovum,(Reeve 1850),non_suspension,unattached,mobile,infaunal,0,0,59.0177939269167,31.785575617
109939,Lucinidae,Euanodontia,perplexa,(Cotton & Godfey 1938),non_suspension,unattached,mobile,infaunal,0,0,23.0445221256593,18.75604364
110072,Lucinidae,Eulopia,sagrinata,(Dall 1886),non_suspension,unattached,mobile,infaunal,155,155,8.60813568666294,8.01958334
111988,Lucinidae,Ferrocina,brunei,Taylor & Glover 2013,non_suspension,unattached,mobile,infaunal,63,63,8.33186653757728,3.00199999
109870,Lucinidae,Ferrocina,cubana,(Dall 1901),non_suspension,unattached,mobile,infaunal,23,23,28.8496100493577,11.2663393
112077,Lucinidae,Ferrocina,garciai,Taylor & Glover in Taylor et al. 2013,non_suspension,unattached,mobile,infaunal,58,58,19.3468343663763,12.20639798
112061,Lucinidae,Ferrocina,luzonensis,Glover & Taylor 2016,non_suspension,unattached,mobile,infaunal,2,2,15.2990195764304,3.7357581
109941,Lucinidae,Ferrocina,multiradiata,Glover & Taylor 2007,non_suspension,unattached,mobile,infaunal,80,80,17.2858323490655,7.83533749
109942,Lucinidae,Fimbria,fimbriata,(Linnaeus 1758),non_suspension,unattached,mobile,infaunal,0,0,97.1287804927046,17.74858742
109943,Lucinidae,Fimbria,soverbii,(Reeve 1842),non_suspension,unattached,mobile,infaunal,0,0,87.4070935336486,19.00541648
109944,Lucinidae,Funafutia,levukana,(E.A. Smith 1885),non_suspension,unattached,mobile,infaunal,0,0,6.34034699365894,13.52833334
112715,Lucinidae,Gibbolucina,zelee,Taylor & Glover 2018,non_suspension,unattached,mobile,infaunal,24,24,15.0479234447813,7.44892822
109948,Lucinidae,Gonimyrtea,avia,Glover & Taylor2007,non_suspension,unattached,mobile,infaunal,69,69,10.4828431257937,6.77428956
112037,Lucinidae,Gonimyrtea,celata,Glover & Taylor 2016,non_suspension,unattached,mobile,infaunal,4,4,8.2975900115636,3.60235208
109949,Lucinidae,Gonimyrtea,concinna,(Hutton 1885),non_suspension,unattached,mobile,infaunal,46,46,9.34344690143846,12.106406823
109950,Lucinidae,Gonimyrtea,fidelis,Glover & Taylor 2007,non_suspension,unattached,mobile,infaunal,10,10,10.2489023802552,6.77428956
109866,Lucinidae,Gonimyrtea,pamela,(Melvill & Standen 1907),non_suspension,unattached,mobile,infaunal,18,18,10.9361784915939,20.31424225
110074,Lucinidae,Gonimyrtea,sudes,(Barnard 1964),non_suspension,unattached,mobile,infaunal,73,73,9.97183533758957,7.31159329
110095,Lucinidae,Guyanella,clenchi,(Altena 1968),non_suspension,unattached,mobile,infaunal,20,20,1.31757352736005,7.20760924
109953,Lucinidae,Here,excavata,(Carpenter 1857),non_suspension,unattached,mobile,infaunal,15,15,25.298221281347,18.67915172
109954,Lucinidae,Indoaustriella,dalli,(Lynge 1909),non_suspension,unattached,mobile,infaunal,0,0,9.1498633869583,6.54982748
109955,Lucinidae,Indoaustriella,lamprelli,"Glover, Taylor & Williams 2008",non_suspension,unattached,mobile,infaunal,NA,NA,19.4935886896179,13.22500038
112631,Lucinidae,Indoaustriella,n.sp. A of Glover et al.,Glover et al. 2008,non_suspension,unattached,mobile,infaunal,0,0,13.1939380019765,1.23632366
109956,Lucinidae,Indoaustriella,plicifera,(A. Adams 1856),non_suspension,unattached,mobile,infaunal,0,0,28.49561369755,15.75297852
109957,Lucinidae,Indoaustriella,scarlatoi,(Zorina 1978),non_suspension,unattached,mobile,infaunal,0,0,10.5,15.30833335
110146,Lucinidae,Jallenia,inanis,(Prashad 1932),non_suspension,unattached,mobile,infaunal,5,5,17.8644899171513,21.369924679
109962,Lucinidae,Jorgenia,compressa,(Dall 1881),non_suspension,unattached,mobile,infaunal,131,131,9.4678403028357,6.22423719
109984,Lucinidae,Keletistes,aberrans,(Dautzenberg 1910),non_suspension,unattached,mobile,infaunal,0,0,18.2071414560331,7.83410619
109988,Lucinidae,Keletistes,contrarius,(Dunker 1846),non_suspension,unattached,mobile,infaunal,0,0,12.5717938258627,13.77372898
109990,Lucinidae,Keletistes,legouxi,(Nickles 1952),non_suspension,unattached,mobile,infaunal,5,5,4.84767985741633,11.5963716
110208,Lucinidae,Keletistes,liratulus,"(Sowerby III, 1890)",non_suspension,unattached,mobile,infaunal,NA,5,13.7477270848675,10.02594953
109963,Lucinidae,Keletistes,rhizoecus,Oliver 1986,non_suspension,unattached,mobile,infaunal,0,0,9.44351629426243,4.60649988
109964,Lucinidae,Lamellolucina,dentifera,(Jonas 1846),non_suspension,unattached,mobile,infaunal,1,1,33.741665637606,20.60368675
109965,Lucinidae,Lamellolucina,gemma,(Reeve 1850),non_suspension,unattached,mobile,infaunal,39,39,16.5438810440598,7.95288359
109966,Lucinidae,Lamellolucina,jawa,Taylor & Glover 2002,non_suspension,unattached,mobile,infaunal,50,50,20.174241001832,6.01762297
109968,Lucinidae,Lamellolucina,pilbara,Taylor & Glover 2002,non_suspension,unattached,mobile,infaunal,11,11,22.6495033058122,9.19299984
109969,Lucinidae,Lamellolucina,reyrei,(Nickles 1955),non_suspension,unattached,mobile,infaunal,45,45,19.2873015219859,12.43967933
109970,Lucinidae,Lamellolucina,trisulcata,Taylor & Glover 2002,non_suspension,unattached,mobile,infaunal,10,10,12.3511133101433,6.85535124
109971,Lucinidae,Lamylucina,exgaini,Cosel 2006,non_suspension,unattached,mobile,infaunal,25,25,18.7904230926289,11.5963716
109972,Lucinidae,Lamylucina,gaini,(Lamy 1920),non_suspension,unattached,mobile,infaunal,15,15,14.9479095528438,7.22023592
109973,Lucinidae,Lepidolucina,belepia,Glover & Taylor 2007,non_suspension,unattached,mobile,infaunal,0,0,12.9903810567666,6.77428956
109974,Lucinidae,Lepidolucina,odontotis,(Salisbury 1934),non_suspension,unattached,mobile,infaunal,0,0,25.7992247945554,6.61384612
109975,Lucinidae,Lepidolucina,venusta,(Philippi 1847),non_suspension,unattached,mobile,infaunal,0,0,32.4653661614959,17.49097249
109976,Lucinidae,Leucosphaera,diaphana,Glover & Taylor 2007,non_suspension,unattached,mobile,infaunal,30,30,5.63914887194867,6.77428956
109978,Lucinidae,Leucosphaera,oyamai,(Habe 1962),non_suspension,unattached,mobile,infaunal,10,10,9.48683298050514,26.653133202
112036,Lucinidae,Leucosphaera,philippinensis,Glover & Taylor 2016,non_suspension,unattached,mobile,infaunal,10,10,11.6961532137708,3.61247938
109977,Lucinidae,Leucosphaera,salamensis,(Thiele & Jaeckel 1931),non_suspension,unattached,mobile,infaunal,3,3,5.24404424085076,9.23315394
112440,Lucinidae,Liralucina,aethiopica,(Thiele & Jaeckel 1931),non_suspension,unattached,mobile,infaunal,50,50,3.74165738677394,3.45241074
110093,Lucinidae,Liralucina,approximata,(Dall 1901),non_suspension,unattached,mobile,infaunal,0,0,11.247221879202,16.2046156
109979,Lucinidae,Liralucina,craticula,Glover & Taylor 2007,non_suspension,unattached,mobile,infaunal,0,0,4.13521462562707,7.83533749
112060,Lucinidae,Liralucina,lathetikosa,Glover & Taylor 2016,non_suspension,unattached,mobile,infaunal,80,80,7.88416133777081,4.12559398
109980,Lucinidae,Liralucina,lifouina,Glover & Taylor 2007,non_suspension,unattached,mobile,infaunal,2,2,7.04840407468244,6.77428956
112431,Lucinidae,Liralucina,lyngei,Huber 2015,non_suspension,unattached,mobile,infaunal,2,2,4,6.61384612
110234,Lucinidae,Liralucina,plicatula,(A. Adams 1862),non_suspension,unattached,mobile,infaunal,5,5,14,26.290474012
109982,Lucinidae,Liralucina,sperabilis,(Hedley 1909),non_suspension,unattached,mobile,infaunal,6,6,4.39886348958455,20.31424225
109983,Lucinidae,Liralucina,vaubani,Glover & Taylor 2007,non_suspension,unattached,mobile,infaunal,155,155,3.2,7.83533749
109987,Lucinidae,Loripes,clausus,(Philippi 1848),non_suspension,unattached,mobile,infaunal,0,0,31.984371183439,16.38653846
110274,Lucinidae,Loripes,cryptella,(d'Orbigny 1846),non_suspension,unattached,mobile,infaunal,1,1,19.5959179422654,19.18741773
112914,Lucinidae,Loripes,orbiculatus,Poli 1791,non_suspension,unattached,mobile,infaunal,0,0,28.8270706107991,28.684298226
110154,Lucinidae,Loripes,rosacea,E.A. Smith 1899,non_suspension,unattached,mobile,infaunal,NA,5,17.4928556845359,11.0087461
109993,Lucinidae,Loripinus,fragilis,(Philippi 1836),non_suspension,unattached,mobile,infaunal,5,5,16.2849623886578,22.861666644
110231,Lucinidae,Loripinus,rufolineatus,(E.A. Smith 1885),non_suspension,unattached,mobile,infaunal,10,10,20.4755952294433,4.66983333
109994,Lucinidae,Loripinus,senegalensis,Cosel2005,non_suspension,unattached,mobile,infaunal,60,60,34.2762308312918,11.46233219
109995,Lucinidae,Loripinus,subfragilis,(Dautzenberg 1910),non_suspension,unattached,mobile,infaunal,2,2,15.8886752122384,12.40454379
109996,Lucinidae,Lucina,adansonii,d'Orbigny in Webb & Berthelot 1840,non_suspension,unattached,mobile,infaunal,1,1,33.9852909359329,14.08191631
109997,Lucinidae,Lucina,aurantia,Deshayes 1832,non_suspension,unattached,mobile,infaunal,0.5,0.5,30.2919131122483,10.9556062
109999,Lucinidae,Lucina,carnosa,Dunker 1865,non_suspension,unattached,mobile,infaunal,1,1,19.1833260932509,11.30984115
112582,Lucinidae,Lucina,goreensis,Jaeckel 1927,non_suspension,unattached,mobile,infaunal,7,7,23.9981249267521,13.11503659
110005,Lucinidae,Lucina,pensylvanica,(Linnaeus 1758),non_suspension,unattached,mobile,infaunal,1,1,68,18.6026558
110007,Lucinidae,Lucina,roquesana,Gibson-Smith & Gibson-Smith 1982,non_suspension,unattached,mobile,infaunal,0,0,59.4978991225741,11.52569789
110008,Lucinidae,Lucina,roscoeorum,(Kilburn 1974),non_suspension,unattached,mobile,infaunal,0,0,14.4395290781937,9.55406048
109985,Lucinidae,Lucinella,araiogramma,(Oliver & Chesney 1997),non_suspension,unattached,mobile,infaunal,NA,NA,18.744599222176,6.0091695
110010,Lucinidae,Lucinella,divaricata,(Linneaus 1758),non_suspension,unattached,mobile,infaunal,0,0,14.8986576576549,26.516515127
110011,Lucinidae,Lucinisca,centrifuga,(Dall 1901),non_suspension,unattached,mobile,infaunal,0,0,18.7082869338697,16.96133355
110012,Lucinidae,Lucinisca,fenestrata,(Hinds 1845),non_suspension,unattached,mobile,infaunal,13,13,54.3461130164798,16.86507299
110261,Lucinidae,Lucinisca,muricata,(Spengler 1798),non_suspension,unattached,mobile,infaunal,1,1,22.8,7.62503771
110013,Lucinidae,Lucinisca,nassula,(Conrad 1846),non_suspension,unattached,mobile,infaunal,0.3,0.3,13.5425256137842,19.91667863
110014,Lucinidae,Lucinisca,nuttalli,(Conrad 1837),non_suspension,unattached,mobile,infaunal,0,0,25.0319795461725,19.98083921
110018,Lucinidae,Lucinoma,annulata,(Reeve 1850),non_suspension,unattached,mobile,infaunal,0,0,64.8259207416293,32.698540155
110021,Lucinidae,Lucinoma,bengalensis,(Smith 1894),non_suspension,unattached,mobile,infaunal,180,180,44.4297197830461,4.94743773
110022,Lucinidae,Lucinoma,blakeana,(Bush 1893),non_suspension,unattached,mobile,infaunal,33,33,67.9705818718657,26.14514295
110023,Lucinidae,Lucinoma,borealis,(Linnaeus 1758),non_suspension,unattached,mobile,infaunal,0,0,46.7358534746077,30.547952356
110094,Lucinidae,Lucinoma,capensis,(Jaeckel & Thiele 1931),non_suspension,unattached,mobile,infaunal,40,40,35.4682957019364,14.76923064
110026,Lucinidae,Lucinoma,filosa,(Stimpson 1851),non_suspension,unattached,mobile,infaunal,10,10,69.5787323828194,29.918676491
110033,Lucinidae,Lucinoma,lamellata,(E.A. Smith 1881),non_suspension,unattached,mobile,infaunal,18,18,44.4297197830461,17.535416609
110070,Lucinidae,Lucinoma,minima,(Okutani 1964),non_suspension,unattached,mobile,infaunal,39,39,7.69935062196806,13.98985303
110042,Lucinidae,Lucinoma,percirrata,(Cotton & Godfrey 1938),non_suspension,unattached,mobile,infaunal,183,183,24.9799919935936,3.23833339
111575,Lucinidae,Lucinoma,saldanhae,(Barnard 1964),non_suspension,unattached,mobile,infaunal,66,66,51.9615242270663,6.99312649
110201,Lucinidae,Lucinoma,spectabilis,(Yokoyama 1920),non_suspension,unattached,mobile,infaunal,50,50,61.3351449007826,27.205999877
110037,Lucinidae,Lucinoma,spelaeum,Palazzi & Villari 2001,non_suspension,unattached,mobile,infaunal,5,5,16.7892822955599,19.826231315
110040,Lucinidae,Lucinoma,yoshidai,Habe 1958,non_suspension,unattached,mobile,infaunal,100,100,25.5968748092419,27.205999877
110044,Lucinidae,Megaxinus,appendiculatus,(Locard 1898),non_suspension,unattached,mobile,infaunal,30,30,45.9891291502677,13.19842904
110045,Lucinidae,Megaxinus,arabicus,Glover & Taylor 1997,non_suspension,unattached,mobile,infaunal,58,58,31.6385840391128,11.91543665
110051,Lucinidae,Megaxinus,burnupi,(E.A. Smith 1914),non_suspension,unattached,mobile,infaunal,NA,NA,19.8746069143518,5.22310122
110046,Lucinidae,Megaxinus,omanensis,(E.A. Smith 1906),non_suspension,unattached,mobile,infaunal,183,183,24.9799919935936,12.0591602
110047,Lucinidae,Megaxinus,quadrangularis,Cosel & Bouchet 2008,non_suspension,unattached,mobile,infaunal,90,90,35,3.83947625
110049,Lucinidae,Megaxinus,unguiculinus,Pallary 1904,non_suspension,unattached,mobile,infaunal,2,2,13.9391534893623,22.861666644
110054,Lucinidae,Miltha,childrenae,(Gray 1825),non_suspension,unattached,mobile,infaunal,11,11,139.653428171313,5.73999591
110055,Lucinidae,Miltha,xantusi,(Dall 1905),non_suspension,unattached,mobile,infaunal,20,20,75,14.49458329
110057,Lucinidae,Monitilora,bonneti,(Cossmann 1923),non_suspension,unattached,mobile,infaunal,NA,NA,9,2.80135126
110058,Lucinidae,Monitilora,ramsayi,(E. A. Smith 1885),non_suspension,unattached,mobile,infaunal,11,11,29.9315886648203,12.34249995
110059,Lucinidae,Monitilora,sepes,(Barnard 1964),non_suspension,unattached,mobile,infaunal,49,49,14.4913767461894,8.74777787
112051,Lucinidae,Monitilora,subtilis,Glover & Taylor 2016,non_suspension,unattached,mobile,infaunal,90,90,22.9782505861521,4.57107509
110060,Lucinidae,Myrtea,aequalis,(Thiele & Jaeckel 1931),non_suspension,unattached,mobile,infaunal,80,80,11.2249721603218,12.68298093
110062,Lucinidae,Myrtea,bractea,Hedley 1911,non_suspension,unattached,mobile,infaunal,183,183,9.98749217771909,6.06186677
110066,Lucinidae,Myrtea,flabelliformis,(Prashad 1932),non_suspension,unattached,mobile,infaunal,180,180,8.9095454429505,2.49134337
110067,Lucinidae,Myrtea,gabrieli,Chapman 1941,non_suspension,unattached,mobile,infaunal,119,119,28.5657137141714,7.65266129
110069,Lucinidae,Myrtea,mayi,Gatllff & Gabriel 1911,non_suspension,unattached,mobile,infaunal,1,1,9.53939201416946,14.981000183
110071,Lucinidae,Myrtea,pseudocorbis,(Nickles 1952),non_suspension,unattached,mobile,infaunal,42,42,5.70087712549569,12.40454379
110073,Lucinidae,Myrtea,spinifera,(Montagu 1803),non_suspension,unattached,mobile,infaunal,5,5,28.0570846668003,30.547952356
110016,Lucinidae,Myrtina,adamsiana,(Habe 1958),non_suspension,unattached,mobile,infaunal,40,40,14.9916643505649,24.619353665
112039,Lucinidae,Myrtina,boholensis,Glover & Taylor 2016,non_suspension,unattached,mobile,infaunal,83,83,4.94974746830583,4.54014039
112041,Lucinidae,Myrtina,galatea,Glover & Taylor 2016,non_suspension,unattached,mobile,infaunal,150,150,9.64365076099295,4.27518085
110081,Lucinidae,Myrtina,leptolira,Glover & Taylor 2007,non_suspension,unattached,mobile,infaunal,80,80,15.679604586851,6.77428956
110082,Lucinidae,Myrtina,porcata,Glover & Taylor 2007,non_suspension,unattached,mobile,infaunal,30,30,10.5470374987482,8.17294453
110083,Lucinidae,Myrtina,pristiphora,(Dall & Simpson 1901),non_suspension,unattached,mobile,infaunal,55,55,9.59947915253739,17.72206152
112042,Lucinidae,Myrtina,spinosa,Glover & Taylor 2016,non_suspension,unattached,mobile,infaunal,93,93,9.69535971483266,2.80088228
111731,Lucinidae,Myrtina,tchangsii,Xu 2011,non_suspension,unattached,mobile,infaunal,94,94,9.14877040918614,23.528257531
111732,Lucinidae,Myrtina,tonkingwanensis,Xu 2011,non_suspension,unattached,mobile,infaunal,19,19,7.39932429347437,14.55399361
112044,Lucinidae,Myrtina,vicina,Glover & Taylor 2016,non_suspension,unattached,mobile,infaunal,93,93,10.4297650980259,2.80088228
110084,Lucinidae,Neophysema,aphanes,Taylor & Glover 2005,non_suspension,unattached,mobile,infaunal,4,4,19.9749843554382,16.44182409
110085,Lucinidae,Neophysema,phenax,(Dall & Simpson 1901),non_suspension,unattached,mobile,infaunal,9,9,9.33916484488844,4.97155003
110086,Lucinidae,Nevenulora,hilaira,(Hedley 1917),non_suspension,unattached,mobile,infaunal,13,13,19.4422220952236,12.12310032
110087,Lucinidae,Notomyrtea,ada,(Adams & Angas 1863),non_suspension,unattached,mobile,infaunal,NA,NA,7.42967024840268,11.75350891
110088,Lucinidae,Notomyrtea,botanica,(Hedley 1918),non_suspension,unattached,mobile,infaunal,NA,NA,14.5876660230484,14.866104973
112048,Lucinidae,Notomyrtea,catonii,Glover & Taylor 2016,non_suspension,unattached,mobile,infaunal,60,60,11.8490505948789,4.57107509
110065,Lucinidae,Notomyrtea,fabula,(Reeve 1850),non_suspension,unattached,mobile,infaunal,4,4,8.78919791562347,13.93769374
112049,Lucinidae,Notomyrtea,n.sp.,Glover & Taylor 2014,non_suspension,unattached,mobile,infaunal,NA,NA,8.94427190999916,10.42869576
110091,Lucinidae,Notomyrtea,paupera,(Tate 1892),non_suspension,unattached,mobile,infaunal,5,5,10.4880884817015,12.34666685
112050,Lucinidae,Notomyrtea,perfecta,Glover & Taylor 2016,non_suspension,unattached,mobile,infaunal,34,34,5.47722557505166,2.94373624
101233,Lucinidae,Notomyrtea,scitulum,(A. Adams 1853),non_suspension,unattached,mobile,infaunal,18,18,9.338094023943,8.04428906
110089,Lucinidae,Notomyrtea,soyoae,Habe 1953,non_suspension,unattached,mobile,infaunal,30,30,8.94427190999916,20.056145096
110075,Lucinidae,Notomyrtea,tanimbarensis,(Cosel & Bouchet 2008),non_suspension,unattached,mobile,infaunal,137,137,20.174241001832,3.71746567
110090,Lucinidae,Notomyrtea,vincentia,Glover & Taylor 2007,non_suspension,unattached,mobile,infaunal,80,80,12.140840168621,6.77428956
110152,Lucinidae,Opalocina,fosteri,(Hartman & Boss 1965),non_suspension,unattached,mobile,infaunal,68,68,11.9121786420453,6.33701306
112046,Lucinidae,Opalocina,majuscula,Glover & Taylor 2016,non_suspension,unattached,mobile,infaunal,80,80,7.09365914038728,4.24389637
112045,Lucinidae,Opalocina,persica,Glover & Taylor 2016,non_suspension,unattached,mobile,infaunal,3,3,3.89871773792359,3.35186455
110092,Lucinidae,Parvidontia,laevis,Glover & Taylor 2007,non_suspension,unattached,mobile,infaunal,49,49,10.7995370271137,6.77428956
112062,Lucinidae,Parvidontia,mutabilis,Glover & Taylor 2016,non_suspension,unattached,mobile,infaunal,34,34,13.9642400437689,3.35186455
110096,Lucinidae,Parvilucina,crenella,(Dall 1901),non_suspension,unattached,mobile,infaunal,0,0,9.8488578017961,29.769609118
112443,Lucinidae,Parvilucina,latens,Taylor & Glover 2016,non_suspension,unattached,mobile,infaunal,2,2,2,2.9936288
110097,Lucinidae,Parvilucina,mazatlanica,(Carpenter 1857),non_suspension,unattached,mobile,infaunal,4,4,4.79583152331272,17.82958357
110098,Lucinidae,Parvilucina,pectinella,(C.B. Adams 1852),non_suspension,unattached,mobile,infaunal,1,1,7.94858477969506,19.54018049
110099,Lucinidae,Parvilucina,tenuisculpta,(Carpenter 1864),non_suspension,unattached,mobile,infaunal,0,0,11.8490505948789,32.698540155
110102,Lucinidae,Pegophysema,bialata,(Pilsbry 1895),non_suspension,unattached,mobile,infaunal,0,0,83.1865373723417,30.875705684
110103,Lucinidae,Pegophysema,blanquita,Taylor & Glover 2005,non_suspension,unattached,mobile,infaunal,18,18,86.7409937688058,16.44182409
110105,Lucinidae,Pegophysema,kora,Taylor & Glover 2005,non_suspension,unattached,mobile,infaunal,0,0,59.8325998098027,20.31424225
110106,Lucinidae,Pegophysema,philippiana,(Reeve 1850),non_suspension,unattached,mobile,infaunal,0,0,65.2686754883229,18.73717408
110107,Lucinidae,Pegophysema,schrammi,(Crosse 1876),non_suspension,unattached,mobile,infaunal,0,0,105.54619841567,18.90144388
110109,Lucinidae,Phacoides,pectinatus,(Gmelin 1791),non_suspension,unattached,mobile,infaunal,0,0,80.3741251896405,17.72206152
110111,Lucinidae,Pillucina,australis,Glover & Taylor 2001,non_suspension,unattached,mobile,infaunal,0,0,4.74973683481517,19.68238099
110112,Lucinidae,Pillucina,copiosa,Glover & Taylor 2007,non_suspension,unattached,mobile,infaunal,0,0,4.29883705204094,6.77428956
110113,Lucinidae,Pillucina,denticula,Glover & Taylor 2001,non_suspension,unattached,mobile,infaunal,18,18,3.7,7.18118327
110114,Lucinidae,Pillucina,hawaiiensis,(E. A. Smith 1885),non_suspension,unattached,mobile,infaunal,12,12,9.53939201416946,3.43599318
112053,Lucinidae,Pillucina,maestratii,Glover & Taylor 2016,non_suspension,unattached,mobile,infaunal,34,34,3.64965751817893,3.35186455
110115,Lucinidae,Pillucina,mauritiana,Glover & Taylor 2001,non_suspension,unattached,mobile,infaunal,NA,NA,11.6,4.71892635
110116,Lucinidae,Pillucina,neglecta,Habe 1960,non_suspension,unattached,mobile,infaunal,10,10,9.98749217771909,24.615314189
110117,Lucinidae,Pillucina,pacifica,Glover & Taylor 2001,non_suspension,unattached,mobile,infaunal,4,4,8,19.59096822
110118,Lucinidae,Pillucina,pisidium,(Dunker 1860),non_suspension,unattached,mobile,infaunal,0,0,80,32.395835572
112054,Lucinidae,Pillucina,profusa,Glover & Taylor 2016,non_suspension,unattached,mobile,infaunal,0,0,6.04979338490167,5.14523226
112055,Lucinidae,Pillucina,pusilla,Glover & Taylor 2016,non_suspension,unattached,mobile,infaunal,3,3,1.84932420089069,6.71801286
112426,Lucinidae,Pleurolucina,harperae,Glover & Taylor 2016,non_suspension,unattached,mobile,infaunal,0,0,9.64987046545185,5.06730035
110120,Lucinidae,Pleurolucina,hendersoni,Britton 1972,non_suspension,unattached,mobile,infaunal,91,91,12.3,7.68367343
110121,Lucinidae,Pleurolucina,leucocyma,(Dall 1886),non_suspension,unattached,mobile,infaunal,0,0,8.27828484651259,19.73802633
110122,Lucinidae,Pleurolucina,leucocymoides,(Lowe 1935),non_suspension,unattached,mobile,infaunal,9,9,27,17.82958357
110123,Lucinidae,Pleurolucina,sombrerensis,(Dall 1886),non_suspension,unattached,mobile,infaunal,1,1,7.53657747256671,17.72206152
111763,Lucinidae,Pleurolucina,taylori,Coan & Valentich-Scott 2012,non_suspension,unattached,mobile,infaunal,0,0,15.4434452114805,11.47639356
110124,Lucinidae,Pleurolucina,undata,(Carpenter 1865),non_suspension,unattached,mobile,infaunal,0,0,18.1300854934553,16.44182409
110125,Lucinidae,Plicolucina,flabellata,"Glover, Taylor & Slack-Smith 2003",non_suspension,unattached,mobile,infaunal,11,11,28.7228132326901,6.98482759
110126,Lucinidae,Pompholigina,gibba,(Gray 1825),non_suspension,unattached,mobile,infaunal,10,10,30,11.5963716
110127,Lucinidae,Poumea,coselia,Glover & Taylor 2007,non_suspension,unattached,mobile,infaunal,70,70,9.31128347758782,6.77428956
110128,Lucinidae,Prophetilora,simplex,(Reeve 1850),non_suspension,unattached,mobile,infaunal,0,0,48.1663783151692,13.52833334
110030,Lucinidae,Pseudolucinisca,japonica,(Habe 1958),non_suspension,unattached,mobile,infaunal,20,20,13.6967149346111,27.362972046
112047,Lucinidae,Pseudolucinisca,kantori,Glover & Taylor 2016,non_suspension,unattached,mobile,infaunal,80,80,19.99599959992,3.71746567
110129,Lucinidae,Pseudolucinisca,lacteola,(Tate 1897),non_suspension,unattached,mobile,infaunal,0,0,28.0855834904671,21.911769103
110130,Lucinidae,Pseudolucinisca,wami,Glover & Taylor 2008,non_suspension,unattached,mobile,infaunal,16.5,16.5,19.0389075316836,14.92289029
110132,Lucinidae,Radiolucina,amianta,(Dall 1901),non_suspension,unattached,mobile,infaunal,0,0,8.48528137423857,19.08009618
110133,Lucinidae,Radiolucina,cancellaris,(Philippi 1846),non_suspension,unattached,mobile,infaunal,0,0,8,17.19340653
111879,Lucinidae,Radiolucina,jessicae,Garfinkle 2012,non_suspension,unattached,mobile,infaunal,12,12,5.63914887194867,16.11349055
110134,Lucinidae,Rasta,lamyi,(Abrard 1942),non_suspension,unattached,mobile,infaunal,10,10,45.0499722530436,20.31424225
110135,Lucinidae,Rasta,thiophila,(Taylor & Glover 1997),non_suspension,unattached,mobile,infaunal,30,30,29.1472125596943,4.2440429
109924,Lucinidae,Retrolucina,voorhoevei,(Deshayes 1857),non_suspension,unattached,mobile,infaunal,5,5,74.1460720470073,10.92754122
110110,Lucinidae,Rugalucina,angela,(Melvill 1899),non_suspension,unattached,mobile,infaunal,0,0,14.5945195193264,20.31424225
110244,Lucinidae,Rugalucina,munda,(A. Adams 1855),non_suspension,unattached,mobile,infaunal,0,0,11.3,13.92500019
110119,Lucinidae,Rugalucina,vietnamica,(Zorina 1978),non_suspension,unattached,mobile,infaunal,0,0,14.3457310723434,20.31424225
111986,Lucinidae,Scabrilucina,melvilli,Taylor & Glover 2013,non_suspension,unattached,mobile,infaunal,0,0,25.2802294293387,7.61821953
110155,Lucinidae,Scabrilucina,victorialis,(Melvill 1899),non_suspension,unattached,mobile,infaunal,43,43,40.9511904588865,20.60368675
111987,Lucinidae,Scabrilucina,vitrea,(Deshayes 1844),non_suspension,unattached,mobile,infaunal,27,27,23.4989361461322,6.09575604
110139,Lucinidae,Solelucina,koumacia,Glover & Taylor 2007,non_suspension,unattached,mobile,infaunal,0,0,15.2065775242163,6.77428956
110140,Lucinidae,Stewartia,floridana,(Conrad 1833),non_suspension,unattached,mobile,infaunal,0,0,45.4752680036083,17.15803033
100167,Lucinidae,Tellidorella,cristulata,S.S. Berry 1963,non_suspension,unattached,mobile,infaunal,18,18,5.47722557505166,17.19340653
110145,Lucinidae,Tinalucina,aequatorialis,Cosel 2006,non_suspension,unattached,mobile,infaunal,98,98,6.38748776906852,3.2921607
112056,Lucinidae,Troendleina,suluensis,Glover & Taylor 2016,non_suspension,unattached,mobile,infaunal,151,151,34.9964283891942,4.31794748
110149,Lucinidae,Wallucina,assimilis,(Angas 1867),non_suspension,unattached,mobile,infaunal,0,0,14.6458185158768,22.599333483
110150,Lucinidae,Wallucina,fijiensis,(E.A. Smith 1885),non_suspension,unattached,mobile,infaunal,0,0,18,13.52833334
104141,Lyonsiellidae,Bentholyonsia,teramachii,(Habe 1952),non_suspension,unattached,mobile,infaunal,20,20,31.224989991992,19.842310606
103653,Lyonsiellidae,Lyonsiella,abyssicola,Sars 1872,non_suspension,unattached,mobile,infaunal,38,38,5.81377674149945,31.65166664
103858,Lyonsiellidae,Lyonsiella,magnifica,Dall 1913,non_suspension,unattached,mobile,infaunal,115,115,20.6155281280883,9.79989776
103929,Lyonsiellidae,Lyonsiella,quadrata,Hedley 1907,non_suspension,unattached,mobile,infaunal,146,146,3.06186217847897,6.96219833
103932,Lyonsiellidae,Lyonsiella,quaylei,Bernard 1969,non_suspension,unattached,mobile,infaunal,185,185,8.66025403784439,29.185381081
103793,Lyonsiellidae,Policordia,gemma,Verrill 1880,non_suspension,unattached,mobile,infaunal,73,73,9.69535971483266,26.516515127
112099,Lyonsiidae,Entodesma,brasiliense,"(""Couthuoy"" Gould 1850)",suspension,attached,mobile,infaunal,0,0,30.7408522978788,19.08009618
105064,Lyonsiidae,Entodesma,brevifrons,(Sowerby 1834),suspension,attached,mobile,infaunal,9,9,15.0332963783729,21.29878819
105063,Lyonsiidae,Entodesma,cuneata,(Gray 1828),suspension,attached,mobile,infaunal,0,0,36.4005494464026,14.036947215
111922,Lyonsiidae,Entodesma,delicata,(Marincovich 1973),suspension,attached,mobile,infaunal,0,0,4.19523539268061,9.10372724
105060,Lyonsiidae,Entodesma,elegantula,(Soot-Ryen 1959),suspension,attached,mobile,infaunal,30,30,10.9544511501033,12.995804804
105061,Lyonsiidae,Entodesma,fretalis,(Dall 1915),suspension,attached,mobile,infaunal,0,0,8.36660026534076,16.959266678
104135,Lyonsiidae,Entodesma,navicula,(Adams & Reeve 1850),suspension,attached,mobile,infaunal,0,0,110.227038425243,29.960257758
104426,Lyonsiidae,Entodesma,patagonica,(d'Orbigny 1846),suspension,attached,mobile,infaunal,2,2,28.7749891398763,22.163935279
104136,Lyonsiidae,Entodesma,pictum,(Sowerby 1834),suspension,attached,mobile,infaunal,0,0,58.9236794506249,16.44182409
104425,Lyonsiidae,Lyonsia,alvarezii,d'Orbigny 1846,suspension,unattached,mobile,infaunal,2,2,20.7846096908265,22.163935279
104408,Lyonsiidae,Lyonsia,arcaeformis,Martens 1885,suspension,unattached,mobile,infaunal,15,15,20.3911745615597,5.093971292
104124,Lyonsiidae,Lyonsia,arenosa,(Moller 1842),suspension,unattached,mobile,infaunal,15,15,15.4919333848297,25.06999969
104125,Lyonsiidae,Lyonsia,bracteata,(Gould 1850),suspension,unattached,mobile,infaunal,50,50,37.0809924354783,14.10076555
104126,Lyonsiidae,Lyonsia,californica,Conrad 1837,suspension,unattached,mobile,infaunal,0,0,28.0998220634936,32.547854088
112010,Lyonsiidae,Lyonsia,celeste,Pimenta & Oliveira 2013,suspension,unattached,mobile,infaunal,15,15,10.5118980208143,12.60979877
105411,Lyonsiidae,Lyonsia,cucumerina,Ivanova in Scarlato 1981,suspension,unattached,mobile,infaunal,NA,NA,17.5499287747842,14.815053208
104415,Lyonsiidae,Lyonsia,floridana,Conrad 1849,suspension,unattached,mobile,infaunal,0,0,13.0973279717658,17.54340922
105412,Lyonsiidae,Lyonsia,gagarae,Scarlato & Kafanov 1988,suspension,unattached,mobile,infaunal,65,65,33.8230690505755,19.123878522
104130,Lyonsiidae,Lyonsia,hyalina,(Conrad 1831),suspension,unattached,mobile,infaunal,0,0,15.4919333848297,30.923704387
104131,Lyonsiidae,Lyonsia,kawamurai,Habe 1952,suspension,unattached,mobile,infaunal,5,5,17.4355957741627,31.201091862
111923,Lyonsiidae,Lyonsia,malvinensis,d'Orbigny 1846,suspension,unattached,mobile,infaunal,NA,5,3.46410161513775,7.666174009
112739,Lyonsiidae,Lyonsia,n.sp. A of Valentich-Scott et al.,Valentich-Scott et al. 2018,suspension,unattached,mobile,infaunal,0,0,4.89897948556636,5.98439153
104129,Lyonsiidae,Lyonsia,norwegica,(Gmelin 1791),suspension,unattached,mobile,infaunal,15,15,37.1214223865412,30.547952356
104128,Lyonsiidae,Lyonsia,nuculanoformis,Scarlato in Volova & Scarlato 1980,suspension,unattached,mobile,infaunal,7.5,7.5,24.7082982012117,25.932622373
112373,Lyonsiidae,Lyonsia,praetenuis,Dunker 1882,suspension,unattached,mobile,infaunal,1,1,17.5556258789028,18.986936917
104134,Lyonsiidae,Lyonsia,taiwanica,Lan & Okutani 2002,suspension,unattached,mobile,infaunal,0,0,11.1018016555873,6.80477263
104132,Lyonsiidae,Lyonsia,ventricosa,Gould 1861,suspension,unattached,mobile,infaunal,2,2,15.4919333848297,31.201091862
105413,Lyonsiidae,Lyonsia,vniroi,Scarlato 1981,suspension,unattached,mobile,infaunal,30,30,41.3521462562707,22.526803382
104137,Lyonsiidae,Mytilimeria,nuttalli,Conrad 1837,suspension,attached,mobile,infaunal,0,0,40.9145450909576,21.0039479
104404,Lyonsiidae,Sinolyonsia,sinica,Xu 1992,suspension,unattached,mobile,infaunal,29,29,1.78885438199983,26.330291172
105810,Mactridae,Amarilladesma,mactroides,(Reeve 1854),suspension,unattached,mobile,infaunal,0,0,71.7007670809734,19.949394069
105695,Mactridae,Austromactra,contraria,(Reeve 1854),non_suspension,unattached,mobile,infaunal,NA,5,60.9220813826974,18.781000173
105694,Mactridae,Austromactra,rufescens,(Lamarck 1819),non_suspension,unattached,mobile,infaunal,0,0,64.0334287696669,17.747941233
105894,Mactridae,Barymactra,rostrata,(Spengler 1802),non_suspension,unattached,mobile,infaunal,3,3,82.7126955188863,9.65124968
105688,Mactridae,Coelomactra,cumingii,(Reeve 1854),non_suspension,unattached,mobile,infaunal,0,0,95.3474698143585,15.61333338
105687,Mactridae,Coelomactra,violacea,Gmelin 1791,non_suspension,unattached,mobile,infaunal,2,2,280.929172568461,15.75297852
112733,Mactridae,Crassula,aequilatera,(Reeve 1854 ),non_suspension,unattached,mobile,infaunal,0,0,67.9705818718657,14.513740292
105890,Mactridae,Crepispisula,acutissima,(von Cosel 1995),non_suspension,unattached,mobile,infaunal,1.5,1.5,21.6124963851935,11.5963716
105891,Mactridae,Crepispisula,angolensis,(von Cosel 1995),non_suspension,unattached,mobile,infaunal,1,1,56.8682688324517,10.76326414
105893,Mactridae,Crepispisula,micronitida,(von Cosel 1995),non_suspension,unattached,mobile,infaunal,3,3,26.292584505902,9.69924979
105885,Mactridae,Crepispisula,nitida,(Gmelin 1791),non_suspension,unattached,mobile,infaunal,3,3,49.7071423439328,11.5963716
105824,Mactridae,Cyclomactra,ovata,(Gray 1837),non_suspension,unattached,mobile,infaunal,0,0,74.899933244296,14.513740292
105700,Mactridae,Cyclomactra,tristis,(Reeve 1854),non_suspension,unattached,mobile,infaunal,0,0,68,12.106406823
110329,Mactridae,Darina,rustica,Huber 2010,non_suspension,unattached,mobile,infaunal,0,0,25.9229627936314,9.451176451
105632,Mactridae,Darina,solenoides,(King & Broderip 1832),non_suspension,unattached,mobile,infaunal,0,0,50.1597448159378,22.274999878
105631,Mactridae,Diaphoromactra,versicolor,(Tate 1887),non_suspension,unattached,mobile,infaunal,NA,5,13.856406460551,4.92698411
105633,Mactridae,Eastonia,rugosa,(Helbling 1779),non_suspension,unattached,mobile,infaunal,2,2,70.7006364893556,23.801666656
105868,Mactridae,Eastonia,solanderi,(Gray 1837),non_suspension,unattached,mobile,infaunal,1,1,33.6749164809655,16.4720005
105842,Mactridae,Electomactra,explanata,(Reeve 1854),non_suspension,unattached,mobile,infaunal,0,0,45.263671967705,17.837499813
106393,Mactridae,Goniomactra,impar,(Deshayes in Reeve 1854),non_suspension,unattached,mobile,infaunal,NA,5,60.5475020128824,16.32833353
105634,Mactridae,Harvella,elegans,(Sowerby 1825),non_suspension,unattached,mobile,infaunal,0,0,72.3104418462507,12.20895835
105761,Mactridae,Hemimactra,raveneli,(Conrad 1832),suspension,unattached,mobile,infaunal,2,2,103.898989407982,19.43923825
105762,Mactridae,Hemimactra,solidissima,(Dillwyn 1817),suspension,unattached,mobile,infaunal,0,0,182.887943834469,28.962293265
105847,Mactridae,Heterocardia,gibbosula,Deshayes 1855,non_suspension,unattached,mobile,infaunal,0,0,39.5474398665704,16.32833353
112675,Mactridae,Huberimactra,grayi,(Huber 2010),non_suspension,unattached,mobile,infaunal,1,1,48.8569340012244,9.65124968
105892,Mactridae,Huberimactra,inconstans,(von Cosel 1995),non_suspension,unattached,mobile,infaunal,1.5,1.5,18.770721882762,12.50524945
105635,Mactridae,Lutraria,angustior,Philippi 1844,non_suspension,unattached,mobile,infaunal,1,1,86.6386172558173,28.591666596
111857,Mactridae,Lutraria,budkeri,Nickles 1955,non_suspension,unattached,mobile,infaunal,50,50,84.8498674129783,10.59694812
112085,Mactridae,Lutraria,capensis,Reeve 1854,non_suspension,unattached,mobile,infaunal,NA,5,144.913767461894,14.96214859
105855,Mactridae,Lutraria,complanata,(Gmelin 1791),non_suspension,unattached,mobile,infaunal,8,8,64.3428317685816,14.88099383
105639,Mactridae,Lutraria,lutraria,(Linnaeus 1758),non_suspension,unattached,mobile,infaunal,0,0,97.9030132324843,29.670030276
105897,Mactridae,Lutraria,senegalensis,Gray 1837,non_suspension,unattached,mobile,infaunal,2,2,78.2304288624318,13.77372898
112084,Mactridae,Lutraria,steynlussii,Huber 2010,non_suspension,unattached,mobile,infaunal,0,0,79.5298686029343,13.77391282
105143,Mactridae,Lutraria,turneri,Jousseaume 1891,non_suspension,unattached,mobile,infaunal,13,13,93.8136450629651,20.60368675
105837,Mactridae,Mactra,abbreviata,Lamarck 1819,non_suspension,unattached,mobile,infaunal,0,0,59.3548650070068,19.37018539
105655,Mactridae,Mactra,achatina,Holten 1802,non_suspension,unattached,mobile,infaunal,5,5,56.6833308830736,32.627575601
105869,Mactridae,Mactra,aequisulcata,Sowerby III 1894,non_suspension,unattached,mobile,infaunal,1,1,71.6658914686757,16.11900418
105840,Mactridae,Mactra,alta,Deshayes 1854,non_suspension,unattached,mobile,infaunal,0,0,66.407830863536,11.66106073
105689,Mactridae,Mactra,antiquata,(Spengler 1802),non_suspension,unattached,mobile,infaunal,0,0,112.630013761874,31.645737032
105693,Mactridae,Mactra,aphrodina,Deshayes 1854,non_suspension,unattached,mobile,infaunal,10,10,20.9582919151347,15.30833335
105656,Mactridae,Mactra,artensis,Montrouzier in Fischer 1859,non_suspension,unattached,mobile,infaunal,0,0,31.7490157327751,11.35772777
105829,Mactridae,Mactra,australis,Lamarck 1818,non_suspension,unattached,mobile,infaunal,1,1,43.9317652729776,21.186250203
105660,Mactridae,Mactra,chinensis,Philippi 1846,non_suspension,unattached,mobile,infaunal,0,0,76.0624743220992,31.176136792
105867,Mactridae,Mactra,corallina,(Linnaeus 1758),non_suspension,unattached,mobile,infaunal,1,1,59.2452529743945,22.861666644
110335,Mactridae,Mactra,cordiformis,Reeve 1854,non_suspension,unattached,mobile,infaunal,0,0,76.9155380921176,13.92500019
105690,Mactridae,Mactra,crossei,(Dunker 1877),non_suspension,unattached,mobile,infaunal,1,1,23.8117617995813,31.235597395
105692,Mactridae,Mactra,cuneata,Gmelin 1791,non_suspension,unattached,mobile,infaunal,1,1,21.7669474203435,11.9570835
105661,Mactridae,Mactra,cygnus,Gmelin 1791,non_suspension,unattached,mobile,infaunal,1,1,24.3228287828534,18.26400787
112346,Mactridae,Mactra,deshayesi,Mayer 1867,non_suspension,unattached,mobile,infaunal,0,0,55.8435314069589,13.52833334
105841,Mactridae,Mactra,dissimilis,Reeve 1854,non_suspension,unattached,mobile,infaunal,0,0,46.9041575982343,17.45571477
112732,Mactridae,Mactra,eburnea,Philippi 1849,non_suspension,unattached,mobile,infaunal,NA,NA,28.2863924882619,8.32806473
105833,Mactridae,Mactra,eximia,Reeve 1854,non_suspension,unattached,mobile,infaunal,0,0,78.9176786277954,18.64517556
105874,Mactridae,Mactra,glabrata,Linnaeus 1767,non_suspension,unattached,mobile,infaunal,1,1,51.1061640117902,13.19842904
105683,Mactridae,Mactra,glauca,Born 1778,non_suspension,unattached,mobile,infaunal,1,1,100.774996899032,24.585057029
105845,Mactridae,Mactra,grandis,Gmelin 1791,non_suspension,unattached,mobile,infaunal,10,10,86.9482604771366,23.38757563
105853,Mactridae,Mactra,inaequalis,Deshayes 1854,non_suspension,unattached,mobile,infaunal,30,30,31.7861605105115,19.45833325
105844,Mactridae,Mactra,incarnata,Reeve 1854,non_suspension,unattached,mobile,infaunal,5,5,51.8713793917224,15.61333338
112654,Mactridae,Mactra,incerta,E.A. Smith 1885,non_suspension,unattached,mobile,infaunal,30,30,12.2474487139159,10.74764249
105691,Mactridae,Mactra,iridescens,Kuroda & Habe in Habe 1958,non_suspension,unattached,mobile,infaunal,10,10,18.6440338982743,27.673133382
112170,Mactridae,Mactra,kanakina,Souverbie 1860,non_suspension,unattached,mobile,infaunal,NA,5,22.9128784747792,5.8853702
105886,Mactridae,Mactra,largillierti,Philippi 1848,non_suspension,unattached,mobile,infaunal,3,3,78.8944864993746,8.67221503
105684,Mactridae,Mactra,lilacea,Lamarck 1818,non_suspension,unattached,mobile,infaunal,0,0,56.5331761004103,20.31424225
105668,Mactridae,Mactra,luzonica,Reeve 1854,non_suspension,unattached,mobile,infaunal,NA,5,42.7200187265877,32.221092042
105669,Mactridae,Mactra,maculata,Gmelin 1791,non_suspension,unattached,mobile,infaunal,0,0,69.7674709302265,29.718333401
112701,Mactridae,Mactra,mitis,Reeve 1854,non_suspension,unattached,mobile,infaunal,1,1,49.7957829539812,5.54205544
105673,Mactridae,Mactra,nipponica,Kuroda & Habe in Kuroda 1971,non_suspension,unattached,mobile,infaunal,10,10,14.4395290781937,26.653133202
111742,Mactridae,Mactra,ochracea,Martens 1880,non_suspension,unattached,mobile,infaunal,1,1,85.4400374531753,16.20874989
105685,Mactridae,Mactra,olorina,Philippi 1846,non_suspension,unattached,mobile,infaunal,NA,5,53.2447180478965,16.20928593
105674,Mactridae,Mactra,opposita,Reeve 1854,non_suspension,unattached,mobile,infaunal,1,1,20.9866624311728,12.27431184
112763,Mactridae,Mactra,paulucci,Aradas & Benoit 1872,non_suspension,unattached,mobile,infaunal,0,0,48.3735464897913,21.133655492
105677,Mactridae,Mactra,pulchella,Philippi 1846,non_suspension,unattached,mobile,infaunal,0,0,32.6462861593781,17.30743323
105830,Mactridae,Mactra,pura,Deshayes 1853,non_suspension,unattached,mobile,infaunal,0,0,54.8060215669775,22.599333483
105698,Mactridae,Mactra,pusilla,Adams 1856,non_suspension,unattached,mobile,infaunal,7,7,25.3968501984006,22.296000523
112409,Mactridae,Mactra,quadrangularis,Reeve 1854,non_suspension,unattached,mobile,infaunal,0,0,54.9363267792815,31.201091862
105838,Mactridae,Mactra,queenslandica,E.A. Smith 1914,non_suspension,unattached,mobile,infaunal,1,1,31.859064644148,13.22500038
105866,Mactridae,Mactra,rochebrunei,Lamy 1916,non_suspension,unattached,mobile,infaunal,0,0,82.365041127896,16.36757585
105887,Mactridae,Mactra,sauliana,Gray 1838,non_suspension,unattached,mobile,infaunal,10,10,52.8687052990708,12.43967933
105843,Mactridae,Mactra,sericea,Reeve 1854,non_suspension,unattached,mobile,infaunal,NA,5,56.3205113613149,13.6316665
105680,Mactridae,Mactra,stultorum,Linnaeus 1758,non_suspension,unattached,mobile,infaunal,1,1,62.2575296650935,29.670030276
105865,Mactridae,Mactra,thaanumi,"Dall, Bartsch & Rehder 1938",non_suspension,unattached,mobile,infaunal,8,8,15.5306149266537,3.43599318
105686,Mactridae,Mactra,turgida,Gmelin 1791,non_suspension,unattached,mobile,infaunal,0,0,84.8528137423857,11.46678568
105839,Mactridae,Mactra,westralis,Lamprell & Whitehead 1990,non_suspension,unattached,mobile,infaunal,0,0,36.6606055596467,10.38974747
112979,Mactridae,Mactrella,striatula,(Linnaeus 1767),non_suspension,unattached,mobile,infaunal,10,10,26.1151297144012,31.906857202
105703,Mactridae,Mactrellona,alata,(Spengler 1802),non_suspension,unattached,mobile,infaunal,1,1,103.08831165559,12.76143736
105706,Mactridae,Mactrellona,clisia,(Dall 1915),non_suspension,unattached,mobile,infaunal,0,0,86.6025403784439,13.76167676
105707,Mactridae,Mactrellona,exoleta,(Gray 1837),non_suspension,unattached,mobile,infaunal,0,0,115.537439819307,13.48108642
105705,Mactridae,Mactrellona,subalata,(Morch 1860),non_suspension,unattached,mobile,infaunal,0,0,82.9909633634892,11.38271289
105717,Mactridae,Mactrinula,dolabrata,(Reeve 1854),non_suspension,unattached,mobile,infaunal,18,18,41.2310562561766,32.221092042
105719,Mactridae,Mactrinula,plicataria,(Linnaeus 1767),non_suspension,unattached,mobile,infaunal,2,2,78.0858501906716,9.41297861
105718,Mactridae,Mactrinula,reevesii,(Gray 1837),non_suspension,unattached,mobile,infaunal,10,10,35.0371231695754,15.75297852
112729,Mactridae,Mactrinula,subplicata,(Lamarck 1818),non_suspension,unattached,mobile,infaunal,5,5,71.7356257378438,5.9476191
105720,Mactridae,Mactrinula,tryphera,Melvill 1899,non_suspension,unattached,mobile,infaunal,27,27,23.2701525564402,16.11900418
105697,Mactridae,Mactroderma,antecedens,(Iredale 1930),non_suspension,unattached,mobile,infaunal,0,0,43.2666153055679,22.599333483
105712,Mactridae,Mactroderma,isthmica,(Pilsbry & Lowe 1932),non_suspension,unattached,mobile,infaunal,0,0,49.1792639229178,15.04607764
105701,Mactridae,Mactroderma,velata,(Philippi 1849),non_suspension,unattached,mobile,infaunal,0,0,97.648348680354,16.26515162
105723,Mactridae,Mactromeris,catilliformis,(Conrad 1867),non_suspension,unattached,mobile,infaunal,5,5,132.476412994918,15.559035782
105724,Mactridae,Mactromeris,hemphillii,(Dall 1894),non_suspension,unattached,mobile,infaunal,0,0,141.208356693221,18.96143936
105722,Mactridae,Mactromeris,polynyma,(Stimpson 1860),non_suspension,unattached,mobile,infaunal,0,0,135.812370570578,28.464211209
105711,Mactridae,Mactrotoma,angusta,(Reeve 1854),non_suspension,unattached,mobile,infaunal,0,0,45.8846379521513,11.09382478
105825,Mactridae,Maorimactra,ordinaria,E.A. Smith 1898,non_suspension,unattached,mobile,infaunal,2,2,22.3606797749979,14.513740292
105727,Mactridae,Meropesta,capillacea,(Reeve 1854),non_suspension,unattached,mobile,infaunal,0,0,82.2192191643779,21.76840897
105725,Mactridae,Meropesta,nicobarica,(Gmelin 1791),non_suspension,unattached,mobile,infaunal,0,0,58.7418079394906,35.391454412
105726,Mactridae,Meropesta,pellucida,(Gmelin 1791),non_suspension,unattached,mobile,infaunal,0,0,60.9918027279076,21.55441776
105728,Mactridae,Meropesta,sinojaponica,Zhuang 1983,non_suspension,unattached,mobile,infaunal,0,0,63.4121439473544,31.235597395
105713,Mactridae,Micromactra,californica,(Conrad 1837),non_suspension,unattached,mobile,infaunal,0,0,41.9523539268061,22.707619352
105665,Mactridae,Micromactra,janeiroensis,(E. A. Smith 1915),non_suspension,unattached,mobile,infaunal,12,12,44.1871021905714,22.163935279
106246,Mactridae,Micromactra,surinamensis,(Altena 1968),non_suspension,unattached,mobile,infaunal,0,0,27.3495886623547,7.62503771
105505,Mactridae,Mulinia,bicolor,Gray 1837,non_suspension,unattached,mobile,infaunal,0,0,110.402672069113,8.93662931
111638,Mactridae,Mulinia,byronensis,Gray 1837,non_suspension,unattached,mobile,infaunal,0,0,49.1934955049954,16.936398618
105729,Mactridae,Mulinia,cleryana,(d'Orbigny 1846),non_suspension,unattached,mobile,infaunal,0,0,40.2106950947133,19.28389474
105731,Mactridae,Mulinia,edulis,(King & Broderip 1832),non_suspension,unattached,mobile,infaunal,0,0,71.5541752799933,28.779620524
112728,Mactridae,Mulinia,exalbida,Gray 1837,non_suspension,unattached,mobile,infaunal,NA,NA,63.9374694525831,16.762804829
111637,Mactridae,Mulinia,fuegiensis,(E.A. Smith 1905),non_suspension,unattached,mobile,infaunal,18,18,55.2720544217419,17.814999678
105732,Mactridae,Mulinia,lateralis,(Say 1822),non_suspension,unattached,mobile,infaunal,1,1,21.5058131676066,31.319516955
112727,Mactridae,Mulinia,levicardo,(E. A. Smith 1881),non_suspension,unattached,mobile,infaunal,10,10,48.7442304278158,6.804525519
105733,Mactridae,Mulinia,modesta,Dall 1894,non_suspension,unattached,mobile,infaunal,0,0,61.3106842238773,16.44182409
105734,Mactridae,Mulinia,pallida,(Broderip & Sowerby 1829),non_suspension,unattached,mobile,infaunal,0,0,81.201600969439,16.56007771
105699,Mactridae,Nannomactra,jacksonensis,(E. A. Smith 1885),non_suspension,unattached,mobile,infaunal,30,30,15.2970585407784,18.105999963
105741,Mactridae,Oxyperas,aspersa,(Sowerby 1825),non_suspension,unattached,mobile,infaunal,10,10,41.8282201390401,29.718333401
105877,Mactridae,Oxyperas,belliana,(Oliver 1915),non_suspension,unattached,mobile,infaunal,27,27,72.8834686331544,5.88143935
105738,Mactridae,Oxyperas,bernardi,(Pilsbry 1904),non_suspension,unattached,mobile,infaunal,6,6,50.7887782881219,24.615314189
105740,Mactridae,Oxyperas,coppingeri,(E.A. Smith 1884),non_suspension,unattached,mobile,infaunal,7,7,37.271973384837,11.66106073
112921,Mactridae,Oxyperas,egenum,(Reeve 1854),non_suspension,unattached,mobile,infaunal,2,2,41.8150690541101,5.50997676
105826,Mactridae,Oxyperas,elongata,(Quoy & Gaimard 1835),non_suspension,unattached,mobile,infaunal,10,10,86.2380426494015,14.513740292
105739,Mactridae,Oxyperas,lentiginosa,(Gould 1852),non_suspension,unattached,mobile,infaunal,10,10,49.829710013204,20.47833343
105742,Mactridae,Oxyperas,proaspersum,(Sacco 1901),non_suspension,unattached,mobile,infaunal,5,5,40.348482003664,13.19842904
112730,Mactridae,Oxyperas,transversa,(Reeve 1854),non_suspension,unattached,mobile,infaunal,NA,5,29.4023808559783,5.02209408
105846,Mactridae,Psammophila,australis,Reeve 1854,non_suspension,unattached,mobile,infaunal,0,0,93.3155935522033,29.718333401
105876,Mactridae,Psammophila,bruuni,(Powell 1967),non_suspension,unattached,mobile,infaunal,15,15,51.254268114958,6.35172489
105854,Mactridae,Psammophila,curta,Deshayes in Reeve 1854,non_suspension,unattached,mobile,infaunal,10,10,81.9756061276768,15.53857153
104971,Mactridae,Psammophila,inhacaensis,Boshoff 1965,non_suspension,unattached,mobile,infaunal,3,3,85.1997652578926,9.55406048
105650,Mactridae,Psammophila,magna,(Da Costa 1778),non_suspension,unattached,mobile,infaunal,0,0,86.3851839148358,28.242961288
105651,Mactridae,Psammophila,maxima,Jonas 1844,non_suspension,unattached,mobile,infaunal,0,0,80.7000619578449,28.300978407
105642,Mactridae,Psammophila,oblonga,(Gmelin 1791),non_suspension,unattached,mobile,infaunal,1,1,113.313723793722,23.801666656
105831,Mactridae,Psammophila,rhynchaena,Jonas 1844,non_suspension,unattached,mobile,infaunal,1,1,86.0813568666294,19.891727333
105652,Mactridae,Psammophila,seiboldii,Deshayes 1854,non_suspension,unattached,mobile,infaunal,10,10,41.6269143703926,3.07153841
105646,Mactridae,Psammophila,sieboldii,(Reeve 1854),non_suspension,unattached,mobile,infaunal,1,1,78.5228629126575,28.047999861
105823,Mactridae,Pseudocardium,murchisoni,(Deshayes 1854),non_suspension,unattached,mobile,infaunal,NA,5,91.7333091085239,14.513740292
105750,Mactridae,Rangia,cuneata,(Sowerby I 1832),suspension,unattached,mobile,infaunal,0.3,0.3,75.4585979196539,29.425069836
105751,Mactridae,Rangianella,flexuosa,(Conrad 1839),non_suspension,unattached,mobile,infaunal,NA,5,48.0624593627917,17.24462114
105752,Mactridae,Rangianella,mendica,(Gould 1851),non_suspension,unattached,mobile,infaunal,0,0,33.7742505468293,9.73729156
105735,Mactridae,Resania,lanceolata,Gray 1852,non_suspension,unattached,mobile,infaunal,1,1,20.1283382324523,14.513740292
105827,Mactridae,Scalpomactra,scalpellum,(Reeve 1854),non_suspension,unattached,mobile,infaunal,10,10,25.298221281347,14.513740292
105878,Mactridae,Scissodesma,spengleri,(Linnaeus 1767),non_suspension,unattached,mobile,infaunal,NA,5,95.0789145920377,11.2659493
105883,Mactridae,Simomactra,capensis,"(Sowerby III, 1892)",non_suspension,unattached,mobile,infaunal,40,40,33.6303434416005,11.76452676
111989,Mactridae,Simomactra,chionia,(Tomlin 1921),non_suspension,unattached,mobile,infaunal,5,5,89.1857611953836,11.46678568
105756,Mactridae,Simomactra,dolabriformis,(Conrad 1867),non_suspension,unattached,mobile,infaunal,0,0,79.4040301244213,16.44182409
105753,Mactridae,Simomactra,falcata,(Gould 1850),non_suspension,unattached,mobile,infaunal,0,0,81.0555365166378,21.250000532
105754,Mactridae,Simomactra,planulata,(Conrad 1837),non_suspension,unattached,mobile,infaunal,0,0,63.8748776906852,15.559035782
105759,Mactridae,Spisula,austini,Lamprell & Whitehead 1990,non_suspension,unattached,mobile,infaunal,NA,5,12.6491106406735,7.26718712
105822,Mactridae,Spisula,discors,(Gray 1837),non_suspension,unattached,mobile,infaunal,1,1,85.7904423581089,14.513740292
105764,Mactridae,Spisula,elliptica,(Brown 1827),non_suspension,unattached,mobile,infaunal,10,10,34.0587727318528,30.547952356
111752,Mactridae,Spisula,guidoi,(Signorelli & Scarabino 2010),non_suspension,unattached,mobile,infaunal,28,28,35.4964786985977,20.297866779
105664,Mactridae,Spisula,isabelleana,(d'Orbigny 1846),non_suspension,unattached,mobile,infaunal,1,1,57.05996845425,19.689058019
105670,Mactridae,Spisula,marplatensis,(Doello-Jurado 1949),non_suspension,unattached,mobile,infaunal,0,0,34.7188709493843,18.197727682
105875,Mactridae,Spisula,nivea,(Gmelin 1791),non_suspension,unattached,mobile,infaunal,2,2,130.099961568019,13.19842904
105676,Mactridae,Spisula,petitii,(d'Orbigny 1846),non_suspension,unattached,mobile,infaunal,15,15,38.0657326213486,23.134561579
111938,Mactridae,Spisula,sachalinensis,(Schrenck 1861),non_suspension,unattached,mobile,infaunal,0,0,119.037809119624,28.341534072
105765,Mactridae,Spisula,solida,(Linnaeus 1758),non_suspension,unattached,mobile,infaunal,0,0,46.7653718043597,29.670030276
105766,Mactridae,Spisula,subtruncata,(da Costa 1778),non_suspension,unattached,mobile,infaunal,0,0,29.6167182516902,30.547952356
105758,Mactridae,Spisula,trigonella,(Lamarck 1819),non_suspension,unattached,mobile,infaunal,0,0,24.3474844696531,22.599333483
105767,Mactridae,Spisula,williamsi,(Berry 1960),non_suspension,unattached,mobile,infaunal,0,0,31.1769145362398,13.16817802
111677,Mactridae,Standella,compressa,(Spengler 1802),non_suspension,unattached,mobile,infaunal,0,0,63.4034699365894,14.95173505
105710,Mactridae,Standella,depressa,(Spengler 1802),non_suspension,unattached,mobile,infaunal,5,5,18.1659021245849,3.86183834
105708,Mactridae,Standella,fragilis,(Gmelin 1791),non_suspension,unattached,mobile,infaunal,0,0,93.38094023943,19.91667863
105709,Mactridae,Standella,nasuta,(Gould 1851),non_suspension,unattached,mobile,infaunal,0,0,100.995049383621,18.67915172
105848,Mactridae,Standella,ovalina,(Lamarck 1818),non_suspension,unattached,mobile,infaunal,5,5,41.3956519455848,35.391454412
105769,Mactridae,Tresus,allomyax,Coan & Valentich Scott 2000,non_suspension,unattached,mobile,infaunal,7,7,130.330349496961,5.380061893
105770,Mactridae,Tresus,capax,(Gould 1850),non_suspension,unattached,mobile,infaunal,0,0,239.582971014219,19.441939918
105773,Mactridae,Tresus,keenae,(Kuroda & Habe 1950),non_suspension,unattached,mobile,infaunal,1,1,128.312119458764,28.967166837
105771,Mactridae,Tresus,nuttallii,(Conrad 1837),non_suspension,unattached,mobile,infaunal,0,0,232.916293977042,31.961025847
105704,Mactridae,Trinitasia,iheringi,(Dall 1897),non_suspension,unattached,mobile,infaunal,0,0,61.2318544550139,14.5809717
105721,Mactridae,Tumbeziconcha,goniocyma,(Pilsbry & Lowe 1932),non_suspension,unattached,mobile,infaunal,20,20,19.7737199332852,9.29912479
105896,Mactridae,Tumbeziconcha,senegalica,(von Cosel 1995),non_suspension,unattached,mobile,infaunal,3,3,20.3506756644589,8.34484952
105485,Mactridae,Tumbeziconcha,thracioides,(Adams & Reeve 1850),non_suspension,unattached,mobile,infaunal,0,0,39.1152144312159,11.43617825
105775,Mactridae,Zenatia,acinaces,(Quoy & Gaimard 1835),non_suspension,unattached,mobile,infaunal,3,3,69.6275807421168,12.106406823
105834,Mactridae,Zenatina,victoriae,(Pritchard & Gatliff 1903),non_suspension,unattached,mobile,infaunal,NA,5,45.466471162825,15.06199992
101822,Malleidae,Malleus,albus,Lamarck 1819,suspension,attached,immobile,epifaunal,0,0,319.69599622141,27.673133382
104065,Malleidae,Malleus,anatinus,(Gmelin 1791),suspension,attached,immobile,epifaunal,16,16,196.773982019982,20.60368675
101828,Malleidae,Malleus,candeanus,(d'Orbigny 1853),suspension,attached,immobile,epifaunal,1,1,33.166247903554,17.72206152
112877,Malleidae,Malleus,daemoniacus,Reeve 1858,suspension,attached,immobile,epifaunal,1,1,127.082650271388,12.56309532
112388,Malleidae,Malleus,legumen,Reeve 1858,suspension,attached,immobile,epifaunal,1,1,174.413302244984,21.307179637
101825,Malleidae,Malleus,malleus,(Linnaeus 1758),suspension,attached,immobile,epifaunal,0,0,175.954539583382,31.785575617
101826,Malleidae,Malleus,meridianus,Cotton 1930,suspension,attached,immobile,epifaunal,2,2,134.164078649987,14.51879314
101831,Malleidae,Malleus,regulus,(Forsskal 1775),suspension,attached,immobile,epifaunal,0,0,118.983822429774,23.38757563
105003,Malletiidae,Adrana,crenifera,(Sowerby 1833),non_suspension,unattached,mobile,infaunal,2,2,18.2975408183723,15.68736911
104958,Malletiidae,Adrana,electa,(A. Adams 1846),non_suspension,unattached,mobile,infaunal,25,25,22.248595461287,19.689058019
105002,Malletiidae,Adrana,exoptata,(Pilsbry & Lowe 1932),non_suspension,unattached,mobile,infaunal,7,7,13.6205726751851,16.44182409
104966,Malletiidae,Adrana,gloriosa,(A. Adams 1855),non_suspension,unattached,mobile,infaunal,30,30,34.928498393146,7.20760924
112476,Malletiidae,Adrana,lancea,(Thunberg 1815),non_suspension,unattached,mobile,infaunal,3,3,22.6053091109146,7.20760924
104533,Malletiidae,Adrana,ludmillae,(Petuch 1987),non_suspension,unattached,mobile,infaunal,NA,NA,22.8035085019828,4.0528208
104964,Malletiidae,Adrana,patagonica,(d'Orbigny 1846),non_suspension,unattached,mobile,infaunal,18,18,21.7485631709315,23.134561579
105004,Malletiidae,Adrana,penascoensis,(Lowe 1935),non_suspension,unattached,mobile,infaunal,0,0,20.8913857845764,16.73317792
104998,Malletiidae,Adrana,sowerbyana,(d'Orbigny 1845),non_suspension,unattached,mobile,infaunal,12,12,50.6754378372797,12.20895835
104535,Malletiidae,Adrana,tellinoides,(Sowerby 1823),non_suspension,unattached,mobile,infaunal,10,10,27.3861278752583,10.21601774
104756,Malletiidae,Aequiyoldia,eightsii,(Jay 1839),non_suspension,unattached,mobile,infaunal,1,1,34.3784816418643,13.37425005
112751,Malletiidae,Aequiyoldia,kerguelensis,(Thiele & Jaeckel 1931),non_suspension,unattached,mobile,infaunal,36,36,29.563490998189,7.375702163
104757,Malletiidae,Aequiyoldia,woodwardi,(Haney 1860),non_suspension,unattached,mobile,infaunal,50,50,24.738633753706,22.298706368
104467,Malletiidae,Bathymalletia,inaequilateralis,(Habe 1951),non_suspension,unattached,mobile,infaunal,50,50,14.7783625615289,20.254444647
104868,Malletiidae,Carinineilo,carinifera,(Habe 1951),non_suspension,unattached,mobile,infaunal,100,100,15.2069063257455,20.458833144
104860,Malletiidae,Cnesterium,johanni,(Dall 1925),non_suspension,unattached,mobile,infaunal,10,10,19.657059800489,28.341534072
104898,Malletiidae,Cnesterium,keppeliana,"(Sowerby III, 1904)",non_suspension,unattached,mobile,infaunal,2,2,28.6356421265527,31.462212032
104858,Malletiidae,Cnesterium,notabilis,(Yokoyama 1922),non_suspension,unattached,mobile,infaunal,20,20,28.9205809070288,31.201091862
104859,Malletiidae,Cnesterium,seminuda,(Dall 1871),non_suspension,unattached,mobile,infaunal,15,15,32.5269119345812,26.737681698
104853,Malletiidae,Cnesterium,similis,(Kuroda & Habe in Habe 1961),non_suspension,unattached,mobile,infaunal,7,7,11.3137084989848,30.550758502
104899,Malletiidae,Cnesterium,toporoki,Scarlato 1981,non_suspension,unattached,mobile,infaunal,10,10,24.3721152139079,22.630090892
105029,Malletiidae,Kalayoldia,cooperii,(Gabb 1865),non_suspension,unattached,mobile,infaunal,5,5,52.0132675381964,12.990588773
104468,Malletiidae,Malletia,chilensis,des Moulins 1832,non_suspension,unattached,mobile,infaunal,1,1,39.1152144312159,10.520156585
104979,Malletiidae,Malletia,cumingii,(Hanley 1860),non_suspension,unattached,mobile,infaunal,NA,5,28.8755952319602,7.666174009
104917,Malletiidae,Malletia,gigantea,(E.A. Smith 1875),non_suspension,unattached,mobile,infaunal,4,4,44.5421149026402,5.054360886
104992,Malletiidae,Malletia,inequalis,Dall 1908,non_suspension,unattached,mobile,infaunal,57,57,21.0237960416286,15.722804838
104993,Malletiidae,Malletia,magellanica,Smith 1881,non_suspension,unattached,mobile,infaunal,4,4,25.7875939164553,12.569460793
111755,Malletiidae,Malletia,subaequalis,(Sowerby II 1870),non_suspension,unattached,mobile,infaunal,12,12,34.5976877840124,26.698409038
104861,Malletiidae,Megayoldia,japonica,(Adams & Reeve 1850),non_suspension,unattached,mobile,infaunal,10,10,19.4871752699051,31.511110425
104863,Malletiidae,Megayoldia,lischkei,(E. A. Smith 1885),non_suspension,unattached,mobile,infaunal,100,100,25.5968748092419,28.761378562
105028,Malletiidae,Megayoldia,martyria,(Dall 1897),non_suspension,unattached,mobile,infaunal,150,150,22.9128784747792,30.153333588
104765,Malletiidae,Megayoldia,thraciaeformis,(Storer 1838),non_suspension,unattached,mobile,infaunal,18,18,51.4975727583349,30.05528194
104862,Malletiidae,Megayoldia,toyamaensis,(Kuroda 1929),non_suspension,unattached,mobile,infaunal,50,50,19.7989898732233,29.614444612
104457,Malletiidae,Neilo,annectens,Powell 1931,non_suspension,unattached,mobile,infaunal,110,110,39.8748040747538,7.247068268
104452,Malletiidae,Neilo,australis,(Quoy & Gaimard 1835),non_suspension,unattached,mobile,infaunal,9,9,29.9809939795198,14.513740292
110747,Malletiidae,Neilo,bisculpta,Xu 1991,non_suspension,unattached,mobile,infaunal,127,127,13.8650640099496,15.30833335
104455,Malletiidae,Neilo,delli,Marshall 1978,non_suspension,unattached,mobile,infaunal,178,178,24.5203996704785,4.53863309
104869,Malletiidae,Neilonella,dubia,Prashad 1932,non_suspension,unattached,mobile,infaunal,50,50,9.48683298050514,28.698333221
104873,Malletiidae,Neilonella,kirai,Habe 1968,non_suspension,unattached,mobile,infaunal,100,100,11.714947716486,30.197764315
104874,Malletiidae,Neilonella,soyoae,Habe 1968,non_suspension,unattached,mobile,infaunal,32,32,4.95196930523605,20.922110176
104980,Malletiidae,Neilonella,sulculata,"(""Couthouy"" Gould 1852)",non_suspension,unattached,mobile,infaunal,13,13,12.6491106406735,26.967727239
104446,Malletiidae,Neilonella,wrighti,(Fleming 1948),non_suspension,unattached,mobile,infaunal,40,40,3.11769145362398,12.887358372
104750,Malletiidae,Orthoyoldia,lepidula,(Adams 1856),non_suspension,unattached,mobile,infaunal,72,72,12.2458156118733,15.30833335
111757,Malletiidae,Orthoyoldia,panamensis,(Dall 1908),non_suspension,unattached,mobile,infaunal,64,64,11.5152073363878,16.56007771
104975,Malletiidae,Orthoyoldia,scapania,(Dall 1890),non_suspension,unattached,mobile,infaunal,108,108,12.8160056179763,4.75409283
104897,Malletiidae,Orthoyoldia,serotina,(Hinds 1843),non_suspension,unattached,mobile,infaunal,12,12,8.97997772825746,17.47570313
111743,Malletiidae,Orthoyoldia,solenoides,(Dall 1881),non_suspension,unattached,mobile,infaunal,40,40,8.66025403784439,17.72206152
104905,Malletiidae,Orthoyoldia,tenella,(Hinds 1843),non_suspension,unattached,mobile,infaunal,4,4,4.1182520563948,12.00297884
112863,Malletiidae,Portlandia,aestuariorum,(Mosevich 1928),non_suspension,unattached,mobile,infaunal,10,10,13.555441711726,13.035189823
104759,Malletiidae,Portlandia,arctica,(Gray 1824),non_suspension,unattached,mobile,infaunal,2,2,20.8818102663538,22.25857149
104716,Malletiidae,Portlandia,intermedia,(Sars 1865),non_suspension,unattached,mobile,infaunal,7,7,13.8325702600782,19.74833314
104760,Malletiidae,Portlandia,isonota,(Martens 1881),non_suspension,unattached,mobile,infaunal,25,25,23.6220236220354,5.054360886
112620,Malletiidae,Portlandia,sulcifera,(Reeve 1855),non_suspension,unattached,mobile,infaunal,NA,NA,12.8452325786651,4.455145629
105097,Malletiidae,Pseudoglomus,verconis,(Cotton 1930),non_suspension,unattached,mobile,infaunal,237,237,3.0854497241083,10.56269213
104986,Malletiidae,Pseudoneilonella,virens,(Dall 1890),non_suspension,unattached,mobile,infaunal,70,70,5.3665631459995,11.131948483
104836,Malletiidae,Sarepta,natalensis,Bernard 1964,non_suspension,unattached,mobile,infaunal,88,88,4.47213595499958,6.62120021
104834,Malletiidae,Sarepta,speciosa,A. Adams 1860,non_suspension,unattached,mobile,infaunal,50,50,9.48683298050514,28.698333221
104833,Malletiidae,Sarepta,tellinaeformis,Hedley 1901,non_suspension,unattached,mobile,infaunal,82,82,8.44097150806707,14.981000183
105092,Malletiidae,Scissileda,clara,(Melvill 1898),non_suspension,unattached,mobile,infaunal,7,7,10.9544511501033,16.282767
104769,Malletiidae,Scissileda,crassicardo,Kilburn 1994,non_suspension,unattached,mobile,infaunal,180,180,6.99642765988472,5.4630339
105094,Malletiidae,Scissileda,divaricata,Odhner 1919,non_suspension,unattached,mobile,infaunal,20,20,9.42867965305853,9.04142891
104767,Malletiidae,Scissileda,iris,Kilburn 1994,non_suspension,unattached,mobile,infaunal,165,165,6.40312423743285,6.08769562
104914,Malletiidae,Scissileda,nicobarica,(Bruguiere 1789),non_suspension,unattached,mobile,infaunal,119,119,21.2014150471142,12.41694457
104766,Malletiidae,Scissileda,parceplicata,(Barnard 1964),non_suspension,unattached,mobile,infaunal,50,50,5.87367006223537,7.13007777
105093,Malletiidae,Scissileda,tropica,(Melvill 1897),non_suspension,unattached,mobile,infaunal,27,27,15.3541525327841,20.31424225
112000,Malletiidae,Yoldia,bartschi,Scarlato 1981,non_suspension,unattached,mobile,infaunal,15,15,28.9827534923789,23.170397602
104856,Malletiidae,Yoldia,glauca,Kuroda & Habe in Habe 1961,non_suspension,unattached,mobile,infaunal,100,100,18.7349939951952,28.947757458
104753,Malletiidae,Yoldia,hyperborea,(Gould 1841),non_suspension,unattached,mobile,infaunal,4,4,39.8748040747538,28.97249998
104752,Malletiidae,Yoldia,kikuchii,Kuroda 1929,non_suspension,unattached,mobile,infaunal,100,100,15.5402702679201,18.032857125
104848,Malletiidae,Yoldia,lata,(Hinds 1843),non_suspension,unattached,mobile,infaunal,9,9,15.0847605217981,11.35772777
104855,Malletiidae,Yoldia,limatula,(Say 1831),non_suspension,unattached,mobile,infaunal,2,2,43.3358973600409,29.409192963
105030,Malletiidae,Yoldia,myalis,(Couthouy 1838),non_suspension,unattached,mobile,infaunal,1,1,31.4642654451045,28.271192709
104974,Malletiidae,Yoldia,riograndensis,(Esteves 1984),non_suspension,unattached,mobile,infaunal,111,111,2.82842712474619,15.37827361
104959,Malletiidae,Yoldia,sapotilla,(Gould 1841),non_suspension,unattached,mobile,infaunal,7,7,26.1247009552263,31.126857805
104678,Malletiidae,Yoldiella,antarctica,Thiele 1931,non_suspension,unattached,mobile,infaunal,170,170,3.06186217847897,5.093971292
104983,Malletiidae,Yoldiella,chilenica,(Dall 1908),non_suspension,unattached,mobile,infaunal,70,70,8.64580823289529,11.131948483
104700,Malletiidae,Yoldiella,derjugini,"Bartsch MS, Scarlato 1981",non_suspension,unattached,mobile,infaunal,22,22,3.46410161513775,22.715246192
105033,Malletiidae,Yoldiella,ecaudata,(Pelseneer 1903),non_suspension,unattached,mobile,infaunal,50,50,2.44948974278318,2.90647059
104702,Malletiidae,Yoldiella,elinguor,Kilburn 1994,non_suspension,unattached,mobile,infaunal,130,130,5.72363520850167,6.9031692
104709,Malletiidae,Yoldiella,frigida,(Torell 1859),non_suspension,unattached,mobile,infaunal,5,5,5.35443741209102,22.25857149
104984,Malletiidae,Yoldiella,granula,(Dall 1908),non_suspension,unattached,mobile,infaunal,62,62,2.56904651573303,9.334999978
104989,Malletiidae,Yoldiella,indolens,Dall 1908,non_suspension,unattached,mobile,infaunal,70,70,4.28660704987056,11.131948483
112004,Malletiidae,Yoldiella,kibi,(Kuroda 1929),non_suspension,unattached,mobile,infaunal,30,30,2.87749891398763,28.256378772
104719,Malletiidae,Yoldiella,lenticula,(Moller 1842),non_suspension,unattached,mobile,infaunal,50,50,6.92820323027551,3.183244929
104720,Malletiidae,Yoldiella,lingulifer,Kilburn 1994,non_suspension,unattached,mobile,infaunal,140,140,5.71489282489182,4.41761916
104721,Malletiidae,Yoldiella,lucida,(Loven 1846),non_suspension,unattached,mobile,infaunal,25,25,6.32455532033676,31.65166664
104725,Malletiidae,Yoldiella,nana,(Sars 1865),non_suspension,unattached,mobile,infaunal,5.5,5.5,4.47213595499958,31.65166664
104731,Malletiidae,Yoldiella,philippiana,(Nyst 1845),non_suspension,unattached,mobile,infaunal,25,25,4.38634243989226,31.68361346
104747,Malletiidae,Yoldiella,powelli,(Dell 1950),non_suspension,unattached,mobile,infaunal,179,179,3.75233260785874,5.01762231
104732,Malletiidae,Yoldiella,propinqua,(Leche 1878),non_suspension,unattached,mobile,infaunal,100,100,4.57165178026498,19.74833314
104840,Malletiidae,Yoldiella,remensa,(Iredale 1929),non_suspension,unattached,mobile,infaunal,183,183,3.9560080889705,7.7995385
104994,Malletiidae,Yoldiella,sabrina,(Hedley 1916),non_suspension,unattached,mobile,infaunal,12,12,8.12403840463596,3.436363641
104739,Malletiidae,Yoldiella,solidula,Waren 1989,non_suspension,unattached,mobile,infaunal,10,10,3.05941170815567,21.04000615
104991,Malletiidae,Yoldiella,valettei,(Lamy 1906),non_suspension,unattached,mobile,infaunal,15,15,2.44948974278318,14.2190323
102305,Margaritidae,Pinctada,albina,(Lamarck 1819),suspension,attached,immobile,epifaunal,0,0,122.80065146407,18.48833338
102306,Margaritidae,Pinctada,anomioides,(Reeve 1857),suspension,attached,immobile,epifaunal,0,0,339.187057536104,23.238447042
102307,Margaritidae,Pinctada,capensis,(Sowerby 1889),suspension,attached,immobile,epifaunal,0,0,158.987420886056,17.43862067
102308,Margaritidae,Pinctada,chemnitzii,(Philippi 1849),suspension,attached,immobile,epifaunal,0,0,88.7440138826276,22.935114082
102309,Margaritidae,Pinctada,fucata,(Gould 1850),suspension,attached,immobile,epifaunal,0,0,96.4365076099295,27.699502244
111871,Margaritidae,Pinctada,galtsoffi,Barstch 1931,suspension,attached,immobile,epifaunal,1,1,259.044397739075,3.43599318
102310,Margaritidae,Pinctada,imbricata,(Roeding 1798),suspension,attached,immobile,epifaunal,0,0,63.5861620165897,19.08009618
112901,Margaritidae,Pinctada,inflata,(Schumacher 1817),suspension,attached,immobile,epifaunal,0,0,90.862808673296,13.17788203
105147,Margaritidae,Pinctada,longisquamosa,(Dunker 1852),suspension,attached,immobile,epifaunal,1,1,40,16.02952032
102313,Margaritidae,Pinctada,maculata,(Gould 1850),suspension,attached,immobile,epifaunal,0,0,57.4456264653803,23.238447042
102314,Margaritidae,Pinctada,margaritifera,(Linnaeus 1758),suspension,attached,immobile,epifaunal,1,1,284.089774543189,32.627575601
102317,Margaritidae,Pinctada,mazatlanica,(Hanley 1856),suspension,attached,immobile,epifaunal,0,0,164.31676725155,16.03421359
102318,Margaritidae,Pinctada,nigra,(Gould 1850),suspension,attached,immobile,epifaunal,0,0,177.391657075523,23.238447042
112902,Margaritidae,Pinctada,petersii,(Dunker 1852),suspension,attached,immobile,epifaunal,0,0,73.2591291239529,12.0829997
113066,Margaritidae,Pinctada,phuketensis,Somrup et al. 2022,suspension,attached,immobile,epifaunal,5,5,76.4852927038918,1.98599994
102319,Margaritidae,Pinctada,radiata,(Leach 1814),suspension,attached,immobile,epifaunal,0,0,57.9655069847578,23.38757563
112180,Margaritidae,Pinctada,sugillata,(Reeve 1857),suspension,attached,immobile,epifaunal,0,0,101.143462467922,27.673133382
112903,Margaritidae,Pinctada,vidua,(Gould 1850),suspension,attached,immobile,epifaunal,25,25,47.1963981676568,4.96735749
105783,Mesodesmatidae,Amesodesma,altenai,(De Rooij-Schuiling 1972),suspension,unattached,mobile,infaunal,0,0,10.2615788258922,10.37123303
105784,Mesodesmatidae,Amesodesma,angula,(Reeve 1854),suspension,unattached,mobile,infaunal,0,0,16.7928556237467,5.39506501
105785,Mesodesmatidae,Amesodesma,elongata,(Reeve 1854),suspension,unattached,mobile,infaunal,0,0,23.7170824512628,18.781000173
105787,Mesodesmatidae,Anapella,amygdala,(Crosse & Fischer 1864),suspension,unattached,mobile,infaunal,0,0,14.6969384566991,14.981000183
105786,Mesodesmatidae,Anapella,cycladea,(Lamarck 1818),suspension,unattached,mobile,infaunal,0,0,29.4040813493637,14.981000183
105788,Mesodesmatidae,Anapella,retroconvexa,Zhuang 1978,suspension,unattached,mobile,infaunal,0,0,29.6513068851948,12.46324679
105790,Mesodesmatidae,Atactodea,cuneata,(Lamarck 1818),suspension,unattached,mobile,infaunal,0,0,19.7737199332852,14.757433653
105791,Mesodesmatidae,Atactodea,erycinaea,(Lamarck 1818),suspension,unattached,mobile,infaunal,0,0,20.7364413533277,13.484286633
105792,Mesodesmatidae,Atactodea,heterodon,(Reeve 1854),suspension,unattached,mobile,infaunal,0,0,26.7132925713024,15.61333338
112624,Mesodesmatidae,Atactodea,layardi,(Reeve 1854),suspension,unattached,mobile,infaunal,NA,NA,17.7898847663497,4.60564348
105789,Mesodesmatidae,Atactodea,striata,(Gmelin 1791),suspension,unattached,mobile,infaunal,0,0,34.4322523224955,35.391454412
112980,Mesodesmatidae,Atactodea,subobtusa,(Jousseaume 1895),suspension,unattached,mobile,infaunal,NA,NA,20.6155281280883,20.31424225
105798,Mesodesmatidae,Coecella,chinensis,Deshayes 1854,suspension,unattached,mobile,infaunal,0,0,22.8035085019828,31.201091862
105796,Mesodesmatidae,Coecella,formosae,De Rooij-Schuiling 1972,suspension,unattached,mobile,infaunal,0,0,20.3228934947758,21.425833064
105795,Mesodesmatidae,Coecella,horsfieldii,Gray 1853,suspension,unattached,mobile,infaunal,0,0,31.3041530791044,17.77000026
105870,Mesodesmatidae,Coecella,qeratensis,Morris & Morris 1993,suspension,unattached,mobile,infaunal,0,0,28.9827534923789,9.63791334
105801,Mesodesmatidae,Davila,plana,(Reeve 1843),suspension,unattached,mobile,infaunal,0,0,25.7604347789396,23.238447042
105802,Mesodesmatidae,Donacilla,cornea,(Poli 1795),suspension,unattached,mobile,infaunal,0,0,21.1660104885167,23.801666656
105803,Mesodesmatidae,Donacilla,picta,Dunker 1877,suspension,unattached,mobile,infaunal,0,0,8.36660026534076,20.572361266
105808,Mesodesmatidae,Mesodesma,arctata,(Conrad 1831),suspension,unattached,mobile,infaunal,1,1,33.466401061363,23.921782293
105809,Mesodesmatidae,Mesodesma,deauratum,(Turton 1822),suspension,unattached,mobile,infaunal,NA,5,32.86335345031,15.606913479
105900,Mesodesmatidae,Mesodesma,donacium,Reeve 1841,suspension,unattached,mobile,infaunal,0,0,88.9156904038877,15.310199174
105811,Mesodesmatidae,Paphies,australis,(Gmelin 1791),suspension,unattached,mobile,infaunal,0,0,65.0615093584525,14.513740292
105814,Mesodesmatidae,Paphies,donacina,(Spengler 1793),suspension,unattached,mobile,infaunal,0,0,74.766302570075,14.513740292
105813,Mesodesmatidae,Paphies,subtriangulata,(Wood 1828),suspension,unattached,mobile,infaunal,0,0,60.398675482166,14.513740292
105815,Mesodesmatidae,Paphies,ventricosa,(Gray 1843),suspension,unattached,mobile,infaunal,0,0,95.2848361493055,14.513740292
105819,Mesodesmatidae,Regterenia,africana,(Turton 1932),suspension,unattached,mobile,infaunal,NA,5,5.47722557505166,15.0204933
106058,Myidae,Arenomya,arenaria,(Linnaeus 1758),suspension,unattached,immobile,infaunal,0,0,114.236596587959,30.05528194
106071,Myidae,Arenomya,japonica,(Jay 1856),suspension,unattached,immobile,infaunal,0,0,104.823661451029,30.897033972
106208,Myidae,Cryptomya,africana,von Cosel 1995,suspension,attached,mobile,infaunal,3,3,13.8582105626953,12.60574951
111906,Myidae,Cryptomya,busoensis,Yokoyama 1922,suspension,attached,mobile,infaunal,0,0,16.4115812766473,27.16978569
106063,Myidae,Cryptomya,californica,(Conrad 1837),suspension,attached,mobile,infaunal,0,0,31.6069612585582,32.547854088
106070,Myidae,Distugonia,inopinata,Iredale 1936,suspension,unattached,immobile,infaunal,0,0,17.268468374468,13.21340356
106191,Myidae,Indosphenia,abbreviata,(Preston 1907),suspension,attached,immobile,infaunal,NA,NA,7.90569415042095,9.28300941
112428,Myidae,Indosphenia,cochinensis,(Preston 1916),suspension,attached,immobile,infaunal,NA,NA,4.45421149026402,4.63230779
112839,Myidae,Indosphenia,kayalum,"Oliver, Hallan & Jayachandran in Oliver et al. 2018",suspension,attached,immobile,infaunal,0,0,6.89637585982667,4.14901958
112656,Myidae,Indosphenia,sowerbyi,(E.A. Smith 1893),suspension,attached,immobile,infaunal,NA,NA,9.48683298050514,2.93597945
106161,Myidae,Mya,baxteri,Coan & Scott 1997,suspension,unattached,immobile,infaunal,10,10,152.970585407784,27.296264782
106162,Myidae,Mya,pseudoarenaria,Schlesch 1931,suspension,unattached,immobile,infaunal,2,2,85.2056336165632,21.00149616
106082,Myidae,Mya,truncata,Linnaeus 1758,suspension,unattached,immobile,infaunal,0,0,83.5703296631047,29.30993507
102573,Myidae,Mya,uzenensis,Nomura & Zinbo 1937,suspension,unattached,immobile,infaunal,NA,NA,58.6479326148842,23.170397602
106163,Myidae,Platyodon,australis,(Olsson 1961),suspension,unattached,immobile,infaunal,0,0,4.77493455452533,8.65487881
106164,Myidae,Platyodon,cancellatus,(Conrad 1837),suspension,unattached,immobile,infaunal,0,0,57.7711000414567,20.390000578
106060,Myidae,Sphenia,binghami,Turton 1822,suspension,attached,immobile,infaunal,1,1,12,30.547952356
106064,Myidae,Sphenia,coreanica,Habe 1951,suspension,attached,immobile,infaunal,0,0,8.54400374531753,23.4002195
112132,Myidae,Sphenia,dubia,(H.C. Lea 1843),suspension,attached,immobile,infaunal,0,0,15,23.134561579
111907,Myidae,Sphenia,elongata,"Zhang, Xu & Liu 2012",suspension,attached,immobile,infaunal,0,0,6.34264928874362,13.91655921
106068,Myidae,Sphenia,fragilis,(H. & A. Adams 1854),suspension,attached,immobile,infaunal,0,0,9.95288902781499,18.67915172
106166,Myidae,Sphenia,gulfensis,Coan 1999,suspension,attached,immobile,infaunal,0,0,9.87420882906575,16.44182409
106165,Myidae,Sphenia,hatcheri,Pilsbry 1899,suspension,attached,immobile,infaunal,0,0,26.2678510731274,18.049999968
106143,Myidae,Sphenia,luticola,(Valenciennes 1846),suspension,attached,immobile,infaunal,15,15,14.7770091696527,16.389408639
112655,Myidae,Sphenia,natalensis,E.A. Smith 1910,suspension,attached,immobile,infaunal,5,5,20.6155281280883,14.92109828
106062,Myidae,Sphenia,perversa,Blanford 1867,suspension,attached,immobile,infaunal,0,0,8.64869932417586,13.52833334
106079,Myidae,Sphenia,ruppelli,A. Adams 1851,suspension,attached,immobile,infaunal,NA,5,9.16515138991168,18.38328981
106218,Myidae,Sphenia,sincera,Hanks & Packer 1985,suspension,attached,immobile,infaunal,10,10,8.38391316748927,15.80705334
106219,Myidae,Sphenia,tumida,Lewis 1968,suspension,attached,immobile,infaunal,NA,NA,10.5830052442584,18.6026558
106065,Myidae,Tugonella,decurtata,(A. Adams 1851),suspension,unattached,immobile,infaunal,0,0,24.3918019014586,35.164839775
112933,Myidae,Tugonella,decussata,(Deshayes 1844),suspension,unattached,immobile,infaunal,17,17,21.4298856739834,8.19178647
112689,Myidae,Tugonella,divaricata,(Reeve 1863),suspension,unattached,immobile,infaunal,10,10,15.8619040471187,20.31424225
106057,Myidae,Tugonia,anatina,(Gmelin 1791),suspension,unattached,immobile,infaunal,NA,5,36.6606055596467,13.77372898
106074,Myidae,Tugonia,nobilis,A. Adams 1856,suspension,unattached,immobile,infaunal,NA,5,36.1247837363769,11.97680424
106061,Myidae,Venatomya,blackburnae,Lamprell & Stansic 1998,suspension,attached,mobile,infaunal,NA,5,37.1932789627373,13.52833334
106067,Myidae,Venatomya,elliptica,(A. Adams 1851),suspension,attached,mobile,infaunal,0,0,20.7846096908265,35.391454412
106069,Myidae,Venatomya,huanghaiensis,(Xu 1987),suspension,attached,mobile,infaunal,30,30,16.7332005306815,28.047999861
106075,Myidae,Venatomya,philippinarum,(A. Adams 1851),suspension,attached,mobile,infaunal,11,11,6.32455532033676,11.80679684
106076,Myidae,Venatomya,princeps,(A. Adams 1851),suspension,attached,mobile,infaunal,NA,5,37.9473319220206,6.16416662
106080,Myidae,Venatomya,sinensis,(Xu 1987),suspension,attached,mobile,infaunal,NA,NA,15.7162336455017,28.047999861
106081,Myidae,Venatomya,thryptica,(Oliver & Chesney 1997),suspension,attached,mobile,infaunal,NA,5,9.38083151964686,14.82373927
104152,Myochamidae,Hunkydora,australica,(Reeve 1859),suspension,unattached,mobile,infaunal,4,4,14.7512711316686,12.34249995
104151,Myochamidae,Hunkydora,novozelandica,(Reeve 1859),suspension,unattached,mobile,infaunal,4,4,33.487311029702,14.513740292
104153,Myochamidae,Hunkydora,rakiura,Marshall 2002,suspension,unattached,mobile,infaunal,33,33,4.07921561087423,12.887358372
104163,Myochamidae,Hunkydora,soyoae,(Habe 1950),suspension,unattached,mobile,infaunal,50,50,13.3266649991661,16.56342657
104362,Myochamidae,Myadora,albida,Tenison-Woods 1875,suspension,unattached,mobile,infaunal,15,15,11.6189500386223,14.981000183
104154,Myochamidae,Myadora,antipodum,E.A. Smith 1880,suspension,unattached,mobile,infaunal,18,18,17.3002890149269,19.779666772
104155,Myochamidae,Myadora,biconvexa,Powell 1927,suspension,unattached,mobile,infaunal,183,183,2.40831891575846,12.887358372
104156,Myochamidae,Myadora,boltoni,E.A. Smith 1880,suspension,unattached,mobile,infaunal,1,1,11.9373363863133,14.513740292
104353,Myochamidae,Myadora,brevis,(Sowerby 1829),suspension,unattached,mobile,infaunal,9,9,34.0998533721188,22.599333483
104367,Myochamidae,Myadora,complexa,Iredale 1924,suspension,unattached,mobile,infaunal,18,18,22.4008928393491,21.911769103
112412,Myochamidae,Myadora,compressa,E.A. Smith 1881,suspension,unattached,mobile,infaunal,61,61,11.7260393995586,23.086991885
104382,Myochamidae,Myadora,concentrica,(Verco 1907),suspension,unattached,mobile,infaunal,NA,NA,12.0511410248159,12.34666685
104360,Myochamidae,Myadora,convexa,Angas 1865,suspension,unattached,mobile,infaunal,NA,NA,9.2736184954957,6.77428956
104396,Myochamidae,Myadora,crassa,Stutchbury 1830,suspension,unattached,mobile,infaunal,3,3,11.6189500386223,8.86428865
104369,Myochamidae,Myadora,delicata,Cotton 1931,suspension,unattached,mobile,infaunal,190,190,13.1624465810882,6.98957833
104160,Myochamidae,Myadora,fluctuosa,Gould 1861,suspension,unattached,mobile,infaunal,10,10,21.8128402552258,31.201091862
104159,Myochamidae,Myadora,novaezelandiae,E.A. Smith 1880,suspension,unattached,mobile,infaunal,15,15,8.87975224879613,14.513740292
104357,Myochamidae,Myadora,oblonga,Reeve 1844,suspension,unattached,mobile,infaunal,NA,NA,14.6969384566991,3.63940885
104356,Myochamidae,Myadora,ovata,Reeve 1844,suspension,unattached,mobile,infaunal,1,1,17.2046505340853,21.06885968
104354,Myochamidae,Myadora,pandoriformis,(Stutchbyry 1830),suspension,unattached,mobile,infaunal,4,4,15.2970585407784,17.855270207
104370,Myochamidae,Myadora,pervalida,Cotton 1931,suspension,unattached,mobile,infaunal,NA,NA,25.1594912508182,17.831666763
104364,Myochamidae,Myadora,pulleinei,Hedley 1906,suspension,unattached,mobile,infaunal,28,28,11.4105214604767,13.52833334
111751,Myochamidae,Myadora,rectangulata,Barnard 1964,suspension,unattached,mobile,infaunal,66,66,10.816653826392,7.72632459
104161,Myochamidae,Myadora,reeveana,E.A. Smith 1881,suspension,unattached,mobile,infaunal,5,5,12.4711667457379,28.698333221
104361,Myochamidae,Myadora,rotundata,"Sowerby III, 1875",suspension,unattached,mobile,infaunal,10,10,21.6610249064997,14.981000183
104368,Myochamidae,Myadora,royana,Iredale 1924,suspension,unattached,mobile,infaunal,17,17,14.1031911282518,10.25033346
104157,Myochamidae,Myadora,striata,Quoy & Gaimard 1835,suspension,unattached,mobile,infaunal,0,0,42.4179207411207,14.513740292
104158,Myochamidae,Myadora,subrostrata,E.A. Smith 1880,suspension,unattached,mobile,infaunal,7,7,18.2556840463457,14.513740292
104365,Myochamidae,Myadora,tessera,Hedley 1912,suspension,unattached,mobile,infaunal,NA,5,32.5883414736007,11.23476809
104355,Myochamidae,Myadora,trigona,Reeve 1844,suspension,unattached,mobile,infaunal,12,12,6.92820323027551,11.0952717
104147,Myochamidae,Myadoropsis,brevispinosa,Habe 1962,suspension,unattached,mobile,infaunal,10,10,7.48331477354788,21.02043718
104146,Myochamidae,Myadoropsis,dissimilis,Habe 1960,suspension,unattached,mobile,infaunal,10,10,7.28079665970696,19.984187066
104144,Myochamidae,Myadoropsis,elongata,(May 1915),suspension,unattached,mobile,infaunal,73,73,4.58257569495584,13.22695985
104145,Myochamidae,Myadoropsis,transmontana,(Yokoyama 1922),suspension,unattached,mobile,infaunal,10,10,8.37018518313663,26.653133202
104143,Myochamidae,Myadoropsis,wairua,Marshall 2002,suspension,unattached,mobile,infaunal,48,48,4.03980197534483,5.01762231
104149,Myochamidae,Myochama,anomioides,Stutchbury 1830,suspension,attached,immobile,epifaunal,1,1,26.8328157299975,22.599333483
104395,Myochamidae,Myochama,strangei,A. Adams 1850,suspension,attached,immobile,epifaunal,NA,NA,20.8566536146142,6.41223532
104148,Myochamidae,Myochama,tasmanica,(Tenison Woods 1877),suspension,attached,immobile,epifaunal,5,5,13.0690474021636,17.831666763
112267,Myochamidae,Myochama,transversa,A. Adams 1850,suspension,attached,immobile,epifaunal,15,15,25.5147016443461,19.866999853
100087,Mytilidae,Adipicola,iwaotakii,(Habe 1958),non_suspension,attached,immobile,epifaunal,20,20,5.65331761004103,19.304853536
112691,Mytilidae,Adipicola,leticiae,Signorelli & Crespo 2017,non_suspension,attached,immobile,epifaunal,104,104,11.8321595661992,8.85172724
100088,Mytilidae,Adipicola,pacifica,"(Dall, Bartsch & Rehder 1938)",non_suspension,attached,immobile,epifaunal,150,150,23.8180603744302,30.022821992
100090,Mytilidae,Adula,californiensis,(Philippi 1847),suspension,attached,immobile,infaunal,0,0,30,20.244408658
100091,Mytilidae,Adula,diegensis,(Dall 1911),suspension,attached,immobile,infaunal,0,0,32.9393381840012,26.218333645
100092,Mytilidae,Adula,falcatoides,Habe 1955,suspension,attached,immobile,infaunal,4,4,33.1360830515618,26.293613092
100093,Mytilidae,Adula,gruneri,(Philippi 1851),suspension,attached,immobile,infaunal,0,0,53.1507290636732,16.439672295
111887,Mytilidae,Adula,kleemanni,Huber 2010,suspension,attached,immobile,infaunal,44,44,7.82304288624318,4.68885731
100094,Mytilidae,Adula,schmidtii,(Schrenck 1867),suspension,attached,immobile,infaunal,5,5,27.6586333718787,28.341534072
100095,Mytilidae,Adula,soleniformis,(d'Orbigny 1842),suspension,attached,immobile,infaunal,0,0,20,13.75348195
100127,Mytilidae,Amygdalum,americanum,Soot-Ryen 1955,suspension,attached,immobile,infaunal,4,4,22.0544780033444,14.49458329
112094,Mytilidae,Amygdalum,arborescens,(Fischer von Waldheim 1807),suspension,attached,immobile,infaunal,26,26,44.497190922574,18.82377717
100130,Mytilidae,Amygdalum,lineum,(Hedley 1907),suspension,attached,immobile,infaunal,74,74,3.79143772202578,15.919020257
112110,Mytilidae,Amygdalum,n.sp. cf. papyrium,Huber 2010a,suspension,attached,immobile,infaunal,10,10,27.9642629082191,8.4278946
100131,Mytilidae,Amygdalum,newcombi,"(Dall, Bartsch & Rehder 1938)",suspension,attached,immobile,infaunal,40,40,13.1521861300698,3.43599318
100132,Mytilidae,Amygdalum,pallidulum,(Dall 1916),suspension,attached,immobile,infaunal,40,40,24.738633753706,22.753921783
100134,Mytilidae,Amygdalum,peasei,(Newcomb 1870),suspension,attached,immobile,infaunal,1,1,26.5141471671257,32.627575601
100135,Mytilidae,Amygdalum,politum,(Verrill & Smith 1880),suspension,attached,immobile,infaunal,100,100,46.1150734576017,19.73289462
100136,Mytilidae,Amygdalum,sagittatum,(Rehder 1935),suspension,attached,immobile,infaunal,40,40,15.1986841535707,19.00020249
100137,Mytilidae,Amygdalum,soyoae,Habe 1958,suspension,attached,immobile,infaunal,50,50,15.556349186104,21.307179637
112269,Mytilidae,Amygdalum,striatum,(Hutton 1873),suspension,attached,immobile,infaunal,9,9,39.8717945420068,14.981000183
100138,Mytilidae,Amygdalum,watsoni,(E. A. Smith 1885),suspension,attached,immobile,infaunal,16,16,35.4005649672431,32.627575601
100272,Mytilidae,Arcuatula,arcuatula,(Hanley 1843),suspension,attached,immobile,epifaunal,0,0,21.503488089145,20.31424225
100273,Mytilidae,Arcuatula,capensis,(Krauss 1848),suspension,attached,immobile,epifaunal,0,0,47.7493455452533,13.03852581
100274,Mytilidae,Arcuatula,elegans,(Gray 1828),suspension,attached,immobile,epifaunal,0,0,112.915897906362,12.60574951
100129,Mytilidae,Arcuatula,glaberrima,(Dunker 1856),suspension,attached,immobile,epifaunal,5,5,22.0544780033444,19.06685243
101965,Mytilidae,Arcuatula,japonica,(Dunker 1857),suspension,attached,immobile,epifaunal,0,0,14.226735395023,32.627575601
100133,Mytilidae,Arcuatula,papyria,(Conrad 1846),suspension,attached,immobile,epifaunal,0,0,13.7549990912395,29.588752939
101966,Mytilidae,Arcuatula,perfragilis,(Dunker 1857),suspension,attached,immobile,epifaunal,20,20,24.7487373415292,32.627575601
101967,Mytilidae,Arcuatula,senhousia,(Benson 1842),suspension,attached,immobile,epifaunal,0,0,24.3926218353009,31.737725062
112353,Mytilidae,Arcuatula,variegata,(Benson 1856),suspension,attached,immobile,epifaunal,NA,5,15.8113883008419,16.73090881
101956,Mytilidae,Arenifodiens,vagina,(Lamarck 1819),suspension,attached,immobile,infaunal,0,0,72.6636084983398,21.06885968
100286,Mytilidae,Arvella,faba,(Mueller 1776),suspension,attached,immobile,epifaunal,1,1,15.2970585407784,20.973461944
100288,Mytilidae,Arvella,japonica,(Dall 1897),suspension,attached,immobile,epifaunal,10,10,30.4138126514911,23.804772774
100289,Mytilidae,Arvella,manshurica,Bartsch in Scarlato 1960,suspension,attached,immobile,epifaunal,5,5,37.0944739819828,19.209033822
100290,Mytilidae,Arvella,pectinula,(Gould 1841),suspension,attached,immobile,epifaunal,NA,NA,20.1990098767242,20.56583332
100314,Mytilidae,Aulacomya,atra,(Molina 1782),suspension,attached,immobile,epifaunal,0,0,148.323969741913,26.967727239
111809,Mytilidae,Aulacomya,capensis,(Dunker 1846),suspension,attached,immobile,epifaunal,0,0,62.4579858785088,11.2659493
106452,Mytilidae,Aulacomya,maoriana,(Iredale 1915),suspension,attached,immobile,epifaunal,0,0,55.7494394590654,14.689980884
111810,Mytilidae,Aulacomya,regia,Powell 1957,suspension,attached,immobile,epifaunal,0,0,109.704147597071,5.054360886
112671,Mytilidae,Botula,aestuaria,(Martens & Thiele 1908),suspension,unattached,immobile,infaunal,NA,NA,11.1928548637066,4.35398114
100430,Mytilidae,Botula,cinnamomea,(Gmelin 1791),suspension,unattached,immobile,infaunal,1,1,21.3307290077015,32.627575601
101715,Mytilidae,Botula,cuneiformis,(Tate 1892),suspension,unattached,immobile,infaunal,15,15,11.6619037896906,11.3562198
105627,Mytilidae,Botula,cylista,S.S. Berry 1959,suspension,unattached,immobile,infaunal,0,0,18.2537667345674,12.20895835
100431,Mytilidae,Botula,fusca,(Gmelin 1791),suspension,unattached,immobile,infaunal,0,0,25.298221281347,19.08009618
105080,Mytilidae,Botula,silicula,Lamarck 1819,suspension,unattached,immobile,infaunal,10,10,43.3405122258609,16.32833353
100432,Mytilidae,Brachidontes,adamsianus,(Dunker 1857),suspension,attached,mobile,epifaunal,0,0,17.5356779167502,19.00784482
100434,Mytilidae,Brachidontes,crebristriatus,(Conrad 1837),suspension,attached,mobile,epifaunal,0,0,18.9736659610103,3.43599318
105953,Mytilidae,Brachidontes,darwinianus,(d'Orbigny 1842),suspension,attached,mobile,epifaunal,0,0,24.0312296813958,19.715611937
100458,Mytilidae,Brachidontes,erosus,(Lamarck 1819),suspension,attached,mobile,epifaunal,0,0,42,14.164500053
111758,Mytilidae,Brachidontes,esmeraldensis,(Olsson 1961),suspension,attached,mobile,epifaunal,0,0,11.216059914248,7.08322157
112720,Mytilidae,Brachidontes,evansi,(E.A. Smith 1903),suspension,attached,mobile,epifaunal,1,1,14.6526448124562,5.19223292
100459,Mytilidae,Brachidontes,exustus,(Linnaeus 1758),suspension,attached,mobile,epifaunal,0,0,41.7133072292284,19.91667863
112752,Mytilidae,Brachidontes,granolirata,(Sowerby III 1909),suspension,attached,mobile,epifaunal,NA,NA,16.583123951777,3.64161389
100460,Mytilidae,Brachidontes,granulatus,(Hanley 1843),suspension,attached,mobile,epifaunal,0,0,19.7989898732233,15.310199174
100438,Mytilidae,Brachidontes,modiolus,(Linnaeus 1767),suspension,attached,mobile,epifaunal,5,5,26.0768096208106,17.54340922
100461,Mytilidae,Brachidontes,mutabilis,(Gould 1861),suspension,attached,mobile,epifaunal,0,0,15.4919333848297,26.928646232
100439,Mytilidae,Brachidontes,niger,(Gmelin 1791),suspension,attached,mobile,epifaunal,0,0,36.7423461417477,11.5963716
100453,Mytilidae,Brachidontes,pharaonis,(Fischer 1870),suspension,attached,mobile,epifaunal,0,0,14.5624173817399,16.21894242
100440,Mytilidae,Brachidontes,playasensis,(Pilsbry & Olsson 1935),suspension,attached,mobile,epifaunal,0,0,14.4187378088375,9.35006068
100441,Mytilidae,Brachidontes,puniceus,(Gmelin 1791),suspension,attached,mobile,epifaunal,9,9,19.0394327646598,13.38000012
100442,Mytilidae,Brachidontes,puntarenensis,(Pilsbry & Lowe 1932),suspension,attached,mobile,epifaunal,0,0,13.076696830622,12.60966558
100444,Mytilidae,Brachidontes,rodriguezii,(d'Orbigny 1842),suspension,attached,mobile,epifaunal,0,0,30.3315017762062,17.596140449
100445,Mytilidae,Brachidontes,rostratus,(Dunker 1857),suspension,attached,mobile,epifaunal,0,0,29.4703240565828,14.981000183
103420,Mytilidae,Brachidontes,sculptus,(Iredale 1939),suspension,attached,mobile,epifaunal,0,0,22.781571499789,13.22500038
100446,Mytilidae,Brachidontes,semilaevis,(Menke 1848),suspension,attached,mobile,epifaunal,0,0,8.53229160308062,16.96133355
100447,Mytilidae,Brachidontes,setiger,(Dunker 1856),suspension,attached,mobile,epifaunal,0,0,23.3238075793812,21.002424217
100449,Mytilidae,Brachidontes,striatulus,(Hanley 1843),suspension,attached,mobile,epifaunal,0,0,19.8204439909907,17.47656537
100450,Mytilidae,Brachidontes,subramosus,(Hanley 1844),suspension,attached,mobile,epifaunal,0,0,5.58569601750758,16.32833353
103417,Mytilidae,Brachidontes,subsulcatus,(Dunker 1857),suspension,attached,mobile,epifaunal,NA,5,17.2476085298803,5.03840899
111881,Mytilidae,Brachidontes,tenuistriatus,(Dunker 1853),suspension,attached,mobile,epifaunal,0,0,16.7332005306815,3.86233322
100451,Mytilidae,Brachidontes,undulatus,(Dunker 1857),suspension,attached,mobile,epifaunal,0,0,21.9294322771931,10.44277816
100452,Mytilidae,Brachidontes,ustulatus,(Lamarck 1819),suspension,attached,mobile,epifaunal,0,0,25.0998007960223,19.27743577
105928,Mytilidae,Brachidontes,variabilis,(Krauss 1848),suspension,attached,mobile,epifaunal,NA,NA,18.5202591774521,20.31424225
112163,Mytilidae,Brachidontes,variabilis (Krauss 1848)-Pacific_Ocean,Terranova et al. 2007,suspension,attached,mobile,epifaunal,0,0,18.5202591774521,16.22622398
100454,Mytilidae,Brachidontes,virgiliae,(Barnard 1964),suspension,attached,mobile,epifaunal,0,0,17.1755640373177,11.96332727
100667,Mytilidae,Choromytilus,chorus,(Molina 1782),suspension,attached,immobile,epifaunal,4,4,203.469899493758,23.339393988
111683,Mytilidae,Choromytilus,meridionalis,(Krauss 1848),suspension,attached,immobile,epifaunal,NA,5,106.723568156242,11.2659493
100668,Mytilidae,Choromytilus,palliopunctatus,(Carpenter 1857),suspension,attached,immobile,epifaunal,0,0,63.4791304288268,16.38590116
112171,Mytilidae,Ciboticola,andersoni,(Martens 1887),suspension,attached,immobile,epifaunal,1,1,18.7082869338697,4.9266226
106399,Mytilidae,Ciboticola,lunata,(Hedley 1902),suspension,attached,immobile,epifaunal,NA,NA,22.113344387496,13.22500038
100784,Mytilidae,Crenella,abbotti,Altena 1968,suspension,attached,immobile,epifaunal,6,6,2.04939015319192,7.20760924
100785,Mytilidae,Crenella,arenaria,"""Martin"" Monterosato 1875",suspension,attached,immobile,epifaunal,30,30,2.79284800875379,22.861666644
100788,Mytilidae,Crenella,caudiva,Olsson 1961,suspension,attached,immobile,epifaunal,NA,NA,2.2494443758404,4.90814445
100789,Mytilidae,Crenella,decussata,(Montagu 1808),suspension,attached,immobile,epifaunal,0,0,9.79795897113271,33.45333354
112076,Mytilidae,Crenella,divaricata,(d'Orbigny in Sagra 1853),suspension,attached,immobile,epifaunal,1,1,2.79284800875379,19.91667863
100791,Mytilidae,Crenella,gemma,Olsson & McGinty 1958,suspension,attached,immobile,epifaunal,10,10,2.17944947177034,8.01958334
105124,Mytilidae,Crenella,magellanica,Linse 2002,suspension,attached,immobile,epifaunal,25,25,2.01990098767242,9.439250048
112745,Mytilidae,Crenella,minuta,Thiele & Jaeckel 1931,suspension,attached,immobile,epifaunal,40,40,2.79284800875379,15.34348206
100793,Mytilidae,Crenella,pellucida,(Jeffreys 1859),suspension,attached,immobile,epifaunal,15,15,0.948683298050514,25.64833331
112746,Mytilidae,Crenella,pura,E.A. Smith 1890,suspension,attached,immobile,epifaunal,NA,NA,3.24037034920393,3.6200002
100801,Mytilidae,Crenomytilus,grayanus,(Dunker 1853),suspension,attached,immobile,epifaunal,0,0,53.8330753347791,29.129770272
100906,Mytilidae,Dacrydium,albidum,Pelseneer 1903,suspension,attached,mobile,epifaunal,122,122,4,3.562105266
100914,Mytilidae,Dacrydium,elegantulum,Soot-Ryen 1955,suspension,attached,mobile,epifaunal,58,58,2.44948974278318,10.08576278
100915,Mytilidae,Dacrydium,fabale,(Hedley 1904),suspension,attached,mobile,epifaunal,146,146,1.73205080756888,6.96219833
101240,Mytilidae,Dacrydium,hendersoni,Salas & Gofas 1997,suspension,attached,mobile,epifaunal,35,35,3.40587727318528,14.92549646
100907,Mytilidae,Dacrydium,hyalinum,(Monterosato 1875),suspension,attached,mobile,epifaunal,30,30,2.07846096908265,22.861666644
105128,Mytilidae,Dacrydium,leucoguttatum,van der Linden & Moolenbeek 2004,suspension,attached,mobile,epifaunal,8,8,2.38746727726266,8.49132689
100910,Mytilidae,Dacrydium,ockelmanni,Mattson & Waren 1977,suspension,attached,mobile,epifaunal,100,100,3.61247837363769,21.006285376
100911,Mytilidae,Dacrydium,pacificum,Dall 1916,suspension,attached,mobile,epifaunal,90,90,3.5213633723318,32.271579048
100916,Mytilidae,Dacrydium,pelseneeri,Hedley 1906,suspension,attached,mobile,epifaunal,185,185,1.80443897098239,12.106406823
100912,Mytilidae,Dacrydium,vitreum,(Holboll in Moller 1842),suspension,attached,mobile,epifaunal,11,11,4.89897948556636,28.77948148
100913,Mytilidae,Dacrydium,zebra,Hayami & Kase 1993,suspension,attached,mobile,epifaunal,17,17,1.71394282285028,13.52833334
101691,Mytilidae,Diberus,bisulcatus,(d'Orbigny 1853),suspension,attached,immobile,infaunal,0,0,31.4642654451045,19.08009618
101692,Mytilidae,Diberus,canalifera,(Hanley 1843),suspension,attached,immobile,infaunal,0,0,18.4661853126194,16.49824603
101693,Mytilidae,Diberus,carmenae,von Cosel 1995,suspension,attached,immobile,infaunal,10,10,24.9098374141623,11.51297915
101694,Mytilidae,Diberus,divaricalx,(Iredale 1939),suspension,attached,immobile,infaunal,1,1,25.6124969497314,17.57883387
101709,Mytilidae,Diberus,malaccana,(Reeve 1857),suspension,attached,immobile,infaunal,0,0,24.4069662186844,32.627575601
112472,Mytilidae,Diberus,paraplumula,(Kleemann & Maestrati 2012),suspension,attached,immobile,infaunal,1,1,15,10.49509315
101696,Mytilidae,Diberus,patagonica,(d'Orbigny 1847),suspension,attached,immobile,infaunal,0,0,37.4165738677394,27.007391268
101697,Mytilidae,Diberus,plumula,(Hanley 1843),suspension,attached,immobile,infaunal,0,0,33.0907842155486,21.29878819
101711,Mytilidae,Diberus,pulcher,(Jousseaume in Lamy 1917),suspension,attached,immobile,infaunal,3,3,27.2139670022582,11.93174985
101158,Mytilidae,Exosiperna,kuroharai,Habe 1961,suspension,attached,immobile,epifaunal,40,40,4.77493455452533,19.328997707
101159,Mytilidae,Exosiperna,relata,Iredale 1929,suspension,attached,immobile,epifaunal,146,146,3.70809924354783,10.6014705
101160,Mytilidae,Exosiperna,scapha,(Verco 1908),suspension,attached,immobile,epifaunal,27,27,5.97494769851586,9.79110904
101220,Mytilidae,Fungiacava,eilatensis,Soot-Ryen 1969,suspension,unattached,immobile,infaunal,8,8,10.5830052442584,16.63808319
101307,Mytilidae,Geukensia,demissa,(Dillwyn 1817),suspension,attached,immobile,infaunal,0,0,87.0333269500827,30.839961413
105955,Mytilidae,Geukensia,granosissima,(Sowerby III 1914),suspension,attached,immobile,infaunal,0,0,68.5565460040104,17.33072667
101905,Mytilidae,Gibbomodiola,adriatica,(Lamarck 1819),suspension,attached,immobile,infaunal,4,4,44.252118593351,30.547952356
101910,Mytilidae,Gibbomodiola,albicosta,(Lamarck 1819),suspension,attached,immobile,infaunal,5,5,82.4560488987921,22.32647702
112173,Mytilidae,Gibbomodiola,biradiata,(Hanley 1843),suspension,attached,immobile,infaunal,2,2,73.9749957755998,20.60368675
100086,Mytilidae,Gigantidas,crypta,"(Dall, Bartsch & Rehder 1938)",non_suspension,attached,immobile,epifaunal,35,35,26.4249881740749,21.307179637
112747,Mytilidae,Gregariella,australis,(von Martens 1880),suspension,attached,immobile,infaunal,NA,NA,5.19615242270663,5.49223882
101915,Mytilidae,Gregariella,bakeri,"(Dall, Bartsch & Rehder 1938)",suspension,attached,immobile,infaunal,1,1,7.14142842854285,3.43599318
103415,Mytilidae,Gregariella,barbatus,(Reeve 1858),suspension,attached,immobile,infaunal,0,0,9.16515138991168,25.269000474
105956,Mytilidae,Gregariella,chenui,(Recluz 1842),suspension,attached,immobile,infaunal,20,20,13.4164078649987,15.38258338
101419,Mytilidae,Gregariella,coarctata,(Carpenter 1857),suspension,attached,immobile,infaunal,0,0,15.9687194226713,32.308333529
101420,Mytilidae,Gregariella,coralliophaga,(Gmelin 1791),suspension,attached,immobile,infaunal,0,0,28.324900705916,35.130334242
101421,Mytilidae,Gregariella,denticulata,(Dall 1871),suspension,attached,immobile,infaunal,0,0,13.9427400463467,4.56020123
110333,Mytilidae,Gregariella,difficilis,(Deshayes 1863),suspension,attached,immobile,infaunal,10,10,19.9374020373769,12.38137205
101426,Mytilidae,Gregariella,ehrenbergi,(Issel 1869),suspension,attached,immobile,infaunal,0,0,14.142135623731,20.31424225
101422,Mytilidae,Gregariella,multistriata,(E.A. Smith 1872),suspension,attached,immobile,infaunal,1,1,10.2469507659596,9.65124968
106400,Mytilidae,Gregariella,nubilis,(Iredale 1937),suspension,attached,immobile,infaunal,NA,5,6,5.47874121
110344,Mytilidae,Gregariella,obermulleri,Fischer-Piette & Nickles 1946,suspension,attached,immobile,infaunal,5,5,21.9089023002066,7.05038912
101425,Mytilidae,Gregariella,petagnae,(Scacchi 1832),suspension,attached,immobile,infaunal,0,0,26.0768096208106,22.861666644
103416,Mytilidae,Gregariella,semigranatus,(Reeve 1858),suspension,attached,immobile,infaunal,0,0,9.16515138991168,23.801666656
101427,Mytilidae,Gregariella,splendida,(Dunker 1856),suspension,attached,immobile,infaunal,NA,5,12.369316876853,15.77497163
112360,Mytilidae,Gregariella,splendida,(Reeve 1858),suspension,attached,immobile,infaunal,NA,5,14.1985914794391,11.48477275
111687,Mytilidae,Gregariella,vignoni,(Petit de la Saussaye 1862),suspension,attached,immobile,infaunal,5,5,8.25832912882503,8.066481
112001,Mytilidae,Idas,ghisottii,Warén & Carrozza 1990,non_suspension,attached,immobile,epifaunal,100,100,7.91959594928933,22.861666644
101480,Mytilidae,Idas,japonicus,(Habe 1976),non_suspension,attached,immobile,epifaunal,91,91,13.9140217047409,27.205999877
100089,Mytilidae,Idas,simpsoni,"(Marshall, 1900)",non_suspension,attached,immobile,epifaunal,70,70,15.1657508881031,30.547952356
100464,Mytilidae,Ischadium,recurvum,(Rafinesque 1820),suspension,attached,mobile,epifaunal,0,0,52.2494019104525,29.723857916
101907,Mytilidae,Jolya,arata,(Dunker 1856),suspension,attached,immobile,infaunal,0,0,43.8565844543325,17.29550735
101953,Mytilidae,Jolya,elongata,(Swainson 1821),suspension,attached,immobile,infaunal,0,0,72.6636084983398,16.32833353
112906,Mytilidae,Jolya,letourneauxi,Bourguignat 1877,suspension,attached,immobile,infaunal,3,3,49.4029351354755,13.40749963
101943,Mytilidae,Jolya,rhomboidea,(Reeve 1857),suspension,attached,immobile,infaunal,10,10,63.4673144224647,35.130334242
101698,Mytilidae,Labis,attenuatus,(Deshayes 1836),suspension,attached,immobile,infaunal,0,0,50.5272203866391,17.94966261
101699,Mytilidae,Labis,erimitica,"Kuroda & Habe in Kuroda, Habe & Oyama 1971",suspension,attached,immobile,infaunal,0,0,13.3603892158874,28.047999861
110748,Mytilidae,Labis,lepteces,Wang 1997,suspension,attached,immobile,infaunal,NA,NA,13.0977097234593,16.33731257
105096,Mytilidae,Labis,mucronata,(Philippi 1848),suspension,attached,immobile,infaunal,0,0,11.5446957517294,31.476604892
101700,Mytilidae,Labis,peruvianus,(d'Orbigny 1846),suspension,attached,immobile,infaunal,3,3,63.4980314655502,11.87096115
112473,Mytilidae,Labis,subattenuatus,(Kleemann & Maestrati 2012),suspension,attached,immobile,infaunal,4,4,11.0199818511647,10.49509315
101713,Mytilidae,Labis,tripartitus,(Jousseaume 1894),suspension,attached,immobile,infaunal,73,73,29.4957624075053,20.31424225
101727,Mytilidae,Leiosolenus,aristatus,(Dillwyn 1817),suspension,attached,immobile,infaunal,0,0,25.6124969497314,30.075402514
101701,Mytilidae,Leiosolenus,curtus,(Lischke 1874),suspension,attached,immobile,infaunal,0,0,27.0185121722126,29.880238
106242,Mytilidae,Leiosolenus,dahabensis,Kleemann 2008,suspension,attached,immobile,infaunal,10,10,10.6883113727099,11.62416669
101702,Mytilidae,Leiosolenus,dixonae,Scott 1986,suspension,attached,immobile,infaunal,12,12,8.27828484651259,4.94021417
101703,Mytilidae,Leiosolenus,hancocki,Soot-Ryen 1955,suspension,attached,immobile,infaunal,0,0,32.6190128606002,14.49458329
103570,Mytilidae,Leiosolenus,hanleyanus,(Reeve 1857),suspension,attached,immobile,infaunal,1,1,29.2403830344269,14.33291697
106238,Mytilidae,Leiosolenus,kleemanni,(Valentich-Scott & Tongkerd 2008),suspension,attached,immobile,infaunal,NA,5,8.46597306870274,3.58310357
111828,Mytilidae,Leiosolenus,kuehnelti,Kleemann 1977,suspension,attached,immobile,infaunal,NA,5,15.9874951133691,13.52833334
101704,Mytilidae,Leiosolenus,laevigatus,(Quoy & Gaimard 1835),suspension,attached,immobile,infaunal,0,0,27.5680975041804,16.32833353
101705,Mytilidae,Leiosolenus,lessepsiana,(Vaillant 1865),suspension,attached,immobile,infaunal,5,5,19.8997487421324,20.31424225
101708,Mytilidae,Leiosolenus,lima,(Lamy 1919),suspension,attached,immobile,infaunal,0,0,49.3061862244486,32.627575601
101726,Mytilidae,Leiosolenus,nasutus,(Philippi 1846),suspension,attached,immobile,infaunal,0,0,35.8496861910952,19.65217969
101710,Mytilidae,Leiosolenus,obesus,(Philippi 1847),suspension,attached,immobile,infaunal,0,0,61.7118303082966,32.627575601
106241,Mytilidae,Leiosolenus,parapurpurea,Kleemann 2008,suspension,attached,immobile,infaunal,8,8,9.64365076099295,10.79704006
105120,Mytilidae,Leiosolenus,punctata,Kleemann & Hoeksema 2002,suspension,attached,immobile,infaunal,20,20,8.21583836257749,3.72842122
106240,Mytilidae,Leiosolenus,purpurea,Kleemann 1980,suspension,attached,immobile,infaunal,1,1,12.2360124223539,8.48194234
111819,Mytilidae,Leiosolenus,simplex,(Iredale 1939),suspension,attached,immobile,infaunal,0,0,19.3865933056842,13.0546875
101712,Mytilidae,Leiosolenus,spatiosus,(Carpenter 1857),suspension,attached,immobile,infaunal,0,0,35.8496861910952,16.44182409
100126,Mytilidae,Lioberus,agglutinans,(Cantraine 1835),suspension,attached,mobile,infaunal,0,0,36.3318042491699,22.861666644
101657,Mytilidae,Lioberus,castanea,(Say 1822),suspension,attached,mobile,infaunal,2,2,13.9427400463467,19.08009618
101903,Mytilidae,Lioberus,ligneus,(Reeve 1858),suspension,attached,mobile,infaunal,17,17,31.6227766016838,20.60368675
101658,Mytilidae,Lioberus,salvadoricus,(Hertlein & Strong 1946),suspension,attached,mobile,infaunal,0,0,36.6606055596467,17.00945296
101714,Mytilidae,Lithophaga,antillarum,(d'Orbigny 1853),suspension,attached,immobile,infaunal,1,1,77.197797896054,19.08009618
112670,Mytilidae,Lithophaga,cylindrica,(Krauss 1848),suspension,attached,immobile,infaunal,NA,5,33.4962684488885,9.67375755
101717,Mytilidae,Lithophaga,lithophaga,(Linnaeus 1758),suspension,attached,immobile,infaunal,0,0,58.3952052826257,23.801666656
101718,Mytilidae,Lithophaga,nigra,(d'Orbigny 1853),suspension,attached,immobile,infaunal,1,1,36.0555127546399,17.72206152
101719,Mytilidae,Lithophaga,robusta,Jousseaume in Lamy 1919,suspension,attached,immobile,infaunal,0,0,51.9615242270663,20.60368675
101722,Mytilidae,Lithophaga,straminea,(Reeve 1857),suspension,attached,immobile,infaunal,0,0,20.2977831301844,29.718333401
101723,Mytilidae,Lithophaga,teres,(Philippi 1846),suspension,attached,immobile,infaunal,0,0,80.4238770515324,32.627575601
101724,Mytilidae,Lithophaga,zitteliana,Dunker 1882,suspension,attached,immobile,infaunal,0,0,47.9186811170758,21.870478234
101970,Mytilidae,Modiolarca,aviaris,"Dall, Bartsch & Rehder 1938",suspension,attached,immobile,epifaunal,3,3,9.26066952223218,3.43599318
101992,Mytilidae,Modiolarca,coenobita,(Valliant 1856),suspension,attached,immobile,epifaunal,0,0,18.0961321834253,20.68132576
101993,Mytilidae,Modiolarca,cumingiana,"(""Dunker"" Reeve 1857)",suspension,attached,immobile,epifaunal,21,21,28.2063822565036,23.38757563
101974,Mytilidae,Modiolarca,cupreus,(Gould 1861),suspension,attached,immobile,epifaunal,0,0,18.072077910412,29.9952382
101994,Mytilidae,Modiolarca,impacta,(Hermann 1782),suspension,attached,immobile,epifaunal,0,0,35.8887168898527,24.547333492
101995,Mytilidae,Modiolarca,lateralis,(Say 1822),suspension,attached,immobile,epifaunal,0.3,0.3,9.16515138991168,19.08009618
111696,Mytilidae,Modiolarca,strigatus,(Hanley 1843),suspension,attached,immobile,epifaunal,18,18,27.2213151776324,6.37182133
111672,Mytilidae,Modiolarca,subpicta,(Cantraine 1835),suspension,attached,immobile,epifaunal,0,0,16.4924225024706,30.547952356
101989,Mytilidae,Modiolarca,viator,(d'Orbigny 1842),suspension,attached,immobile,epifaunal,10,10,11.6619037896906,20.193057946
101902,Mytilidae,Modiolatus,flavidus,(Dunker 1856),suspension,attached,immobile,infaunal,8,8,48.7155006132545,28.876333417
101908,Mytilidae,Modiolatus,hanleyi,(Dunker 1882),suspension,attached,immobile,infaunal,10,10,64.2728558568857,31.201091862
101954,Mytilidae,Modiolatus,neglectus,(Soot-Ryen 1955),suspension,attached,immobile,infaunal,15,15,80.7031597894407,21.29878819
101931,Mytilidae,Modiolatus,nigeriensis,(Nickles 1955),suspension,attached,immobile,infaunal,16,16,18.099723754798,7.26175486
112172,Mytilidae,Modiolatus,nitidus,(Reeve 1857),suspension,attached,immobile,infaunal,0,0,75.6769449700502,13.52833334
101904,Mytilidae,Modiolatus,oyamai,(Habe 1981),suspension,attached,immobile,infaunal,40,40,14.3457310723434,19.438881321
101937,Mytilidae,Modiolatus,plicatus,(Gmelin 1791),suspension,attached,immobile,infaunal,20,20,41.8521206153284,15.75297852
101951,Mytilidae,Modiolatus,victoriae,(Pritchard & Gaitliff 1903),suspension,attached,immobile,infaunal,11,11,26.9295376863399,16.57552616
101901,Mytilidae,Modiolula,phaseolina,(Philippi 1844),suspension,attached,immobile,epifaunal,1,1,15.1456264314158,30.547952356
101911,Mytilidae,Modiolus,americanus,"(Leach, in Leach & Nodder 1815)",suspension,attached,mobile,infaunal,0,0,84.3623138611074,19.56720135
101912,Mytilidae,Modiolus,areolatus,(Gould 1850),suspension,attached,mobile,infaunal,0,0,76.5375724726098,19.123125992
101913,Mytilidae,Modiolus,auriculatus,(Krauss 1848),suspension,attached,mobile,infaunal,0,0,44.5477272147525,34.40643638
101914,Mytilidae,Modiolus,aurum,Osorio 1979,suspension,attached,mobile,infaunal,0,0,28.1879406839166,5.9077063
101916,Mytilidae,Modiolus,barbatus,(Linnaeus 1758),suspension,attached,mobile,infaunal,0,0,55.3284736821829,26.270327229
101917,Mytilidae,Modiolus,capax,(Conrad 1837),suspension,attached,mobile,infaunal,0,0,126.412024744484,21.29878819
101918,Mytilidae,Modiolus,carpenteri,Soot-Ryen 1963,suspension,attached,mobile,infaunal,0,0,34.4093010681705,12.683095472
101919,Mytilidae,Modiolus,carvalhoi,Klappenbach 1966,suspension,attached,mobile,infaunal,0,0,15.8745078663875,15.93085284
101920,Mytilidae,Modiolus,cecilleii,(Philippi 1847),suspension,attached,mobile,infaunal,0,0,45.5741154604234,22.218446862
112625,Mytilidae,Modiolus,cochlear,(Menke 1848),suspension,attached,mobile,infaunal,1,1,87.4642784226795,13.52833334
101922,Mytilidae,Modiolus,comptus,(Sowerby 1915),suspension,attached,mobile,infaunal,10,10,28.0677751166707,31.201091862
101924,Mytilidae,Modiolus,eiseni,Strong & Hertlein 1937,suspension,attached,mobile,infaunal,4,4,33.3316666249979,14.49458329
111695,Mytilidae,Modiolus,elegans,(Gray 1828),suspension,attached,mobile,infaunal,NA,NA,52.3354564325181,11.68346812
105957,Mytilidae,Modiolus,ficoides,Macsotay & Campos 2001,suspension,attached,mobile,infaunal,0,0,54.0658857321324,3.30121222
112628,Mytilidae,Modiolus,gallicus,(Dautzenberg 1895),suspension,attached,mobile,infaunal,20,20,63.9687423668779,14.692973842
101952,Mytilidae,Modiolus,gubernaculum,(Dunker 1857),suspension,attached,mobile,infaunal,8,8,42.6028168082816,8.73389537
104885,Mytilidae,Modiolus,kurilensis,Bernard 1983,suspension,attached,mobile,infaunal,4,4,98.6356933366416,29.844698432
101308,Mytilidae,Modiolus,lulat,(Dautzenberg 1891),suspension,attached,mobile,infaunal,2,2,64.4980619863884,15.45124984
101925,Mytilidae,Modiolus,margaritaceus,(Nomura & Hatai 1940),suspension,attached,mobile,infaunal,30,30,12.6491106406735,28.58679987
101906,Mytilidae,Modiolus,martorelli,(Hidalgo 1878),suspension,attached,mobile,infaunal,1,1,60.2992537267253,22.861666644
101926,Mytilidae,Modiolus,matris,(Pilsbry 1921),suspension,attached,mobile,infaunal,1.5,1.5,18.1295339156858,8.75386925
101929,Mytilidae,Modiolus,modiolus,(Linnaeus 1758),suspension,attached,mobile,infaunal,0,0,144.499134945508,31.950953759
112249,Mytilidae,Modiolus,modulaides,(Roeding 1798),suspension,attached,mobile,infaunal,0,0,46.9648804959621,32.221092042
101930,Mytilidae,Modiolus,nicklesi,Ockelmann 1983,suspension,attached,mobile,infaunal,30,30,15.7327683514377,12.43967933
101932,Mytilidae,Modiolus,nipponicus,(Oyama 1950),suspension,attached,mobile,infaunal,0,0,30.5941170815567,28.698333221
101935,Mytilidae,Modiolus,peronianus,Laseron 1956,suspension,attached,mobile,infaunal,0,0,42.4405466505793,12.66802626
101936,Mytilidae,Modiolus,philippinarum,(Hanley 1844),suspension,attached,mobile,infaunal,0,0,80.8331615118449,20.47833343
101939,Mytilidae,Modiolus,pseudobarbatus,Ockelmann 1983,suspension,attached,mobile,infaunal,0,0,8.57904423581089,16.28058308
101941,Mytilidae,Modiolus,pulvillus,Iredale 1939,suspension,attached,mobile,infaunal,NA,NA,48.425200051213,13.52833334
112250,Mytilidae,Modiolus,rufus,(Fischer von Waldheim 1807),suspension,attached,mobile,infaunal,8,8,80.1658281314426,13.52833334
101944,Mytilidae,Modiolus,sacculifer,(Berry 1953),suspension,attached,mobile,infaunal,0,0,60.9097693313642,11.701344094
105958,Mytilidae,Modiolus,squamosus,Beauperthuy 1967,suspension,attached,mobile,infaunal,0,0,43.1624837098145,18.90144388
101949,Mytilidae,Modiolus,traillii,(Reeve 1857),suspension,attached,mobile,infaunal,NA,5,39.138216617521,14.51304875
112636,Mytilidae,Modiolus,tumescens,(Clessin 1888),suspension,attached,mobile,infaunal,2,2,32.4037034920393,12.11485522
101950,Mytilidae,Modiolus,verdensis,Cosel 1995,suspension,attached,mobile,infaunal,2,2,12.4040316026685,5.72802754
111914,Mytilidae,Modiolusia,pacificus,(Olsson 1961),suspension,attached,immobile,infaunal,0,0,74.0810367098085,14.34554281
101955,Mytilidae,Modiolusia,rectus,(Conrad 1837),suspension,attached,immobile,infaunal,0,0,160.436903485451,29.398421128
101968,Mytilidae,Musculus,alganus,Laseron 1956,suspension,attached,immobile,epifaunal,0,0,3.09838667696593,12.34249995
101971,Mytilidae,Musculus,concinnus,(Dunker 1857),suspension,attached,immobile,epifaunal,NA,NA,10.4651803615609,7.5582734
101972,Mytilidae,Musculus,costulatus,(Risso 1826),suspension,attached,immobile,epifaunal,0,0,9.67470929795826,28.591666596
101975,Mytilidae,Musculus,discors,(Linnaeus 1767),suspension,attached,immobile,epifaunal,5,5,47.4868402823351,31.65166664
101976,Mytilidae,Musculus,glacialis,(Leche 1883),suspension,attached,immobile,epifaunal,25,25,28.9827534923789,28.77948148
101977,Mytilidae,Musculus,imus,(Bartsch 1915),suspension,attached,immobile,epifaunal,NA,5,13.0384048104053,9.76640906
101978,Mytilidae,Musculus,koreanus,Ockelmann 1983,suspension,attached,immobile,epifaunal,40,40,31.8574951934392,25.650761942
101979,Mytilidae,Musculus,minutus,Scarlato 1960,suspension,attached,immobile,epifaunal,10,10,9.16242326025162,14.003647169
101981,Mytilidae,Musculus,nanulus,Thiele 1930,suspension,attached,immobile,epifaunal,NA,5,4.89897948556636,8.14521366
101982,Mytilidae,Musculus,nanus,(Dunker 1857),suspension,attached,immobile,epifaunal,20,20,8.83176086632785,14.7895453
101984,Mytilidae,Musculus,niger,(Gray 1824),suspension,attached,immobile,epifaunal,0,0,62.8712971076627,31.64318206
112376,Mytilidae,Musculus,nipponicus,Okutani 2005,suspension,attached,immobile,epifaunal,51,51,6.03738353924943,18.26741729
106446,Mytilidae,Musculus,panhai,Moolenbeek 2009,suspension,attached,immobile,epifaunal,3,3,8.83176086632785,5.86260526
105407,Mytilidae,Musculus,phenax,(Dall 1915),suspension,attached,immobile,epifaunal,0,0,7.61577310586391,19.209033822
101986,Mytilidae,Musculus,pusio,(A. Adams 1862),suspension,attached,immobile,epifaunal,0,0,4.72440472440709,29.610730662
105408,Mytilidae,Musculus,pygmaeus,Glynn 1964,suspension,attached,immobile,epifaunal,0,0,3.35410196624968,9.486106232
105425,Mytilidae,Musculus,taylori,(Dall 1897),suspension,attached,immobile,epifaunal,0,0,6.32455532033676,16.439655212
101988,Mytilidae,Musculus,varicosus,(Gould 1861),suspension,attached,immobile,epifaunal,NA,5,12,8.74879514
101990,Mytilidae,Musculus,viridulus,(H. Adams 1871),suspension,attached,immobile,epifaunal,0,0,7.41619848709566,32.627575601
113063,Mytilidae,Mytella,brasiliensis,(Gray 1825),suspension,attached,mobile,infaunal,0,0,59.5671889549943,10.15928993
102001,Mytilidae,Mytella,charruana,(d'Orbigny 1842),suspension,attached,mobile,infaunal,0,0,53.1413210223457,20.794433261
102002,Mytilidae,Mytella,guyanensis,(Lamarck 1819),suspension,attached,mobile,infaunal,0,0,48.0624593627917,16.44182409
102003,Mytilidae,Mytella,maracaibensis,Beauperthuy 1967,suspension,attached,mobile,infaunal,NA,NA,13.4164078649987,4.70289536
102004,Mytilidae,Mytella,speciosa,(Reeve 1857),suspension,attached,mobile,infaunal,0,0,70.4982269280583,12.46477644
102005,Mytilidae,Mytella,strigata,(Hanley 1843),suspension,attached,mobile,infaunal,0,0,53.665631459995,16.23174417
106434,Mytilidae,Mytella,tumbezensis,(Pilsbry & Olsson 1935),suspension,attached,mobile,infaunal,0,0,31.7395652144134,14.49458329
102006,Mytilidae,Mytilaster,lineatus,(Gmelin 1791),suspension,attached,immobile,epifaunal,0,0,17.6776695296637,22.861666644
102007,Mytilidae,Mytilaster,marioni,(Locard 1889),suspension,attached,immobile,epifaunal,0,0,14.324803663576,22.861666644
105976,Mytilidae,Mytilaster,minimus,(Poli 1795),suspension,attached,immobile,epifaunal,0,0,14.6969384566991,16.85326844
102008,Mytilidae,Mytilaster,solidus,(Martin in Monterosato 1872),suspension,attached,immobile,epifaunal,0,0,10.816653826392,23.801666656
102009,Mytilidae,Mytilaster,solisianus,(d'Orbigny 1846),suspension,attached,immobile,epifaunal,0,0,12.6491106406735,18.31326844
102675,Mytilidae,Mytilisepta,keenae,(Nomura 1936),suspension,attached,immobile,epifaunal,0,0,22.547727158186,30.550758502
102676,Mytilidae,Mytilisepta,virgata,(Wiegmann 1837),suspension,attached,immobile,epifaunal,0,0,40.1248052954778,30.419645082
102010,Mytilidae,Mytilus,californianus,Conrad 1837,suspension,attached,immobile,epifaunal,0,0,168.710995492291,28.780501888
102013,Mytilidae,Mytilus,coruscus,Gould 1861,suspension,attached,immobile,epifaunal,0,0,119.498953970317,30.897033972
102015,Mytilidae,Mytilus,edulis,Linnaeus 1758,suspension,attached,immobile,epifaunal,0,0,107.470926301023,31.65166664
102016,Mytilidae,Mytilus,galloprovincialis,Lamarck 1819,suspension,attached,immobile,epifaunal,0,0,128.195163715329,26.725205349
102018,Mytilidae,Mytilus,planulatus,Lamarck 1819,suspension,attached,immobile,epifaunal,0,0,90.8570305479989,17.65218411
111808,Mytilidae,Mytilus,platensis,d'Orbigny 1842,suspension,attached,immobile,epifaunal,0,0,75.9934207678533,28.307727309
102020,Mytilidae,Mytilus,trossulus,Gould 1850,suspension,attached,immobile,epifaunal,0,0,72.1110255092798,27.819918048
102224,Mytilidae,Perna,canaliculus,(Gmelin 1791),suspension,attached,immobile,epifaunal,0,0,123.78206655247,14.513740292
102226,Mytilidae,Perna,perna,(Linnaeus 1758),suspension,attached,immobile,epifaunal,0,0,123.743686707646,30.702929959
102229,Mytilidae,Perna,viridis,(Linnaeus 1758),suspension,attached,immobile,epifaunal,0,0,210.142808585019,22.56142189
100443,Mytilidae,Perumytilus,purpuratus,(Lamarck 1819),suspension,attached,mobile,epifaunal,0,0,34.6410161513775,16.07078949
112838,Mytilidae,Perumytilus,purpuratus,(Lamarck 1819) - South Clade of Trovant et al. 2015,suspension,attached,mobile,epifaunal,0,0,34.6410161513775,20.199724369
100787,Mytilidae,Rhomboidella,canariensis,(Odhner 1932),suspension,attached,immobile,infaunal,2,2,3.01662062579967,9.20017549
102729,Mytilidae,Rhomboidella,capensis,Thiele 1931,suspension,attached,immobile,infaunal,43,43,5.91607978309962,12.0829997
102730,Mytilidae,Rhomboidella,malaccana,Ockelmann 1983,suspension,attached,immobile,infaunal,0.5,0.5,4.06201920231798,11.81152226
102731,Mytilidae,Rhomboidella,obesa,Ockelmann 1983,suspension,attached,immobile,infaunal,15,15,2.7495454169735,9.14050635
101985,Mytilidae,Rhomboidella,perstriata,(Hedley 1906),suspension,attached,immobile,infaunal,31,31,4.06201920231798,6.1525001
102732,Mytilidae,Rhomboidella,prideauxi,(Leach 1815),suspension,attached,immobile,infaunal,0,0,3.93700393700591,26.516515127
100794,Mytilidae,Rhomboidella,radians,(Suter 1908),suspension,attached,immobile,infaunal,45,45,5.01996015920445,12.106406823
112581,Mytilidae,Rhomboidella,rhyllensis,(Gatliff & Gabriel 1912),suspension,attached,immobile,infaunal,11,11,3.3466401061363,10.69990893
105072,Mytilidae,Rhomboidella,rodriguesensis,Oliver & Holmes 2004,suspension,attached,immobile,infaunal,0,0,2.46779253585061,4.56530997
102728,Mytilidae,Rhomboidella,vaillanti,(Issel 1869),suspension,attached,immobile,infaunal,6,6,8.94427190999916,20.31424225
101728,Mytilidae,Rupiphaga,hastasia,Olsson 1961,suspension,attached,immobile,infaunal,0,0,20.2361063448481,13.10606791
102658,Mytilidae,Semimytilus,algosus,(Gould 1850),suspension,attached,immobile,epifaunal,0,0,46.6947534526096,15.82380203
111693,Mytilidae,Semimytilus,pseudocapensis,(Lamy 1931),suspension,attached,immobile,epifaunal,0,0,50.9116882454314,14.8116907
102678,Mytilidae,Septifer,bifurcatus,(Conrad 1837),suspension,attached,immobile,infaunal,0,0,57.9655069847578,20.778391213
102679,Mytilidae,Septifer,bilocularis,(Linnaeus 1758),suspension,attached,immobile,infaunal,0,0,47.5238887297746,29.718333401
112268,Mytilidae,Septifer,cumingii,Recluz 1849,suspension,attached,immobile,infaunal,0,0,9.16515138991168,21.836667063
102682,Mytilidae,Septifer,excisus,(Wiegmann 1837),suspension,attached,immobile,infaunal,0,0,31.3209195267317,32.627575601
105129,Mytilidae,Septifer,forskalii,Dunker 1855,suspension,attached,immobile,infaunal,0,0,14.4913767461894,20.31424225
100462,Mytilidae,Septifer,ramulosus,(Viader 1951),suspension,attached,immobile,infaunal,73,73,8.15475321515004,8.48547056
102684,Mytilidae,Septifer,rudis,"Dall, Bartsch & Rehder 1938",suspension,attached,immobile,infaunal,50,50,62.5243952389785,13.71652453
110597,Mytilidae,Septifer,rufolineatus,(E.A. Smith 1911),suspension,attached,immobile,infaunal,35,35,12.5833222958009,5.19255364
102688,Mytilidae,Septifer,xishaensis,Wang 1983,suspension,attached,immobile,infaunal,0,0,4.38178046004133,5.39942149
102689,Mytilidae,Septifer,ziteki,Hertlein & Strong 1946,suspension,attached,immobile,infaunal,0,0,9.16515138991168,16.44182409
100786,Mytilidae,Solamen,bulla,(Dunker 1857),suspension,attached,immobile,infaunal,NA,NA,9.39148550549912,5.19785862
101844,Mytilidae,Solamen,columbianum,(Dall 1897),suspension,attached,immobile,infaunal,18,18,29.9639783740411,25.334367462
100790,Mytilidae,Solamen,dollfusi,(Dautzenberg 1910),suspension,attached,immobile,infaunal,5,5,8.94427190999916,14.03419073
100792,Mytilidae,Solamen,glandula,(Totten 1834),suspension,attached,immobile,infaunal,1,1,18.4390889145858,28.906176572
102724,Mytilidae,Solamen,leanum,(Dall 1897),suspension,attached,immobile,infaunal,18,18,6.92820323027551,22.708579692
102725,Mytilidae,Solamen,megas,(Dall 1902),suspension,attached,immobile,infaunal,20,20,25.219040425837,17.94966261
112748,Mytilidae,Solamen,persicum,(E.A. Smith 1906),suspension,attached,immobile,infaunal,17,17,10.2761860629321,18.24122648
112626,Mytilidae,Solamen,recens,(Tate 1897),suspension,attached,immobile,infaunal,44,44,17.2162713733259,8.581279888
102727,Mytilidae,Solamen,spectabilis,(A. Adams 1862),suspension,attached,immobile,infaunal,30,30,36.8727541688982,30.550758502
100798,Mytilidae,Solamen,striatissima,"(Sowerby III, 1904)",suspension,attached,immobile,infaunal,20,20,17.8885438199983,17.05499983
102889,Mytilidae,Stavelia,subdistorta,(Recluz 1852),suspension,attached,immobile,epifaunal,3,3,107.121426428143,15.57399379
101729,Mytilidae,Stumpiella,calyculata,(Carpenter 1857),suspension,attached,immobile,infaunal,0,0,10.7238052947636,14.49458329
101730,Mytilidae,Stumpiella,lithura,(Pilsbry 1905),suspension,attached,immobile,infaunal,0,0,23.0651251893416,22.051666787
103418,Mytilidae,Trichomya,hirsuta,(Lamarck 1819),suspension,attached,immobile,epifaunal,0,0,50.3487835006964,27.673133382
103419,Mytilidae,Trichomya,penetectus,Verco 1907,suspension,attached,immobile,epifaunal,12,12,17.7076254760484,11.07138758
104208,Mytilidae,Urumella,concava,Hayami & Kase 1993,suspension,attached,immobile,epifaunal,10,10,1.19582607431014,7.58233372
103527,Mytilidae,Vilasina,decorata,(Adams 1862),suspension,attached,immobile,epifaunal,30,30,4.63680924774785,26.70073595
103528,Mytilidae,Vilasina,pillula,Bartsch in Scarlato 1960,suspension,attached,immobile,epifaunal,1,1,8.94427190999916,26.536967072
103529,Mytilidae,Vilasina,seminuda,(Dall 1897),suspension,attached,immobile,epifaunal,10,10,14.6969384566991,25.249212162
110755,Mytilidae,Vilasina,sinica,(Wang & Qi 1984),suspension,attached,immobile,epifaunal,40,40,4.89897948556636,30.550758502
103530,Mytilidae,Vilasina,vernicosa,(Middendorff 1849),suspension,attached,immobile,epifaunal,1,1,22.6495033058122,16.879386965
111863,Mytilidae,Vulcanidas,insolatus,von Cosel & Marshall 2010,non_suspension,attached,immobile,epifaunal,140,140,128.60404348231,5.88143935
103559,Mytilidae,Xenostrobus,atratus,(Lischke 1871),suspension,attached,immobile,epifaunal,0,0,10.2469507659596,31.201091862
103560,Mytilidae,Xenostrobus,balani,Ockelmann 1983,suspension,attached,immobile,epifaunal,0,0,7.71945593937811,2.51780244
103562,Mytilidae,Xenostrobus,inconstans,(Dunker 1856),suspension,attached,immobile,epifaunal,0,0,18.5580171354593,16.30119296
103563,Mytilidae,Xenostrobus,mangle,(Ockelmann 1983),suspension,attached,immobile,epifaunal,0,0,9.84581129211809,5.71680202
112071,Mytilidae,Xenostrobus,neozelanicus,(Iredale 1915),suspension,attached,immobile,epifaunal,NA,NA,20.291623887703,12.887358372
103564,Mytilidae,Xenostrobus,pulex,(Lamarck 1819),suspension,attached,immobile,epifaunal,0,0,19.0394327646598,18.105999963
100803,Mytilidae,Xenostrobus,sambasensis,(Dautzenberg 1903),suspension,attached,immobile,epifaunal,NA,NA,14.8660687473185,2.4632609
103565,Mytilidae,Xenostrobus,securis,(Lamarck 1819),suspension,attached,immobile,epifaunal,0,0,28.2754310311974,20.953318302
101731,Mytilidae,Zelithophaga,truncata,(Gray 1843),suspension,attached,immobile,infaunal,0,0,27.5590275590413,14.513740292
113033,Neoleptonidae,Bernardina,bakeri,Dall 1910,suspension,attached,mobile,epifaunal,0,0,2.79284800875379,11.67942293
113034,Neoleptonidae,Bernardina,margarita,(Carpenter 1857),suspension,attached,mobile,epifaunal,2,2,2.07846096908265,16.17446967
113025,Neoleptonidae,Lutetina,antarctica,Vélain 1877,suspension,attached,mobile,epifaunal,45,45,2.19374109684803,4.93142855
113019,Neoleptonidae,Micropolia,concentrica,Laseron 1953,suspension,attached,mobile,epifaunal,0,0,1.93390796058137,6.41223532
113020,Neoleptonidae,Micropolia,depressa,Laseron 1953,suspension,attached,mobile,epifaunal,11,11,2.29128784747792,6.41223532
113021,Neoleptonidae,Micropolia,jacksonensis,Laseron 1953,suspension,attached,mobile,epifaunal,11,11,2.14941852602047,6.41223532
113022,Neoleptonidae,Micropolia,ovalis,Laseron 1953,suspension,attached,mobile,epifaunal,55,55,1.83303027798234,15.0455661
113023,Neoleptonidae,Micropolia,profundis,Laseron 1953,suspension,attached,mobile,epifaunal,55,55,2.17944947177034,6.11559123
113024,Neoleptonidae,Micropolia,typica,Laseron 1953,suspension,attached,mobile,epifaunal,55,55,2.03469899493758,6.11559123
112837,Neoleptonidae,Neolepton,amatoi,Zelaya & Ituarte 2004,suspension,attached,mobile,epifaunal,15,15,2.29782505861521,8.850800028
13000,Neoleptonidae,Neolepton,antipodum,(Filhol 1880),suspension,attached,mobile,epifaunal,0,0,3.286335345031,17.845450434
113001,Neoleptonidae,Neolepton,atlanticum,(E. A. Smith 1890),suspension,attached,mobile,epifaunal,9,9,2.73861278752583,15.88575745
112926,Neoleptonidae,Neolepton,benguelensis,Salas & Gofas 1998,suspension,attached,mobile,epifaunal,0,0,1.19582607431014,9.9159918
113002,Neoleptonidae,Neolepton,bonaerense,Zelaya & Ituarte 2004,suspension,attached,mobile,epifaunal,77,77,2.19772609758359,10.97279225
113003,Neoleptonidae,Neolepton,caledonicum,Salas & Gofas 1998,suspension,attached,mobile,epifaunal,0,0,2.81957443597434,5.05350882
113004,Neoleptonidae,Neolepton,cancellatum,Salas & Gofas 1998,suspension,attached,mobile,epifaunal,0,0,1.12782977438973,7.81739949
111786,Neoleptonidae,Neolepton,chaneyi,Coan & Valentich-Scott 2012,suspension,attached,mobile,epifaunal,9,9,2.29128784747792,6.99481993
112736,Neoleptonidae,Neolepton,cobbi,(Cooper & Preston 1910),suspension,attached,mobile,epifaunal,1,1,3.79868398264452,10.455604379
112734,Neoleptonidae,Neolepton,concentricum,(Preston 1912),suspension,attached,mobile,epifaunal,5,5,3.69864840178139,16.450000078
113005,Neoleptonidae,Neolepton,discriminatum,Palazzi & Villari 2001,suspension,attached,mobile,epifaunal,NA,5,0.99498743710662,12.19620701
113006,Neoleptonidae,Neolepton,faberi,van der Linden 2003,suspension,attached,mobile,epifaunal,8,8,1.74355957741627,6.91065784
113007,Neoleptonidae,Neolepton,falklandicum,Dell 1964,suspension,attached,mobile,epifaunal,161,161,2.5377155080899,8.271942579
112995,Neoleptonidae,Neolepton,georgianum,Zelaya & Ituarte 2003,suspension,attached,mobile,epifaunal,94,94,3.0854497241083,3.8502353
113008,Neoleptonidae,Neolepton,guanche,Salas & Gofas 1998,suspension,attached,mobile,epifaunal,0,0,1.99749843554382,6.47424331
112996,Neoleptonidae,Neolepton,holmbergi,Zelaya & Ituarte 2003,suspension,attached,mobile,epifaunal,94,94,2.59229627936314,3.8502353
112735,Neoleptonidae,Neolepton,hupei,Soot-Ryen 1957,suspension,attached,mobile,epifaunal,18,18,5.33104117410474,17.490000069
113009,Neoleptonidae,Neolepton,moolenbeeki,van der Linden 2003,suspension,attached,mobile,epifaunal,98,98,1.6431676725155,5.08762701
113010,Neoleptonidae,Neolepton,peetersae,van der Linden 2003,suspension,attached,mobile,epifaunal,15,15,1.84390889145858,4.94475606
113011,Neoleptonidae,Neolepton,planiliratum,(Gatliff & Gabriel 1911),suspension,attached,mobile,epifaunal,0,0,2.4,16.169750013
112997,Neoleptonidae,Neolepton,powelli,Dell 1964,suspension,attached,mobile,epifaunal,69,69,2.93938769133981,3.739037317
113018,Neoleptonidae,Neolepton,salmonea,(Carpenter 1864),suspension,attached,mobile,epifaunal,0,0,4.58257569495584,21.501113582
113012,Neoleptonidae,Neolepton,sootryeni,Salas & Gofas 1998,suspension,attached,mobile,epifaunal,0,0,2.34520787991171,5.58847684
113013,Neoleptonidae,Neolepton,subtrigonum,(Carpenter 1857),suspension,attached,mobile,epifaunal,0,0,3.91152144312159,22.592020402
113014,Neoleptonidae,Neolepton,sulcatulum,(Jeffreys 1859),suspension,attached,mobile,epifaunal,1,1,2.10713075057055,23.801666656
112998,Neoleptonidae,Neolepton,umbonatum,(E. A. Smith 1885),suspension,attached,mobile,epifaunal,10,10,7.15541752799933,6.094995221
113015,Neoleptonidae,Neolepton,veneris,(Vélain 1877),suspension,attached,mobile,epifaunal,35,35,3.10241841149771,4.93142855
113016,Neoleptonidae,Neolepton,victor,van der Linden 2003,suspension,attached,mobile,epifaunal,0,0,2.54558441227157,4.93813558
113017,Neoleptonidae,Neolepton,yagan,Zelaya & Ituarte 2004,suspension,attached,mobile,epifaunal,19,19,2.4454038521275,27.237138751
113026,Neoleptonidae,Pachykellya,concentrica,Powell 1927,suspension,attached,mobile,epifaunal,18,18,0.894427190999916,8.490787911
113027,Neoleptonidae,Pachykellya,edwardsi,Bernard 1897,suspension,attached,mobile,epifaunal,27,27,1.34164078649987,14.513740292
113052,Neoleptonidae,Pachykellya,fuegiensis,Güller & Zelaya 2022,suspension,attached,mobile,epifaunal,12,12,0.985228399915471,6.48699191
113028,Neoleptonidae,Pachykellya,minima,Powell 1931,suspension,attached,mobile,epifaunal,155,155,0.849764673306675,4.29887698
113029,Neoleptonidae,Pachykellya,rotunda,Powell 1927,suspension,attached,mobile,epifaunal,91,91,1.34164078649987,4.64248038
113030,Neoleptonidae,Puyseguria,chapmani,(Gatliff & Gabriel 1912),suspension,attached,mobile,epifaunal,NA,NA,1.18321595661992,11.70456063
113031,Neoleptonidae,Puyseguria,cuneata,Powell 1927,suspension,attached,mobile,epifaunal,NA,NA,1.45773797371133,3.01839692
113032,Neoleptonidae,Puyseguria,tani,Powell 1939,suspension,attached,mobile,epifaunal,NA,NA,1.24899959967968,3.01839692
100263,Noetiidae,Arcopsis,adamsi,(Dall 1886),suspension,attached,mobile,epifaunal,0,0,13.6747943311773,19.91667863
100264,Noetiidae,Arcopsis,afra,(Gmelin 1791),suspension,attached,mobile,epifaunal,0,0,10.3247275993122,14.03419073
111682,Noetiidae,Arcopsis,sculptilis,(Reeve 1844),suspension,attached,mobile,epifaunal,8,8,13.2476412994918,29.718333401
100267,Noetiidae,Arcopsis,solida,(Sowerby 1833),suspension,attached,mobile,epifaunal,0,0,15.3492670834799,30.153333588
102067,Noetiidae,Congetia,chesneyi,(Oliver & Chesney 1994),suspension,unattached,mobile,infaunal,NA,5,13.5735036007657,20.27306019
102068,Noetiidae,Congetia,congoensis,(Thiele & Jaeckel 1931),suspension,unattached,mobile,infaunal,3,3,12.8452325786651,11.5963716
102070,Noetiidae,Congetia,vivianae,(Oliver 1990),suspension,unattached,mobile,infaunal,NA,5,11.2649900133112,11.68346812
100931,Noetiidae,Didimacar,tenebrica,(Reeve 1844),suspension,attached,immobile,epifaunal,0,0,15.7162336455017,34.40643638
102063,Noetiidae,Eontia,olssoni,(Sheldon & Maury in Maury 1922),suspension,unattached,mobile,infaunal,24,24,28.5306852353742,14.49458329
102064,Noetiidae,Eontia,ponderosa,(Say 1822),suspension,unattached,mobile,infaunal,0,0,70.7539398196313,27.626910143
101141,Noetiidae,Estellacar,galactoides,(Benson 1842),suspension,unattached,mobile,infaunal,0,0,17.2321646928063,31.476604892
101142,Noetiidae,Estellacar,olivacea,(Reeve 1844),suspension,unattached,mobile,infaunal,0,0,30.657788569954,11.73237266
101143,Noetiidae,Estellacar,saga,Iredale 1939,suspension,unattached,mobile,infaunal,50,50,30.5941170815567,12.67250019
102065,Noetiidae,Noetia,magna,MacNeil 1938,suspension,attached,mobile,infaunal,18,18,72.7186358507914,14.49458329
102066,Noetiidae,Noetia,reversa,"(Gray MS, Sowerby I, 1833)",suspension,attached,mobile,infaunal,0,0,62.2735899077611,11.38271289
105099,Noetiidae,Noetiella,pectunculiformis,(Dunker 1866),suspension,unattached,mobile,infaunal,2,2,30.0166620396073,8.73389537
102696,Noetiidae,Sheldonella,bisulcata,(Lamarck 1819),suspension,attached,mobile,epifaunal,0,0,33.436506994601,19.3763564
102698,Noetiidae,Sheldonella,delgada,(Lowe 1935),suspension,attached,mobile,epifaunal,27,27,16.5166582576501,14.49458329
102699,Noetiidae,Sheldonella,lateralis,(Reeve 1844),suspension,attached,mobile,epifaunal,1,1,22.9782505861521,20.31424225
102700,Noetiidae,Sheldonella,minutalis,Oliver & von Cosel 1992b,suspension,attached,mobile,epifaunal,5,5,8.77496438739212,9.49098258
110609,Noetiidae,Spinearca,deliciosa,Iredale 1939,suspension,unattached,mobile,infaunal,67,67,8.94427190999916,4.40127284
103522,Noetiidae,Spinearca,fausta,(Habe 1951),suspension,unattached,mobile,infaunal,30,30,9.38083151964686,28.412257981
103523,Noetiidae,Spinearca,mortenseni,(Lynge 1909),suspension,unattached,mobile,infaunal,36,36,10.3923048454133,14.99863878
102890,Noetiidae,Stenocista,gambiensis,(Reeve 1844),suspension,attached,immobile,infaunal,2,2,29.4618397253125,9.65124968
102892,Noetiidae,Striarca,aceraea,(Mellvill & Standen 1899),suspension,attached,mobile,epifaunal,NA,5,13.1339255365637,11.10464689
102893,Noetiidae,Striarca,erythraea,(Issel 1869),suspension,attached,mobile,epifaunal,1,1,12.8452325786651,17.93957597
102895,Noetiidae,Striarca,lactea,(Linnaeus 1758),suspension,attached,mobile,epifaunal,0,0,15.4919333848297,28.242961288
100266,Noetiidae,Striarca,navicella,(Reeve 1844),suspension,attached,mobile,epifaunal,10,10,6.49153294684699,6.67273801
102896,Noetiidae,Striarca,ornata,(Viader 1951),suspension,attached,mobile,epifaunal,100,100,5.47722557505166,16.32833353
112523,Noetiidae,Striarca,pisolina,(Lamarck 1819),suspension,attached,mobile,epifaunal,0,0,14.2828568570857,14.30897952
102898,Noetiidae,Striarca,symmetrica,(Reeve 1844),suspension,attached,mobile,epifaunal,0,0,14.324803663576,35.130334242
112499,Noetiidae,Striarca,zebuensis,(Reeve 1844),suspension,attached,mobile,epifaunal,67,67,9.54986910905066,3.43826424
112932,Noetiidae,Verilarca,bivia,Iredale 1939,suspension,unattached,mobile,infaunal,20,20,11.9058808997907,21.74860508
103524,Noetiidae,Verilarca,interplicata,(Grabau & King 1928),suspension,unattached,mobile,infaunal,12,12,12.8452325786651,30.550758502
103526,Noetiidae,Verilarca,thielei,(Schenck & Reinhart 1938),suspension,unattached,mobile,infaunal,36,36,18.8300292086869,15.58384638
110293,Nuculanidae,Borissia,inaequisculpta,(Lamy 1906),non_suspension,unattached,mobile,infaunal,0,0,9.81070843517429,5.093971292
104888,Nuculanidae,Costanuculana,husamaru,(Nomura 1940),non_suspension,unattached,mobile,infaunal,50,50,13.4461890511773,20.311750146
104935,Nuculanidae,Costatoleda,tuberculata,(E.A. Smith 1871),non_suspension,unattached,mobile,infaunal,2,2,5.65685424949238,8.77333341
105007,Nuculanidae,Costelloleda,costellata,(Sowerby 1833),non_suspension,unattached,mobile,infaunal,15,15,15.5724115023974,16.44182409
105924,Nuculanidae,Costelloleda,egregia,(Guppy 1882),non_suspension,unattached,mobile,infaunal,20,20,22.8035085019828,7.20760924
105006,Nuculanidae,Costelloleda,marella,"Hertlein, Hanna & Strong 1940",non_suspension,unattached,mobile,infaunal,25,25,21.4860419807837,14.16168866
104526,Nuculanidae,Jupiteria,isikela,Kilburn 1994,non_suspension,unattached,mobile,infaunal,43,43,8.3282651254628,7.06508935
104527,Nuculanidae,Jupiteria,oculata,(Iredale 1925),non_suspension,unattached,mobile,infaunal,44,44,14.7309198626562,6.48228326
104933,Nuculanidae,Jupiteria,paucicaelata,(Nickles 1955),non_suspension,unattached,mobile,infaunal,62,62,9.14330356052997,11.5963716
104902,Nuculanidae,Jupiteria,puellata,(Hinds 1843),non_suspension,unattached,mobile,infaunal,5,5,6.26099033699941,6.0319044
104841,Nuculanidae,Ledella,curtior,(Cotton 1930),non_suspension,unattached,mobile,infaunal,132,132,2.81709069786544,12.34666685
104745,Nuculanidae,Ledella,finlayi,(Powell 1935),non_suspension,unattached,mobile,infaunal,115,115,3.61247837363769,12.106406823
104952,Nuculanidae,Ledella,messanensis,"(Seguenza MS, Jeffreys 1870)",non_suspension,unattached,mobile,infaunal,60,60,4.89897948556636,30.058333306
104837,Nuculanidae,Ledella,miliacea,(Hedley 1902),non_suspension,unattached,mobile,infaunal,41,41,3.08220700148449,15.72507166
104483,Nuculanidae,Ledella,spreta,(Thiele in Thiele & Jaeckel 1931),non_suspension,unattached,mobile,infaunal,70,70,2.79642629082191,9.93936754
104523,Nuculanidae,Lembulus,belcheri,(Hinds 1843),non_suspension,unattached,mobile,infaunal,62,62,26.153393661244,11.68766311
104850,Nuculanidae,Lembulus,bicuspidatus,(Gould 1845),non_suspension,unattached,mobile,infaunal,8,8,13.2936074863071,13.77372898
112492,Nuculanidae,Lembulus,decorus,(A. Adams 1856),non_suspension,unattached,mobile,infaunal,70,70,15.4899967721107,17.923248998
104524,Nuculanidae,Lembulus,gemmulata,Sowerby 1904,non_suspension,unattached,mobile,infaunal,43,43,13.4164078649987,6.96977471
104528,Nuculanidae,Lembulus,gruveli,(Nickles 1952),non_suspension,unattached,mobile,infaunal,32,32,6.11146463623901,12.43967933
104918,Nuculanidae,Lembulus,lamellata,(Sowerby III 1904),non_suspension,unattached,mobile,infaunal,86,86,14.8492424049175,7.72632459
104932,Nuculanidae,Lembulus,montagui,(Gray 1825),non_suspension,unattached,mobile,infaunal,8,8,16.2480768092719,9.65124968
105098,Nuculanidae,Lembulus,pella,(Linnaeus 1758),non_suspension,unattached,mobile,infaunal,1,1,11.6189500386223,22.861666644
104908,Nuculanidae,Lembulus,sculpta,(Issel 1869),non_suspension,unattached,mobile,infaunal,NA,NA,5.91607978309962,16.11900418
104517,Nuculanidae,Lembulus,taiwanicus,(Okutani & Lan 1998),non_suspension,unattached,mobile,infaunal,60,60,7.95110055275369,7.26944143
104519,Nuculanidae,Lembulus,wolffi,(Nickles 1955),non_suspension,unattached,mobile,infaunal,10,10,6.43428317685817,6.94925341
104511,Nuculanidae,Microgloma,guilonardi,(Hoeksema 1993),non_suspension,unattached,mobile,infaunal,20,20,0.812403840463596,15.081212832
111781,Nuculanidae,Nuculana,anakena,Raines &  Huber 2012,non_suspension,unattached,mobile,infaunal,20,20,3.18433666561813,5.24500001
105402,Nuculanidae,Nuculana,ensiformis,Scarlato 1981,non_suspension,unattached,mobile,infaunal,150,150,13.7477270848675,16.329997304
105008,Nuculanidae,Nuculana,hamata,(Carpenter 1864),non_suspension,unattached,mobile,infaunal,20,20,8.76356092008266,27.518917949
104881,Nuculanidae,Nuculana,kawamurai,Habe 1961,non_suspension,unattached,mobile,infaunal,100,100,8.19756061276768,20.431200931
104514,Nuculanidae,Nuculana,lanceta,(Boshoff 1968),non_suspension,unattached,mobile,infaunal,100,100,8.57321409974112,5.21651196
104926,Nuculanidae,Nuculana,minuta,(Mueller 1776),non_suspension,unattached,mobile,infaunal,4,4,12.7279220613579,31.65166664
105009,Nuculanidae,Nuculana,navisa,(Dall 1916),non_suspension,unattached,mobile,infaunal,46,46,10.5830052442584,22.638929158
104846,Nuculanidae,Nuculana,neaeriformis,(E. A. Smith 1885),non_suspension,unattached,mobile,infaunal,17,17,3.80381387557278,4.64423589
105401,Nuculanidae,Nuculana,neimanae,Scarlato 1981,non_suspension,unattached,mobile,infaunal,20,20,13.4164078649987,14.815053208
104922,Nuculanidae,Nuculana,pernula,(Mueller 1779),non_suspension,unattached,mobile,infaunal,3,3,25.4558441227157,31.65166664
112905,Nuculanidae,Nuculana,reticulata,(Hinds 1843),non_suspension,unattached,mobile,infaunal,45,45,4.93153120237518,2.94373624
112904,Nuculanidae,Nuculana,sachalinica,Scarlato 1981,non_suspension,unattached,mobile,infaunal,40,40,9.1192104921424,16.421193158
104880,Nuculanidae,Nuculana,sadoensis,(Yokoyama 1926),non_suspension,unattached,mobile,infaunal,30,30,15.556349186104,28.256378772
104893,Nuculanidae,Nuculana,sinensis,(Xu 1984),non_suspension,unattached,mobile,infaunal,60,60,5.04975246918104,26.653133202
104951,Nuculanidae,Nuculana,tenuisulcata,(Couthouy 1838),non_suspension,unattached,mobile,infaunal,1,1,16.583123951777,20.871098572
111642,Nuculanidae,Politoleda,fastidiosa,(A. Adams 1856),non_suspension,unattached,mobile,infaunal,NA,5,16.7570880525227,2.30968767
112493,Nuculanidae,Politoleda,fulgida,(A. Adams 1856),non_suspension,unattached,mobile,infaunal,1,1,7.66224510179621,10.37123303
105010,Nuculanidae,Politoleda,polita,(Sowerby 1833),non_suspension,unattached,mobile,infaunal,8,8,32.4148114293451,10.99642197
104544,Nuculanidae,Poroleda,lanceolata,(Hutton 1885),non_suspension,unattached,mobile,infaunal,9,9,10.6066017177982,14.513740292
104831,Nuculanidae,Poroleda,spathula,Hedley 1915,non_suspension,unattached,mobile,infaunal,46,46,9.61873172512884,14.757433653
105403,Nuculanidae,Poroleda,uschakovi,(Scarlato 1981),non_suspension,unattached,mobile,infaunal,135,135,12.328828005938,18.004589782
104545,Nuculanidae,Propeleda,carpenteri,(Dall 1881),non_suspension,unattached,mobile,infaunal,20,20,7.24568837309472,18.29296124
104549,Nuculanidae,Propeleda,ensicula,(Angas 1877),non_suspension,unattached,mobile,infaunal,17,17,7.81024967590665,14.866104973
104972,Nuculanidae,Propeleda,fortiana,(Esteves 1984),non_suspension,unattached,mobile,infaunal,52,52,7.21110255092798,11.58344025
104985,Nuculanidae,Propeleda,longicaudata,(Thiele 1912),non_suspension,unattached,mobile,infaunal,64,64,16.1245154965971,5.093971292
104548,Nuculanidae,Propeleda,platessa,(Dall 1890),non_suspension,unattached,mobile,infaunal,27,27,5.78575837725704,17.72206152
104550,Nuculanidae,Robaia,robai,(Kuroda 1929),non_suspension,unattached,mobile,infaunal,90,90,13.076696830622,23.81898246
111756,Nuculanidae,Saccella,acapulcensis,(Pilsbry & Lowe 1932),non_suspension,unattached,mobile,infaunal,4,4,11.2689839825958,15.88000044
105017,Nuculanidae,Saccella,acrita,(Dall 1908),non_suspension,unattached,mobile,infaunal,17,17,5.60802995712398,8.52119407
104518,Nuculanidae,Saccella,acuta,(Conrad 1831),non_suspension,unattached,mobile,infaunal,0.3,0.3,10.5683489722851,29.902510216
104540,Nuculanidae,Saccella,bellula,(Adams 1856),non_suspension,unattached,mobile,infaunal,18,18,7.21110255092798,25.240075533
104911,Nuculanidae,Saccella,brookei,(Hanley 1860),non_suspension,unattached,mobile,infaunal,69,69,6.51152823843988,20.31424225
105021,Nuculanidae,Saccella,callimene,(Dall 1908),non_suspension,unattached,mobile,infaunal,183,183,12.7573508221731,3.33092065
105013,Nuculanidae,Saccella,cellulita,(Dall 1896),non_suspension,unattached,mobile,infaunal,30,30,13.2664991614216,16.528050152
104539,Nuculanidae,Saccella,commutata,(Philippi 1844),non_suspension,unattached,mobile,infaunal,18,18,7.54983443527075,23.801666656
104953,Nuculanidae,Saccella,concentrica,(Say 1824),non_suspension,unattached,mobile,infaunal,3,3,13.7477270848675,17.72206152
104538,Nuculanidae,Saccella,confusa,(Hanley 1860),non_suspension,unattached,mobile,infaunal,10,10,12.3207142650092,26.653133202
104844,Nuculanidae,Saccella,corbuloides,(Smith 1885),non_suspension,unattached,mobile,infaunal,15,15,5.40832691319598,9.32468701
110290,Nuculanidae,Saccella,cuneata,(Sowerby 1833),non_suspension,unattached,mobile,infaunal,26,26,8.64580823289529,15.927678111
112750,Nuculanidae,Saccella,cygnea,(Thiele in Thiele & Jaeckel 1931),non_suspension,unattached,mobile,infaunal,NA,5,14.142135623731,2.25529379
104845,Nuculanidae,Saccella,darwini,(E.A. Smith 1884),non_suspension,unattached,mobile,infaunal,7,7,16.7152624867215,13.22500038
105018,Nuculanidae,Saccella,eburnea,(Sowerby 1833),non_suspension,unattached,mobile,infaunal,5,5,12.9614813968157,15.68736911
104940,Nuculanidae,Saccella,elenensis,(Sowerby 1833),non_suspension,unattached,mobile,infaunal,4,4,10.6489436095793,14.34554281
105019,Nuculanidae,Saccella,fastigata,Keen 1958,non_suspension,unattached,mobile,infaunal,9,9,28.8444102037119,14.67843744
104886,Nuculanidae,Saccella,gordonis,(Yokoyama 1920),non_suspension,unattached,mobile,infaunal,15,15,8.25832912882503,30.550758502
104541,Nuculanidae,Saccella,hedleyi,(Fleming 1951),non_suspension,unattached,mobile,infaunal,130,130,6.32455532033676,3.147261056
105016,Nuculanidae,Saccella,hindsii,(Hanley 1860),non_suspension,unattached,mobile,infaunal,16,16,11.8110118110177,14.16168866
104942,Nuculanidae,Saccella,illirica,(Carrozza 1987),non_suspension,unattached,mobile,infaunal,45,45,9.89949493661167,22.861666644
105015,Nuculanidae,Saccella,impar,(Pilsbry & Lowe 1932),non_suspension,unattached,mobile,infaunal,3,3,13.4350288425444,16.44182409
111746,Nuculanidae,Saccella,laeviradius,(Pilsbry & Lowe 1932),non_suspension,unattached,mobile,infaunal,7,7,6,16.03421359
104973,Nuculanidae,Saccella,larranagai,Klappenback & Scarabino 1968,non_suspension,unattached,mobile,infaunal,50,50,3.87298334620742,15.60476919
105022,Nuculanidae,Saccella,lobula,(Dall 1908),non_suspension,unattached,mobile,infaunal,20,20,12.3935467078637,14.49458329
105960,Nuculanidae,Saccella,marella,Weisbord 1964,non_suspension,unattached,mobile,infaunal,20,20,3.55668384875575,4.15742139
104901,Nuculanidae,Saccella,mauritiana,(Sowerby 1833),non_suspension,unattached,mobile,infaunal,10,10,9.16515138991168,15.75297852
100597,Nuculanidae,Saccella,maxwelli,Beu 2006,non_suspension,unattached,mobile,infaunal,15,15,7.79551152907877,14.513740292
112634,Nuculanidae,Saccella,micans,(Hanley in Sowerby II 1860),non_suspension,unattached,mobile,infaunal,22,22,7.05974503788912,3.53863647
104843,Nuculanidae,Saccella,novaeguineensis,(Smith 1885),non_suspension,unattached,mobile,infaunal,5,5,6.96060342211794,7.27078428
105020,Nuculanidae,Saccella,penderi,(Dall & Bartsch 1910),non_suspension,unattached,mobile,infaunal,20,20,12.774975538137,30.589697154
101379,Nuculanidae,Saccella,robsoni,(Prashad 1932),non_suspension,unattached,mobile,infaunal,5,5,5.9464274989274,3.13854848
104887,Nuculanidae,Saccella,sematensis,(Suzuki & Ishizuka 1943),non_suspension,unattached,mobile,infaunal,30,30,8.39047078536121,28.412257981
104516,Nuculanidae,Saccella,takaoensis,(Otuka 1936),non_suspension,unattached,mobile,infaunal,50,50,6.91664658631623,11.60144365
105014,Nuculanidae,Saccella,taphria,(Dall 1896),non_suspension,unattached,mobile,infaunal,10,10,15.2970585407784,12.928958002
104955,Nuculanidae,Saccella,verrilliana,(Dall 1886),non_suspension,unattached,mobile,infaunal,22,22,4.89285192909003,19.43923825
104969,Nuculanidae,Saccella,vitrea,(d'Orbigny in Sagra 1853),non_suspension,unattached,mobile,infaunal,100,100,4.90407993409569,10.86512909
104968,Nuculanidae,Saccella,vulgaris,Pilsbry & Brown 1913,non_suspension,unattached,mobile,infaunal,NA,5,8.69482604771366,3.95129679
104830,Nuculanidae,Saccella,watsoni,(E.A. Smith 1885),non_suspension,unattached,mobile,infaunal,17,17,3.87298334620742,4.64423589
104823,Nuculanidae,Scaeoleda,caloundra,Iredale 1929,non_suspension,unattached,mobile,infaunal,17,17,9.92975326984513,13.01750016
104824,Nuculanidae,Scaeoleda,comita,(Cotton & Godfrey 1938),non_suspension,unattached,mobile,infaunal,71.5,71.5,7.31778655059028,6.91666651
104825,Nuculanidae,Scaeoleda,crassa,(Hinds 1843),non_suspension,unattached,mobile,infaunal,5,5,26.9982406834223,18.105999963
104826,Nuculanidae,Scaeoleda,dasea,(Hedley 1914),non_suspension,unattached,mobile,infaunal,NA,5,6.32455532033676,11.14058801
104827,Nuculanidae,Scaeoleda,dohrni,(Hanley 1861),non_suspension,unattached,mobile,infaunal,17,17,4.69574275274956,16.57552616
104828,Nuculanidae,Scaeoleda,electilis,(Hedley 1915),non_suspension,unattached,mobile,infaunal,3,3,8.48528137423857,11.16404828
104829,Nuculanidae,Scaeoleda,verconis,(Tate 1891),non_suspension,unattached,mobile,infaunal,NA,NA,6.32455532033676,12.34666685
104666,Nuculanidae,Silicula,rouchi,Lamy 1910,non_suspension,unattached,mobile,infaunal,135,135,9.16515138991168,3.562105266
112366,Nuculanidae,Thestyleda,acinacea,Habe 1958,non_suspension,unattached,mobile,infaunal,61,61,9.47100839404126,20.445777931
104900,Nuculanidae,Thestyleda,arai,(Habe 1958),non_suspension,unattached,mobile,infaunal,50,50,5.40832691319598,29.645236195
110746,Nuculanidae,Thestyleda,forticostata,Xu 1991,non_suspension,unattached,mobile,infaunal,108,108,2.9698484809835,3.26380165
104884,Nuculanidae,Thestyleda,soyoae,(Habe 1958),non_suspension,unattached,mobile,infaunal,50,50,7.34846922834953,19.984187066
104883,Nuculanidae,Thestyleda,yokoyamai,(Kuroda 1934),non_suspension,unattached,mobile,infaunal,30,30,7.30410843293006,30.550758502
104645,Nuculidae,Acila,divaricata,(Hinds 1843),non_suspension,unattached,mobile,infaunal,70,70,12.2474487139159,26.653133202
104646,Nuculidae,Acila,mirabilis,(Adams & Reeve 1850),non_suspension,unattached,mobile,infaunal,15,15,25.0459577576902,31.201091862
111632,Nuculidae,Acila,vigila,Schenck 1936,non_suspension,unattached,mobile,infaunal,100,100,37.6425291392595,26.505991552
104638,Nuculidae,Austronucula,australiensis,(Thiele 1930),non_suspension,unattached,mobile,infaunal,1,1,1.89309270771402,19.96500015
104822,Nuculidae,Austronucula,brongersmai,(Bergmans 1978),non_suspension,unattached,mobile,infaunal,3.6,3.6,1.13644181549255,14.615375217
104821,Nuculidae,Austronucula,papuensis,(Bergmans 1978),non_suspension,unattached,mobile,infaunal,7,7,1.29688087348068,7.05711106
104944,Nuculidae,Austronucula,perminima,(Monterosato 1875),non_suspension,unattached,mobile,infaunal,4.5,4.5,1.73205080756888,22.861666644
104658,Nuculidae,Austronucula,schencki,Powell 1939,non_suspension,unattached,mobile,infaunal,91,91,1.07238052947636,14.405666762
104559,Nuculidae,Condylonucula,bicornis,(Gofas & Salas 1996),non_suspension,unattached,mobile,infaunal,0,0,0.844097150806707,6.47424331
105036,Nuculidae,Condylonucula,cynthiae,Moore 1977,non_suspension,unattached,mobile,infaunal,1.5,1.5,0.565685424949238,8.87631942
105035,Nuculidae,Condylonucula,maya,Moore 1977,non_suspension,unattached,mobile,infaunal,2,2,0.470531614240744,3.25237729
104598,Nuculidae,Ennucula,aegeensis,(Forbes 1844),non_suspension,unattached,mobile,infaunal,9,9,7.26085394426854,22.861666644
104599,Nuculidae,Ennucula,astricta,"Iredale, 1931",non_suspension,unattached,mobile,infaunal,NA,NA,8.27042925125413,12.34249995
105023,Nuculidae,Ennucula,colombiana,(Dall 1908),non_suspension,unattached,mobile,infaunal,11,11,8.94427190999916,23.055714474
104891,Nuculidae,Ennucula,convexa,(Sowerby 1833),non_suspension,unattached,mobile,infaunal,1,1,14.142135623731,15.75297852
104924,Nuculidae,Ennucula,corticata,(Moller 1842),non_suspension,unattached,mobile,infaunal,45,45,3.57770876399966,19.106919341
104603,Nuculidae,Ennucula,cumingii,(Hinds 1843),non_suspension,unattached,mobile,infaunal,4,4,24.8897569293073,16.32833353
104604,Nuculidae,Ennucula,cyrenoides,(Kuroda 1929),non_suspension,unattached,mobile,infaunal,50,50,18.5472369909914,28.973846251
104965,Nuculidae,Ennucula,dalmasi,(Dautzenberg 1900),non_suspension,unattached,mobile,infaunal,15,15,5.47722557505166,7.20760924
104939,Nuculidae,Ennucula,decipiens,(Philippi 1844),non_suspension,unattached,mobile,infaunal,50,50,7.37563556583431,22.861666644
104605,Nuculidae,Ennucula,definita,Iredale 1939,non_suspension,unattached,mobile,infaunal,NA,5,11.6189500386223,7.4681035
104564,Nuculidae,Ennucula,delphinodonta,(Mighels & Adams 1842),non_suspension,unattached,mobile,infaunal,17,17,3.24037034920393,31.625195999
104892,Nuculidae,Ennucula,faba,(Xu 1999),non_suspension,unattached,mobile,infaunal,0,0,7.64852927038918,30.550758502
104607,Nuculidae,Ennucula,fragilis,(Thiele 1931),non_suspension,unattached,mobile,infaunal,80,80,11.4017542509914,9.55406048
104996,Nuculidae,Ennucula,georgiana,(Dell 1964),non_suspension,unattached,mobile,infaunal,88,88,11.5464280190888,7.666174009
104982,Nuculidae,Ennucula,grayi,(d'Orbigny 1846),non_suspension,unattached,mobile,infaunal,50,50,16.3095064303001,20.199724369
105026,Nuculidae,Ennucula,interflucta,(Marincovich 1973),non_suspension,unattached,mobile,infaunal,0,0,1.05830052442584,6.01195152
104903,Nuculidae,Ennucula,layardii,(A. Adams 1856),non_suspension,unattached,mobile,infaunal,18,18,8.94427190999916,20.31424225
104608,Nuculidae,Ennucula,linki,(Dall 1916),non_suspension,unattached,mobile,infaunal,45,45,8.66025403784439,30.153333588
104609,Nuculidae,Ennucula,mirifica,(Dall 1907),non_suspension,unattached,mobile,infaunal,50,50,30.5941170815567,28.84240492
104904,Nuculidae,Ennucula,mitralis,(Hinds 1843),non_suspension,unattached,mobile,infaunal,1,1,10.3923048454133,5.66497823
104610,Nuculidae,Ennucula,niponica,(E. A. Smith 1885),non_suspension,unattached,mobile,infaunal,44,44,11.1713920350152,31.476604892
104611,Nuculidae,Ennucula,obliqua,(Lamarck 1819),non_suspension,unattached,mobile,infaunal,5,5,14.543039572249,18.105999963
104613,Nuculidae,Ennucula,orekta,Iredale 1939,non_suspension,unattached,mobile,infaunal,16,16,3.46410161513775,11.35971957
104614,Nuculidae,Ennucula,privigna,Iredale 1939,non_suspension,unattached,mobile,infaunal,1,1,2.85043856274784,10.83824815
104947,Nuculidae,Ennucula,puelcha,(d'Orbigny 1842),non_suspension,unattached,mobile,infaunal,5,5,17.1464281994822,28.047391259
105399,Nuculidae,Ennucula,romboides,(Scarlato 1981),non_suspension,unattached,mobile,infaunal,10,10,11.499565209172,5.067963218
112859,Nuculidae,Ennucula,savatieri,(Rochebrune & Mabille 1889),non_suspension,unattached,mobile,infaunal,141,141,17.1464281994822,8.673823444
100019,Nuculidae,Ennucula,strangei,(A. Adams 1856),non_suspension,unattached,mobile,infaunal,4,4,12.7338132544812,14.405666762
104616,Nuculidae,Ennucula,superba,(Hedley 1902),non_suspension,unattached,mobile,infaunal,30,30,22.5277606521376,14.51304875
112858,Nuculidae,Ennucula,tanneri,(Dall 1908),non_suspension,unattached,mobile,infaunal,112,112,19.2678488679977,6.883047623
104617,Nuculidae,Ennucula,tenuis,(Montagu 1808),non_suspension,unattached,mobile,infaunal,20,20,15.8113883008419,32.45924253
104618,Nuculidae,Ennucula,teramachii,Habe 1958,non_suspension,unattached,mobile,infaunal,5,5,4.58257569495584,18.986936917
104910,Nuculidae,Lamellinucula,consentanea,(Melvill & Standen 1907),non_suspension,unattached,mobile,infaunal,73,73,5.70087712549569,10.84960927
104930,Nuculidae,Lamellinucula,crassicostata,(E.A. Smith 1871),non_suspension,unattached,mobile,infaunal,30,30,4.84767985741633,12.43967933
104561,Nuculidae,Lamellinucula,crenulata,(A. Adams 1856),non_suspension,unattached,mobile,infaunal,55,55,9.48683298050514,19.91667863
104583,Nuculidae,Lamellinucula,dorsocrenata,(Habe 1977),non_suspension,unattached,mobile,infaunal,100,100,3.44093010681705,14.52997096
104593,Nuculidae,Lamellinucula,dunedinensis,(Finlay 1928),non_suspension,unattached,mobile,infaunal,5,5,1.89736659610103,12.887358372
104584,Nuculidae,Lamellinucula,exigua,(Sowerby 1833),non_suspension,unattached,mobile,infaunal,10,10,5.47722557505166,17.94966261
104585,Nuculidae,Lamellinucula,gemmulata,(Habe 1953),non_suspension,unattached,mobile,infaunal,50,50,5.63914887194867,20.254444647
104586,Nuculidae,Lamellinucula,irregularis,Sowerby 1904,non_suspension,unattached,mobile,infaunal,43,43,8,7.06508935
112144,Nuculidae,Lamellinucula,kanekoi,Mimoto 2011,non_suspension,unattached,mobile,infaunal,NA,NA,1.79722007556114,10.29028037
104913,Nuculidae,Lamellinucula,marmorea,(Hinds 1843),non_suspension,unattached,mobile,infaunal,31,31,4.89897948556636,5.66497823
104588,Nuculidae,Lamellinucula,rhytidopleura,Kilburn 1999,non_suspension,unattached,mobile,infaunal,68,68,7.49733285909062,7.06508935
104581,Nuculidae,Lamellinucula,rossiana,(Finlay 1930),non_suspension,unattached,mobile,infaunal,0,0,5.33104117410474,4.29887698
104566,Nuculidae,Lamellinucula,rugulosa,(Sowerby 1833),non_suspension,unattached,mobile,infaunal,73,73,6.92820323027551,12.75146168
105025,Nuculidae,Lamellinucula,schencki,(Hertlein & Strong 1940),non_suspension,unattached,mobile,infaunal,10,10,2,16.44182409
104589,Nuculidae,Lamellinucula,sculpturata,(Sowerby 1904),non_suspension,unattached,mobile,infaunal,43,43,11.8321595661992,7.06508935
111691,Nuculidae,Lamellinucula,semiornata,(d'Orbigny 1842),non_suspension,unattached,mobile,infaunal,5,5,7,23.766336399
104591,Nuculidae,Lamellinucula,sultana,(Thiele 1931),non_suspension,unattached,mobile,infaunal,1,1,15.9687194226713,9.55406048
104592,Nuculidae,Lamellinucula,tamatavica,(Odhner 1943),non_suspension,unattached,mobile,infaunal,0.1,0.1,21.7944947177034,11.82500057
104852,Nuculidae,Lamellinucula,tokyoensis,Yokoyama 1920,non_suspension,unattached,mobile,infaunal,100,100,5.91607978309962,28.973846251
104635,Nuculidae,Lamellinucula,torresi,(E. A. Smith 1885),non_suspension,unattached,mobile,infaunal,44,44,3.64691650576209,14.1122956
105027,Nuculidae,Linucula,declivis,(Hinds 1843),non_suspension,unattached,mobile,infaunal,5,5,4.17731971484108,16.44182409
104578,Nuculidae,Linucula,hartvigiana,(Pfeiffer in Dhorn 1864),non_suspension,unattached,mobile,infaunal,0,0,7.48331477354788,14.689980884
104977,Nuculidae,Linucula,pisum,(Sowerby 1833),non_suspension,unattached,mobile,infaunal,1,1,6.5665820637528,19.392818302
104818,Nuculidae,Nucula,beachportensis,Verco 1907,non_suspension,unattached,mobile,infaunal,73,73,5.72999127398987,17.831666763
104976,Nuculidae,Nucula,brasiliana,Esteves 1984,non_suspension,unattached,mobile,infaunal,20,20,1,7.4572683
104962,Nuculidae,Nucula,calcicola,Moore 1977,non_suspension,unattached,mobile,infaunal,0,0,1.68819430161341,17.54340922
104579,Nuculidae,Nucula,certisinus,Finlay 1930,non_suspension,unattached,mobile,infaunal,22,22,1.69705627484771,12.106406823
104929,Nuculidae,Nucula,crassidens,Nickles 1955,non_suspension,unattached,mobile,infaunal,27,27,4.93558507170123,8.3112495
112142,Nuculidae,Nucula,crystallina,Poppe et al. 2015,non_suspension,unattached,mobile,infaunal,120,120,10.1291658096805,2.9951351
104987,Nuculidae,Nucula,falklandica,Preston 1912,non_suspension,unattached,mobile,infaunal,127,127,4.58257569495584,14.094508862
104570,Nuculidae,Nucula,hanleyi,Winckworth 1931,non_suspension,unattached,mobile,infaunal,5,5,13.4164078649987,28.684298226
105034,Nuculidae,Nucula,hawaiensis,Pilsbry 1921,non_suspension,unattached,mobile,infaunal,10,10,2.44948974278318,8.75725774
104907,Nuculidae,Nucula,inconspicua,H. Adams 1871,non_suspension,unattached,mobile,infaunal,23,23,3.89871773792359,13.12343975
104640,Nuculidae,Nucula,insignis,(Hayami & Kase 1993),non_suspension,unattached,mobile,infaunal,7,7,1.98997487421324,8.32806473
104108,Nuculidae,Nucula,kerguelensis,Thiele 1912,non_suspension,unattached,mobile,infaunal,30,30,1.6431676725155,6.094995221
104572,Nuculidae,Nucula,malabarica,Hanley 1860,non_suspension,unattached,mobile,infaunal,NA,NA,3.36749164809655,9.6962391
111858,Nuculidae,Nucula,mariae,Nolf 2005,non_suspension,unattached,mobile,infaunal,100,100,24.1178357237958,10.61902446
104637,Nuculidae,Nucula,mayi,(Iredale 1930),non_suspension,unattached,mobile,infaunal,14,14,1.59549365401433,16.169750013
104643,Nuculidae,Nucula,mesembrina,(Hedley 1916),non_suspension,unattached,mobile,infaunal,16,16,1.93390796058137,3.739037317
104931,Nuculidae,Nucula,nicklesi,Cosel 1995,non_suspension,unattached,mobile,infaunal,35,35,3.57770876399966,13.57905466
104565,Nuculidae,Nucula,nitidosa,Winckworth 1930,non_suspension,unattached,mobile,infaunal,7,7,12.4422666745252,28.988218366
104577,Nuculidae,Nucula,nitidula,Adams 1856,non_suspension,unattached,mobile,infaunal,2,2,8,14.513740292
104567,Nuculidae,Nucula,nucleus,(Linnaeus 1767),non_suspension,unattached,mobile,infaunal,4,4,10.8443533693808,30.547952356
112651,Nuculidae,Nucula,nucleus-South_Africa,of Thiele & Jaeckel 1931,non_suspension,unattached,mobile,infaunal,40,40,12.0299625934581,14.96214859
104851,Nuculidae,Nucula,paulula,A. Adams 1856,non_suspension,unattached,mobile,infaunal,30,30,2.62678510731274,31.412586252
106854,Nuculidae,Nucula,pilkeyi,Ward & Blackwelder 1987,non_suspension,unattached,mobile,infaunal,9,9,9.2520268049763,19.73802633
104568,Nuculidae,Nucula,planiculmen,Kilburn 1999,non_suspension,unattached,mobile,infaunal,0,0,2.42383992870816,12.03082711
104569,Nuculidae,Nucula,proxima,Say 1822,non_suspension,unattached,mobile,infaunal,0,0,9.1214034007931,31.09807586
104634,Nuculidae,Nucula,pusilla,Angas 1877,non_suspension,unattached,mobile,infaunal,1,1,4.18927201313068,17.747941233
104819,Nuculidae,Nucula,revei,Bergmans 1978,non_suspension,unattached,mobile,infaunal,1,1,1.23854753643128,6.41223532
104639,Nuculidae,Nucula,saltator,(Iredale 1939),non_suspension,unattached,mobile,infaunal,16,16,1.71970927775598,7.61230577
110759,Nuculidae,Nucula,sericea,Thiele in Thiele & Jaeckel 1931,non_suspension,unattached,mobile,infaunal,3,3,3.1224989991992,4.50280383
104573,Nuculidae,Nucula,subluxa,Kilburn 1999,non_suspension,unattached,mobile,infaunal,NA,5,2.37947473195241,5.35264157
104590,Nuculidae,Nucula,sulcata,Bronn 1831,non_suspension,unattached,mobile,infaunal,6,6,19.3390796058137,30.547952356
104574,Nuculidae,Nucula,trigonica,Lan & Lee 2001,non_suspension,unattached,mobile,infaunal,30,30,1.87082869338697,7.01992938
104923,Nuculidae,Nucula,tumidula,Malm 1861,non_suspension,unattached,mobile,infaunal,35,35,7.48331477354788,30.547952356
104641,Nuculidae,Pronucula,bollonsi,Powell 1955,non_suspension,unattached,mobile,infaunal,11,11,2.14476105895272,4.29887698
104820,Nuculidae,Pronucula,covra,Bergmans 1978,non_suspension,unattached,mobile,infaunal,183,183,1.46047937335657,17.831666763
104636,Nuculidae,Pronucula,decorosa,Hedley 1902,non_suspension,unattached,mobile,infaunal,46,46,2.70103683795686,13.90969713
104921,Nuculidae,Pronucula,kermadecensis,Oliver 1915,non_suspension,unattached,mobile,infaunal,1,1,1.58745078663875,5.88143935
112355,Nuculidae,Pronucula,surinamensis,(Altena 1968),non_suspension,unattached,mobile,infaunal,33,33,3.67423461417477,4.308
104653,Nuculidae,Rumptunucula,vincentiana,(Cotton & Godfrey 1938),non_suspension,unattached,mobile,infaunal,27,27,2.26384628453435,16.30119296
104651,Nuculidae,Truncacila,castrensis,(Hinds 1843),non_suspension,unattached,mobile,infaunal,5,5,17.8885438199983,32.546092592
105057,Nuculidae,Truncacila,granulata,(E.A. Smith 1906),non_suspension,unattached,mobile,infaunal,70,70,15.3388395910512,8.08586792
104652,Nuculidae,Truncacila,insignis,(Gould 1861),non_suspension,unattached,mobile,infaunal,5,5,14.8087811787466,28.95006062
104649,Nuculidae,Truncacila,minutoides,Kuroda & Habe 1958,non_suspension,unattached,mobile,infaunal,50,50,1.43457310723434,19.842310606
104656,Nuculidae,Varinucula,gallinacea,(Finlay 1930),non_suspension,unattached,mobile,infaunal,18,18,9.23363417079104,14.513740292
105213,Ostreidae,Alectryonella,plicatula,(Gmelin 1791),suspension,attached,immobile,epifaunal,9,9,99.196774141098,23.38757563
105171,Ostreidae,Anomiostrea,coralliophila,Habe 1975,suspension,attached,immobile,epifaunal,2,2,83,23.34639357
105223,Ostreidae,Booneostrea,subucula,(Jousseaume in Lamy 1925),suspension,attached,immobile,epifaunal,0,0,36.9840506164482,35.164839775
105232,Ostreidae,Crassostrea,angulata,(Lamarck 1819),suspension,attached,immobile,epifaunal,0,0,89.4427190999916,17.0319202
105163,Ostreidae,Crassostrea,ariakensis,(Fujita 1913),suspension,attached,immobile,epifaunal,0,0,232.649951644096,35.130334242
105165,Ostreidae,Crassostrea,belcheri,(Sowerby II 1871),suspension,attached,immobile,epifaunal,0,0,277.301280198992,15.75297852
111909,Ostreidae,Crassostrea,bilineata,(Roeding 1798),suspension,attached,immobile,epifaunal,0,0,67.2309452558864,20.29666668
105169,Ostreidae,Crassostrea,columbiensis,(Hanley 1846),suspension,attached,immobile,epifaunal,0,0,65.1152823843988,16.13182545
111818,Ostreidae,Crassostrea,corteziensis,(Hertlein 1951),suspension,attached,immobile,epifaunal,0,0,202.237484161567,15.88000044
105192,Ostreidae,Crassostrea,cuttackensis,(Newton & Smith 1912),suspension,attached,immobile,epifaunal,0,0,205.060966544099,11.88533389
105177,Ostreidae,Crassostrea,dactylena,(Iredale 1939),suspension,attached,immobile,epifaunal,NA,5,101.921538449927,13.22500038
105190,Ostreidae,Crassostrea,gigas,(Thunberg 1793),suspension,attached,immobile,epifaunal,0,0,340.866542799378,31.992012502
105195,Ostreidae,Crassostrea,hongkongensis,Lam & Morton 2003,suspension,attached,immobile,epifaunal,0,0,140.712472794703,15.30833335
105198,Ostreidae,Crassostrea,lacerata,(Hanley 1846) non Goldfuss,suspension,attached,immobile,epifaunal,NA,NA,47.7493455452533,5.73486945
112097,Ostreidae,Crassostrea,mangle,Amaral & Simone 2014,suspension,attached,immobile,epifaunal,0,0,100.995049383621,18.31326844
105208,Ostreidae,Crassostrea,nippona,(Seki 1934),suspension,attached,immobile,epifaunal,0,0,141.42135623731,30.915016622
105218,Ostreidae,Crassostrea,rhizophorae,(Guilding 1828),suspension,attached,immobile,epifaunal,0,0,112.249721603218,14.50616256
112985,Ostreidae,Crassostrea,saidii,Wong & Sigwart in Sigwart et al. 2021,suspension,attached,immobile,epifaunal,2,2,84.8528137423857,2.48901419
111926,Ostreidae,Crassostrea,sikamea,(Amemiya 1928),suspension,attached,immobile,epifaunal,0,5,58.4403114296972,27.856333237
112168,Ostreidae,Crassostrea,tulipa,(Lamarck 1819),suspension,attached,immobile,epifaunal,30,30,126.33289357883,11.33282406
105229,Ostreidae,Crassostrea,virginica,(Gmelin 1791),suspension,attached,immobile,epifaunal,0,0,244.948974278318,31.415151617
112169,Ostreidae,Crassostrea,zhanjiangensis,Wu et al. 2013,suspension,attached,immobile,epifaunal,0,0,27.9973213004387,12.64317404
112340,Ostreidae,Dendostrea,amara,(Carpenter 1864),suspension,attached,immobile,epifaunal,2,2,34.6987031457949,16.11349055
105174,Ostreidae,Dendostrea,cristata,(Born 1778),suspension,attached,immobile,epifaunal,5,5,70.1427116670007,13.96895066
105184,Ostreidae,Dendostrea,folium,(Linnaeus 1758),suspension,attached,immobile,epifaunal,0,0,88.8256719648098,35.476609712
105186,Ostreidae,Dendostrea,frons,(Linnaeus 1758),suspension,attached,immobile,epifaunal,0,0,72.1650885123825,19.08009618
105219,Ostreidae,Dendostrea,rosacea,(Deshayes 1836),suspension,attached,immobile,epifaunal,0,0,54.3771091544963,35.476609712
105220,Ostreidae,Dendostrea,sandvichensis,(Sowerby in Reeve 1871),suspension,attached,immobile,epifaunal,0,0,67.5869809948632,35.476609712
111675,Ostreidae,Dendostrea,senegalensis,(Gmelin 1791),suspension,attached,immobile,epifaunal,0,0,55.6034171611781,11.5963716
105173,Ostreidae,Lopha,cristagalli,(Linnaeus 1758),suspension,attached,immobile,epifaunal,5,5,150.387632470227,32.627575601
105226,Ostreidae,Lopha,tridacnaeformis,(Cox 1927),suspension,attached,immobile,epifaunal,13.5,13.5,54.7868597384446,10.69358333
112354,Ostreidae,Nanostrea,fluctigera,(Jousseaume in Lamy 1925),suspension,attached,immobile,epifaunal,0,0,50,32.627575601
105161,Ostreidae,Ostrea,angasi,(Sowerby II 1871),suspension,attached,immobile,epifaunal,0,0,179.722007556114,22.599333483
105160,Ostreidae,Ostrea,angelica,(Rochebrune 1895),suspension,attached,immobile,epifaunal,1,1,102.225241501304,17.82958357
105164,Ostreidae,Ostrea,atherstonei,Bullen Newton 1913,suspension,attached,immobile,epifaunal,NA,5,107.470926301023,10.02594953
105167,Ostreidae,Ostrea,chilensis,(Philippi 1845),suspension,attached,immobile,epifaunal,0,0,77.1362431027076,14.513740292
105179,Ostreidae,Ostrea,denselamellosa,Lischke 1869,suspension,attached,immobile,epifaunal,0,0,124.899959967968,31.645737032
105181,Ostreidae,Ostrea,edulis,(Linnaeus 1758),suspension,attached,immobile,epifaunal,0,0,164.289835352039,30.547952356
105187,Ostreidae,Ostrea,futamiensis,Seki 1929,suspension,attached,immobile,epifaunal,NA,NA,35.6089876295297,21.675346795
112101,Ostreidae,Ostrea,imputata,Anton 1838,suspension,attached,immobile,epifaunal,15,15,65.7606265176967,6.62143011
113065,Ostreidae,Ostrea,oleomargarita,"Oliver, Salvi, & Al-Kandari in Salvi et al. 2022",suspension,attached,immobile,epifaunal,0,0,20,20.27306019
105211,Ostreidae,Ostrea,permollis,Sowerby II 1871,suspension,attached,immobile,epifaunal,25,25,72.467923938802,18.90144388
105216,Ostreidae,Ostrea,puelchana,d'Orbigny 1841,suspension,attached,immobile,epifaunal,10,10,64.621977685614,19.949394069
112116,Ostreidae,Ostrea,puelchana of Macsotay,Macsotay & Campos Villarroel 2001,suspension,attached,immobile,epifaunal,0,0,114.564392373896,5.98935403
105159,Ostreidae,Ostreola,algoensis,(Sowerby II 1871),suspension,attached,immobile,epifaunal,10,10,50,8.25831243
105170,Ostreidae,Ostreola,conchaphila,(Carpenter 1857),suspension,attached,immobile,epifaunal,0,0,76.1051903617618,15.88000044
105182,Ostreidae,Ostreola,equestris,(Say 1826),suspension,attached,immobile,epifaunal,0,0,69.8569967862919,28.992631673
111799,Ostreidae,Ostreola,lurida,(Carpenter 1864),suspension,attached,immobile,epifaunal,0,0,46.946778377222,20.390000578
105222,Ostreidae,Ostreola,stentina,(Payraudeau 1826),suspension,attached,immobile,epifaunal,0,0,52.2494019104525,16.33791645
105230,Ostreidae,Ostreola,virescens,(Angas 1868),suspension,attached,immobile,epifaunal,NA,NA,41.5150575092941,14.87685187
105212,Ostreidae,Planostrea,pestigris,(Hanley 1846),suspension,attached,immobile,epifaunal,9,9,105.118980208143,31.49719418
105215,Ostreidae,Pustulostrea,pseudangulata,(Lamy 1930),suspension,attached,immobile,epifaunal,10,10,50.9646936613966,3.7357581
105227,Ostreidae,Pustulostrea,tuberculata,(Lamarck 1804),suspension,attached,immobile,epifaunal,NA,NA,136.747943311773,19.96500015
112703,Ostreidae,Saccostrea,circumsuta,(Gould 1850),suspension,attached,immobile,epifaunal,0,0,65.1152823843988,15.10034795
105175,Ostreidae,Saccostrea,cucullata,(Born 1778),suspension,attached,immobile,epifaunal,0,0,99.3176721434811,22.03177144
112174,Ostreidae,Saccostrea,echinata,(Quoy & Gaimard 1835),suspension,attached,immobile,epifaunal,0,0,143.090880212542,29.718333401
105191,Ostreidae,Saccostrea,glomerata,(Gould 1850),suspension,attached,immobile,epifaunal,0,0,79.0569415042095,22.615000087
105197,Ostreidae,Saccostrea,kegaki,Torigoe & Inaba 1981,suspension,attached,immobile,epifaunal,0,0,54.9745395615097,29.59416276
105202,Ostreidae,Saccostrea,malabonensis,(Faustino 1932),suspension,attached,immobile,epifaunal,0,0,57.9655069847578,7.06048879
105206,Ostreidae,Saccostrea,mordax,(Gould 1850),suspension,attached,immobile,epifaunal,0,0,60,27.673133382
105209,Ostreidae,Saccostrea,palmula,(Carpenter 1857),suspension,attached,immobile,epifaunal,0,0,66.407830863536,16.60851873
112494,Ostreidae,Saccostrea,spathulata,(Lamarck 1819),suspension,attached,immobile,epifaunal,NA,5,129.992307464711,13.20355538
111803,Ostreidae,Saccostrea,tubulifera,(Dall 1914),suspension,attached,immobile,epifaunal,0,0,45,8.92549991
105168,Ostreidae,Striostrea,circumpicta,(Pilsbry 1904),suspension,attached,immobile,epifaunal,0,0,65.9090282131363,31.316092062
105180,Ostreidae,Striostrea,denticulata,(Born 1778),suspension,attached,immobile,epifaunal,0,0,194.525062652605,9.14050635
105203,Ostreidae,Striostrea,margaritacea,(Lamarck 1819),suspension,attached,immobile,epifaunal,1,1,167.332005306815,16.43017863
105214,Ostreidae,Striostrea,prismatica,(Gray 1825),suspension,attached,immobile,epifaunal,0,0,157.162336455017,12.20895835
112983,Ostreidae,Talonostrea,salpinx,Oliver et al. 2021,suspension,attached,immobile,epifaunal,0,0,37.3363094051889,18.83146834
112705,Ostreidae,Talonostrea,talonata,Li & Qi 1994,suspension,attached,immobile,epifaunal,1,1,35.4964786985977,29.721333209
105231,Ostreidae,Teskeyostrea,weberi,(Olsson 1951),suspension,attached,immobile,epifaunal,1,1,24.5580943886125,11.34704559
105204,Ostreidae,Undulostrea,megodon,( Sowerby II 1871),suspension,attached,immobile,epifaunal,0,0,83.0102403321422,17.18226211
111796,Pandoridae,Clidiophora,claviculata,(Carpenter 1856),suspension,unattached,mobile,infaunal,15,15,36.5581728208618,16.44182409
104434,Pandoridae,Clidiophora,cornuta,(C.B. Adams 1852),suspension,unattached,mobile,infaunal,0,0,28.2701255745354,16.96133355
111805,Pandoridae,Clidiophora,dorsorectus,Valentich-Scott & Skoglund 2010,suspension,unattached,mobile,infaunal,20,20,25.6164009962368,15.12387511
104171,Pandoridae,Clidiophora,inornata,Verrill & Bush 1898,suspension,unattached,mobile,infaunal,18,18,14.456832294801,19.297356061
104435,Pandoridae,Foveadens,panamensis,(Dall 1915),suspension,unattached,mobile,infaunal,10,10,20.2039600078796,5.04776312
104431,Pandoridae,Frenamya,arcuata,(Sowerby 1835),suspension,unattached,mobile,infaunal,15,15,42.0356991139674,14.84502491
104350,Pandoridae,Frenamya,aversa,(Hedley 1913),suspension,unattached,mobile,infaunal,5,5,13.6821051011897,20.76552672
104168,Pandoridae,Frenamya,ceylanica,Sowerby 1835,suspension,unattached,mobile,infaunal,30,30,20.4939015319192,23.38757563
112721,Pandoridae,Frenamya,cumingii,Hanley 1861,suspension,unattached,mobile,infaunal,8,8,29.7993288515027,4.64875801
104167,Pandoridae,Frenamya,flexuosa,Sowerby 1820,suspension,unattached,mobile,infaunal,9,9,16.583123951777,20.60368675
104278,Pandoridae,Frenamya,patula,Tate 1888,suspension,unattached,mobile,infaunal,5,5,17.4284250579334,12.34666685
104436,Pandoridae,Frenamya,radians,(Dall 1915),suspension,unattached,mobile,infaunal,4,4,18.132843130629,14.84502491
104351,Pandoridae,Frenamya,sinica,Fengshen 1992,suspension,unattached,mobile,infaunal,9,9,9.23038460737146,28.698333221
104191,Pandoridae,Heteroclidus,pulchellus,(Yokoyama 1926),suspension,unattached,mobile,infaunal,5,5,42.2084114839685,27.127537822
104190,Pandoridae,Heteroclidus,punctata,Conrad 1837,suspension,unattached,mobile,infaunal,2,2,37.5499667110372,24.803773039
112761,Pandoridae,Pandora,albida,(Roeding 1798),suspension,unattached,mobile,infaunal,0,0,28.6207966346152,18.856140522
104437,Pandoridae,Pandora,brevifrons,Sowerby 1835,suspension,unattached,mobile,infaunal,2,2,14.0712472794703,3.13659583
104344,Pandoridae,Pandora,dissimilis,"Sowerby III, 1894",suspension,unattached,mobile,infaunal,35,35,33.5410196624968,11.68766311
111729,Pandoridae,Pandora,gorii,Rolan & Hernandez 2007,suspension,unattached,mobile,infaunal,30,30,3.64142829120662,8.3112495
104419,Pandoridae,Pandora,inaequivalvis,(Linnaeus 1758),suspension,unattached,mobile,infaunal,0,0,26.6082693913001,14.06074078
104420,Pandoridae,Pandora,pinna,(Montagu 1803),suspension,unattached,mobile,infaunal,15,15,21.8403296678416,28.591666596
111807,Pandoridae,Pandora,rachaelae,Valentich-Scott & Skoglund 2010,suspension,unattached,mobile,infaunal,0,0,9.28331837222014,16.44182409
104438,Pandoridae,Pandora,uncifera,Pilsbry & Lowe 1932,suspension,unattached,mobile,infaunal,5,5,8.68331733843696,15.78059592
104174,Pandoridae,Pandorella,arenosa,Conrad 1834,suspension,unattached,mobile,infaunal,11,11,8.48528137423857,19.91667863
104182,Pandoridae,Pandorella,bilirata,(Conrad 1855),suspension,unattached,mobile,infaunal,15,15,12.2474487139159,25.858806635
104165,Pandoridae,Pandorella,braziliensis,(Sowerby 1874),suspension,unattached,mobile,infaunal,60,60,14.6287388383278,28.047391259
112347,Pandoridae,Pandorella,brevirostris,Güller & Zelaya 2016,suspension,unattached,mobile,infaunal,7,7,12.8300428682059,14.524739477
104175,Pandoridae,Pandorella,bushiana,Dall 1886,suspension,unattached,mobile,infaunal,6,6,16.9558249578132,19.08009618
104189,Pandoridae,Pandorella,carinata,(Prashad 1932),suspension,unattached,mobile,infaunal,30,30,10.6207344378814,27.856333237
104177,Pandoridae,Pandorella,filosa,(Carpenter 1864),suspension,unattached,mobile,infaunal,18,18,19.4422220952236,22.935207145
104184,Pandoridae,Pandorella,glacialis,Leach 1819,suspension,unattached,mobile,infaunal,3,3,25.9826865431579,21.8379221
104169,Pandoridae,Pandorella,gouldiana,(Dall 1886),suspension,unattached,mobile,infaunal,2,2,27.0928034725091,28.962293265
111935,Pandoridae,Pandorella,granulata,(Dall 1915),suspension,unattached,mobile,infaunal,15,15,6.92820323027551,15.88000044
104176,Pandoridae,Pandorella,inflata,Boss & Merrill 1965,suspension,unattached,mobile,infaunal,48,48,12.7279220613579,28.515191293
104424,Pandoridae,Pandorella,oblonga,(Broderip & Sowerby 1830),suspension,unattached,mobile,infaunal,2,2,18.1659021245849,13.69124961
104187,Pandoridae,Pandorella,otukai,(Habe 1952),suspension,unattached,mobile,infaunal,10,10,16.3095064303001,30.550758502
104188,Pandoridae,Pandorella,pseudobilirata,(Nomura & Hatai 1940),suspension,unattached,mobile,infaunal,20,20,14,31.201091862
104432,Pandoridae,Pandorella,radiata,Sowerby 1835,suspension,unattached,mobile,infaunal,20,20,24.396721091163,17.94966261
104433,Pandoridae,Pandorella,rhypis,Pilsbry & Lowe 1932,suspension,unattached,mobile,infaunal,80,80,22.9128784747792,3.45693552
111936,Pandoridae,Pandorella,sarahae,Valentich-Scott & Skoglund 2010,suspension,unattached,mobile,infaunal,2,2,7.82838425219406,15.89988919
104170,Pandoridae,Pandorella,trilineata,(Say 1822),suspension,unattached,mobile,infaunal,1,1,24.1433220580764,27.008117877
104185,Pandoridae,Pandorella,wardiana,A. Adams 1860,suspension,unattached,mobile,infaunal,40,40,47.1487009365051,28.457093398
112432,Parallelodontidae,Kamenevus,platei,(Stempell 1899),suspension,attached,immobile,infaunal,0,0,16.6132477258361,17.773385787
104192,Parilimyidae,Panacca,arata,(Verrill & Smith 1881),non_suspension,unattached,mobile,infaunal,130,130,32.310988842807,17.959603966
104193,Parilimyidae,Panacca,chilensis,Coan 2000,non_suspension,unattached,mobile,infaunal,130,130,15.4045447839266,5.9077063
104197,Parilimyidae,Panacca,tasmanica,(Hedley & May 1914),non_suspension,unattached,mobile,infaunal,91,91,22.6097324177001,14.981000183
104201,Parilimyidae,Parilimya,haddoni,(Melvill & Standen 1899),non_suspension,unattached,mobile,infaunal,9,9,19.3390796058137,3.85272734
104199,Parilimyidae,Parilimya,levicaudata,(Matsukuma 1989),non_suspension,unattached,mobile,infaunal,40,40,49.6336579349135,26.606148157
112470,Parilimyidae,Parilimya,neozelanica,(Suter 1914),non_suspension,unattached,mobile,infaunal,40,40,36.3318042491699,14.513740292
104204,Parilimyidae,Parilimya,pacifica,Dall 1907,non_suspension,unattached,mobile,infaunal,50,50,39.4588393138977,30.585264035
100085,Pectinidae,Adamussium,colbecki,(E.A. Smith 1902),suspension,unattached,mobile,epifaunal,4,4,118.338497539896,3.562105266
112907,Pectinidae,Aequipecten,atlanticus,(E.A. Smith 1890),suspension,attached,mobile,epifaunal,NA,NA,31.4960314960472,3.6200002
100099,Pectinidae,Aequipecten,commutatus,(Monterosato 1875),suspension,attached,mobile,epifaunal,15,15,36.9350781777973,22.861666644
100100,Pectinidae,Aequipecten,flabellum,(Gmelin 1791),suspension,attached,mobile,epifaunal,1,1,74.1026315322202,12.43967933
100101,Pectinidae,Aequipecten,glyptus,(Verrill 1882),suspension,attached,mobile,epifaunal,150,150,78.1415382495123,29.723857916
100104,Pectinidae,Aequipecten,nicklesi,Dijkstra 1998,suspension,attached,mobile,epifaunal,3,3,20.6058244193238,9.17199996
100105,Pectinidae,Aequipecten,opercularis,(Linnaeus 1758),suspension,attached,mobile,epifaunal,2,2,100.345503137908,30.547952356
101656,Pectinidae,Aequipecten,tehuelchus,(d'Orbigny 1846),suspension,attached,mobile,epifaunal,10,10,98.8326869006403,27.616200028
100124,Pectinidae,Amusium,pleuronectes,(Linnaeus 1758),suspension,unattached,mobile,epifaunal,10,10,98.9949493661167,18.83936288
112324,Pectinidae,Anguipecten,gregoryi,"Dall, Bartsch & Rehder 1938",suspension,attached,mobile,epifaunal,30,30,55.4436651025164,3.43599318
100217,Pectinidae,Anguipecten,lamberti,"(Souverbie in Souverbie & Montrouzier, 1874)",suspension,attached,mobile,epifaunal,60,60,70.971825395716,7.85068137
100471,Pectinidae,Anguipecten,pacificus,Dijkstra 2002,suspension,attached,mobile,epifaunal,100,100,55.3172667437573,6.15060614
100218,Pectinidae,Anguipecten,picturatus,Dijkstra 1995,suspension,attached,mobile,epifaunal,2,2,48.1144468948776,18.83936288
112003,Pectinidae,Anguipecten,simoneae,Morrison & Whisson 2009,suspension,attached,mobile,epifaunal,104,104,34.3400640651703,5.67713305
100219,Pectinidae,Anguipecten,superbus,(Sowerby II in Reeve 1842),suspension,attached,mobile,epifaunal,0,0,74.3579854487734,23.238447042
100220,Pectinidae,Annachlamys,flabellata,(Lamarck 1819),suspension,attached,mobile,epifaunal,3.5,3.5,95.6327349812814,19.96500015
100221,Pectinidae,Annachlamys,iredalei,(Powell 1958),suspension,attached,mobile,epifaunal,15,15,79.6084166404533,10.52224239
100222,Pectinidae,Annachlamys,kuhnholtzi,(Bernardi 1860),suspension,attached,mobile,epifaunal,4,4,96.6953980290686,11.75638642
100224,Pectinidae,Annachlamys,reevei,(Adams & Reeve 1850),suspension,attached,mobile,epifaunal,10,10,62.6501396646488,21.578020947
110320,Pectinidae,Annachlamys,striatula,(Linnaeus 1758),suspension,attached,mobile,epifaunal,0,0,71.0710911693355,17.47656537
100466,Pectinidae,Antillipecten,antillarum,(Recluz 1853),suspension,attached,mobile,epifaunal,0,0,35.4398081258914,11.69689402
100276,Pectinidae,Argopecten,gibbus,(Linnaeus 1758),suspension,unattached,mobile,epifaunal,0,0,87.7304964080336,26.232600762
112092,Pectinidae,Argopecten,irradians amplicostatus,(Dall 1898),suspension,unattached,mobile,epifaunal,1,1,76.4852927038918,15.03972677
106457,Pectinidae,Argopecten,irradians concentricus,(Say 1822),suspension,unattached,mobile,epifaunal,0.3,0.3,91.9273626294152,28.896059113
100278,Pectinidae,Argopecten,irradians irradians,(Lamarck 1819),suspension,unattached,mobile,epifaunal,1,1,98.3829761696606,23.840840241
100103,Pectinidae,Argopecten,lineolaris,(Lamarck 1819),suspension,unattached,mobile,epifaunal,12,12,46.9893604978829,15.31819783
100279,Pectinidae,Argopecten,noronhensis,(E. A. Smith 1885),suspension,unattached,mobile,epifaunal,20,20,28,11.20980309
100280,Pectinidae,Argopecten,nucleus,(Born 1778),suspension,unattached,mobile,epifaunal,0,0,47.6487145681812,15.31819783
100281,Pectinidae,Argopecten,purpuratus,(Lamarck 1819),suspension,unattached,mobile,epifaunal,0,0,157.139110344942,12.80689511
100282,Pectinidae,Argopecten,ventricosus,"(Sowerby II, 1842)",suspension,unattached,mobile,epifaunal,1,1,112.376465507685,18.67915172
105968,Pectinidae,Austrochlamys,natans,"(Philippi, 1845)",suspension,attached,mobile,epifaunal,15,15,103.910923391143,17.490000069
100465,Pectinidae,Bractechlamys,adorabilis,Dijkstra & Roussy 1994,suspension,attached,mobile,epifaunal,7,7,26.9464283347534,1.98599994
102060,Pectinidae,Bractechlamys,corallinoides,(d'Orbigny in Webb & Berthelot 1839),suspension,attached,mobile,epifaunal,3,3,54.199907748999,14.01347181
100468,Pectinidae,Bractechlamys,langfordi,"(Dall, Bartsch & Rehder 1938)",suspension,attached,mobile,epifaunal,10,10,35,3.59198342
100469,Pectinidae,Bractechlamys,nodulifera,(Sowerby 1842),suspension,attached,mobile,epifaunal,2,2,57.8100337311785,20.60368675
100470,Pectinidae,Bractechlamys,oweni,(De Gregorio 1884),suspension,attached,mobile,epifaunal,5,5,37.4891984443519,23.238447042
100473,Pectinidae,Bractechlamys,vexillum,(Reeve 1853),suspension,attached,mobile,epifaunal,1,1,74,11.81152226
100591,Pectinidae,Caribachlamys,mildredae,(Bayer 1941),suspension,attached,immobile,epifaunal,1,1,56.6568618968612,10.65681812
100592,Pectinidae,Caribachlamys,ornata,(Lamarck 1819),suspension,attached,immobile,epifaunal,1,1,40.6168684169521,11.87554632
103106,Pectinidae,Caribachlamys,pellucens,(Linnaeus 1758),suspension,attached,immobile,epifaunal,0,0,65.3907485811257,11.87554632
100593,Pectinidae,Caribachlamys,sentis,(Reeve 1853),suspension,attached,immobile,epifaunal,0,0,52.9376992322107,19.28389474
100642,Pectinidae,Chlamys,albida,"(""Dall"" Arnold 1906)",suspension,attached,immobile,epifaunal,36,36,90.4322951162913,22.830805518
100643,Pectinidae,Chlamys,behringiana,(Middendorff 1849),suspension,attached,immobile,epifaunal,24,24,96.4322560142611,22.824139018
100645,Pectinidae,Chlamys,chosenica,(Kuroda 1932),suspension,attached,immobile,epifaunal,13,13,79.4606821012757,26.093024984
100650,Pectinidae,Chlamys,hastata,(Sowerby II 1842),suspension,attached,immobile,epifaunal,0,0,88.9100669215809,22.638929158
100651,Pectinidae,Chlamys,islandica,(Mueller 1776),suspension,attached,immobile,epifaunal,7,7,135.735036007657,28.97249998
100659,Pectinidae,Chlamys,rubida,(Hinds 1845),suspension,attached,immobile,epifaunal,1,1,83.3978416986915,25.334367462
100708,Pectinidae,Complicachlamys,wardiana,Iredale 1939,suspension,attached,immobile,epifaunal,0,0,54.7722557505166,13.6316665
100920,Pectinidae,Comptopallium,radula,(Linnaeus 1758),suspension,attached,mobile,epifaunal,0,0,115.412304370028,20.56606779
100743,Pectinidae,Coralichlamys,madreporarum,(Sowerby 1842),suspension,attached,mobile,infaunal,0,0,26.7207784317748,23.38757563
100774,Pectinidae,Crassadoma,gigantea,(Gray 1825),suspension,attached,immobile,epifaunal,0,0,246.591970672202,32.547854088
100805,Pectinidae,Cryptopecten,bernardi,(Philippi 1851),suspension,attached,mobile,epifaunal,20,20,24.4948974278318,15.20972919
100806,Pectinidae,Cryptopecten,bullatus,(Dautzenberg & Bavay 1912),suspension,attached,mobile,epifaunal,50,50,27.9284800875379,29.718333401
100807,Pectinidae,Cryptopecten,nux,(Reeve 1853),suspension,attached,mobile,epifaunal,13,13,20,32.627575601
100808,Pectinidae,Cryptopecten,phrygium,(Dall 1886),suspension,attached,mobile,epifaunal,60,60,53.5940295182215,29.588752939
100809,Pectinidae,Cryptopecten,vesiculosus,(Dunker 1877),suspension,attached,mobile,epifaunal,50,50,37.0987870421662,28.489069841
100917,Pectinidae,Decatopecten,amiculum,(Philippi 1851),suspension,attached,mobile,epifaunal,0,0,72.5966252659172,32.627575601
100919,Pectinidae,Decatopecten,plica,(Linnaeus 1758),suspension,attached,mobile,epifaunal,0,0,54.3139024560011,34.40643638
105083,Pectinidae,Decatopecten,strangei,(Reeve 1852),suspension,attached,mobile,epifaunal,10,10,48.8364617882991,13.6316665
100923,Pectinidae,Delectopecten,alcocki,(E.A. Smith 1904),suspension,attached,mobile,epifaunal,40,40,21,5.75386346
100924,Pectinidae,Delectopecten,macrocheiricola,(Habe 1951),suspension,attached,mobile,epifaunal,140,140,25,29.389649237
100925,Pectinidae,Delectopecten,musorstomi,Poutiers 1981,suspension,attached,mobile,epifaunal,37,37,6.1,19.51507565
100927,Pectinidae,Delectopecten,vancouverensis,(Whiteaves 1893),suspension,attached,mobile,epifaunal,27,27,45,25.334367462
100928,Pectinidae,Delectopecten,vitreus,(Gmelin 1791),suspension,attached,mobile,epifaunal,30,30,25,31.143377869
100929,Pectinidae,Delectopecten,zacae,(Hertlein 1935),suspension,attached,mobile,epifaunal,10,10,26,16.96133355
100930,Pectinidae,Dentamussium,obliteratum,(Linnaeus 1758),suspension,unattached,mobile,epifaunal,1,1,69,10.8087798
101129,Pectinidae,Equichlamys,bifrons,(Lamarck 1819),suspension,unattached,mobile,epifaunal,1,1,132.476412994918,14.585367893
102177,Pectinidae,Euvola,chazaliei,(Dautzenberg 1900),suspension,unattached,mobile,infaunal,12,12,40.7205108022972,18.50060313
102178,Pectinidae,Euvola,galapagensis,(Grau 1959),suspension,unattached,mobile,infaunal,15,15,46.4327470649756,6.99481993
106422,Pectinidae,Euvola,hancocki,(Grau 1959),suspension,unattached,mobile,infaunal,57,57,60.9918027279076,1.76876043
100121,Pectinidae,Euvola,laurentii,(Gmelin 1791),suspension,unattached,mobile,infaunal,9,9,100.980196078241,9.086304
105966,Pectinidae,Euvola,marensis,(Weisbord 1964),suspension,unattached,mobile,infaunal,25,25,86.9482604771366,7.20760924
102181,Pectinidae,Euvola,n.sp. a,Waller 1991,suspension,unattached,mobile,infaunal,NA,NA,78.993670632526,16.93115972
102179,Pectinidae,Euvola,perulus,(Olsson 1961),suspension,unattached,mobile,infaunal,2,2,40.9511904588865,14.49458329
102180,Pectinidae,Euvola,raveneli,(Dall 1898),suspension,unattached,mobile,infaunal,7,7,81.024440757095,19.91667863
102203,Pectinidae,Euvola,turtoni,(E. A. Smith 1890),suspension,unattached,mobile,infaunal,20,20,32.9848450049413,3.6200002
102182,Pectinidae,Euvola,vogdesi,(Arnold 1906),suspension,unattached,mobile,infaunal,0,0,111.888337193829,17.94966261
102183,Pectinidae,Euvola,ziczac,(Linnaeus 1758),suspension,unattached,mobile,infaunal,1,1,118.219203177826,19.08009618
101152,Pectinidae,Excellichlamys,histrionica,(Gmelin 1791),suspension,attached,mobile,epifaunal,1,1,38.9871773792359,23.086991885
101153,Pectinidae,Excellichlamys,sowerbyi,Dijkstra 1998,suspension,attached,mobile,epifaunal,20,20,23.9791576165636,8.67610629
101154,Pectinidae,Excellichlamys,spectabilis,(Reeve 1853),suspension,attached,mobile,epifaunal,0,0,44,32.627575601
101175,Pectinidae,Flexopecten,felipponei,(Dall 1922),suspension,attached,mobile,epifaunal,40,40,86.9212862307042,19.689058019
101176,Pectinidae,Flexopecten,flexuosa,(Poli 1795),suspension,attached,mobile,epifaunal,17,17,51.4975727583349,22.861666644
101177,Pectinidae,Flexopecten,glaber,(Linnaeus 1758),suspension,attached,mobile,epifaunal,1,1,87.8749110952609,22.861666644
101689,Pectinidae,Flexopecten,hyalinus,(Poli 1795),suspension,attached,mobile,epifaunal,18,18,29.4234600276718,23.801666656
101334,Pectinidae,Glorichlamys,elegans,(Wang 1983),suspension,attached,mobile,epifaunal,0,0,11.9415241908225,6.95620939
101335,Pectinidae,Glorichlamys,elegantissima,(Deshayes in Maillard 1863),suspension,attached,mobile,epifaunal,5,5,19.0262975904404,16.80157899
101336,Pectinidae,Glorichlamys,quadrilirata,(Lischke 1868),suspension,attached,mobile,epifaunal,40,40,22.8035085019828,32.882575626
101337,Pectinidae,Gloripallium,maculosum,(Gmelin 1791),suspension,attached,mobile,epifaunal,4,4,60.7601843315176,16.4720005
101338,Pectinidae,Gloripallium,pallium,(Linnaeus 1758),suspension,attached,mobile,epifaunal,1,1,107.089495283151,32.627575601
112014,Pectinidae,Gloripallium,speciosum,(Reeve 1853),suspension,attached,mobile,epifaunal,10,10,73.9461966567585,31.992012502
110723,Pectinidae,Gloripallium,spiniferum,(Sowerby 1835),suspension,attached,mobile,epifaunal,10,10,42.6485638679663,6.40259105
101433,Pectinidae,Haumea,loxoides,(Sowerby 1882),suspension,attached,mobile,epifaunal,8,8,29.1890390386528,3.43599318
101434,Pectinidae,Haumea,minuta,(Linnaeus 1758),suspension,attached,mobile,epifaunal,3,3,38.8747990348503,22.445833244
101435,Pectinidae,Haumea,rehderi,(Grau 1960),suspension,attached,mobile,epifaunal,0,0,10,13.52833334
100904,Pectinidae,Hemipecten,forbesianus,Adams & Reeve 1849,suspension,attached,immobile,epifaunal,0,0,42.6614580154031,23.238447042
101474,Pectinidae,Hinnites,corallinus,(Sowerby I 1827),suspension,attached,immobile,epifaunal,1,1,159.687194226713,11.9441647
101525,Pectinidae,Juxtamusium,coudeini,(Bavay 1903),suspension,attached,mobile,epifaunal,6,6,30.9838667696593,11.64120938
101526,Pectinidae,Juxtamusium,maldivense,(E. A. Smith 1903),suspension,attached,mobile,epifaunal,2,2,33.4140688932072,32.627575601
102520,Pectinidae,Karnekampia,sulcata,(Mueller 1776),suspension,attached,immobile,epifaunal,100,100,27.9821371592664,30.547952356
101560,Pectinidae,Laevichlamys,aliae,(Dijkstra 1988),suspension,attached,immobile,epifaunal,30,30,40.1026183683809,4.30561988
112325,Pectinidae,Laevichlamys,allorenti,(Dijkstra 1988),suspension,attached,immobile,epifaunal,40,40,8,4.68885731
101561,Pectinidae,Laevichlamys,andamanica,(Preston 1908),suspension,attached,immobile,epifaunal,1.5,1.5,28.0356915377524,18.24122648
112330,Pectinidae,Laevichlamys,boninensis,(Dijkstra & Matsukuma 1993),suspension,attached,immobile,epifaunal,1,1,46.0977222864644,7.52650339
112326,Pectinidae,Laevichlamys,cookei,"(Dall, Bartsch & Rehder 1938)",suspension,attached,immobile,epifaunal,1,1,30.3189709587908,3.59198342
101562,Pectinidae,Laevichlamys,cuneata,(Reeve 1853),suspension,attached,immobile,epifaunal,0,0,37.7888872553824,28.876333417
101564,Pectinidae,Laevichlamys,deliciosa,(Iredale 1939),suspension,attached,immobile,epifaunal,10,10,22.9128784747792,22.051666787
104067,Pectinidae,Laevichlamys,kauaiensis,"(Dall, Bartsch & Rehder 1938)",suspension,attached,immobile,epifaunal,65,65,6.14979674460872,10.54035522
101569,Pectinidae,Laevichlamys,limatula,(Reeve 1853),suspension,attached,immobile,epifaunal,2,2,28.4604989415154,13.71609799
101570,Pectinidae,Laevichlamys,mollita,(Reeve 1853),suspension,attached,immobile,epifaunal,2,2,58.1850496261712,13.22500038
101571,Pectinidae,Laevichlamys,multisqualida,Dijkstra 1994,suspension,attached,immobile,epifaunal,50,50,32.9393381840012,3.71746567
101572,Pectinidae,Laevichlamys,multisquamata,(Dunker 1864),suspension,attached,immobile,epifaunal,20,20,73.4166193719106,17.72206152
101573,Pectinidae,Laevichlamys,rubromaculata,(Sowerby II 1842),suspension,attached,immobile,epifaunal,2,2,38.6660057414779,11.70944459
101574,Pectinidae,Laevichlamys,ruschenbergerii,(Tryon 1870),suspension,attached,immobile,epifaunal,1,1,104.64798134699,20.31424225
101575,Pectinidae,Laevichlamys,squamosa,(Gmelin 1791),suspension,attached,immobile,epifaunal,1,1,93.45501591675,27.673133382
101576,Pectinidae,Laevichlamys,superficialis,(Forsskal 1775),suspension,attached,immobile,epifaunal,1,1,79.0635820084064,16.25444501
101577,Pectinidae,Laevichlamys,weberi,(Bavay 1904),suspension,attached,immobile,epifaunal,0,0,27.9284800875379,10.69588757
101578,Pectinidae,Laevichlamys,wilhelminae,(Bavay 1904),suspension,attached,immobile,epifaunal,0,0,32.4037034920393,13.22500038
100322,Pectinidae,Leochlamys,farreri,(Jones & Preston 1904),suspension,attached,mobile,epifaunal,0.5,0.5,110.995495404093,30.550758502
104150,Pectinidae,Leopecten,cocosensis,Waller 2007,suspension,unattached,mobile,epifaunal,86,86,65.4980915752513,1.76876043
101584,Pectinidae,Leopecten,diegensis,(Dall 1898),suspension,unattached,mobile,epifaunal,10,10,160.62378404209,21.068635782
104172,Pectinidae,Leopecten,isabelensis,Waller 2007,suspension,unattached,mobile,epifaunal,18,18,70.971825395716,6.99481993
101585,Pectinidae,Leopecten,sericeus,(Hinds 1845),suspension,unattached,mobile,epifaunal,13,13,103.714994094393,16.44182409
106426,Pectinidae,Leopecten,stillmani,(Dijkstra 1998),suspension,unattached,mobile,epifaunal,55,55,84.5856370786436,14.49458329
101615,Pectinidae,Leptopecten,camerella,(Berry 1957),suspension,attached,immobile,epifaunal,64,64,34.2,15.6626807
101617,Pectinidae,Leptopecten,latiauratus,(Conrad 1837),suspension,attached,immobile,epifaunal,1,1,49.4974746830583,22.707619352
101618,Pectinidae,Leptopecten,linki,(Dall 1926),suspension,attached,immobile,epifaunal,5,5,46.475800154489,7.20760924
101619,Pectinidae,Leptopecten,tumbezensis,(d'Orbigny 1846),suspension,attached,immobile,epifaunal,1,1,42.9534631898291,16.44182409
101654,Pectinidae,Lindapecten,exasperatus,(Sowerby II 1842),suspension,unattached,mobile,epifaunal,10,10,40.7,11.34704559
101655,Pectinidae,Lindapecten,muscosus,(Wood 1828),suspension,unattached,mobile,epifaunal,5,5,67.8952870234746,19.91667863
102517,Pectinidae,Lissochlamis,exoticus,(Dillwyn 1817),suspension,attached,mobile,epifaunal,1,1,41.3448908572752,12.40454379
101832,Pectinidae,Manupecten,pesfelis,(Linnaeus 1758),suspension,attached,mobile,epifaunal,10,10,81.2400763170493,22.861666644
101861,Pectinidae,Mesopeplum,convexum,(Quoy & Gaimard 1835),suspension,unattached,mobile,epifaunal,15,15,69.4896395155422,14.513740292
101862,Pectinidae,Mesopeplum,fenestratum,(Hedley 1901),suspension,unattached,mobile,epifaunal,27,27,52.1775813927783,20.76552672
101872,Pectinidae,Mimachlamys,albolineata,"(Sowerby II, 1842)",suspension,attached,immobile,epifaunal,0,0,37.0610307465942,19.17853385
101873,Pectinidae,Mimachlamys,asperrima,(Lamarck 1819),suspension,attached,immobile,epifaunal,5,5,145.145444296402,17.85648957
101876,Pectinidae,Mimachlamys,cloacata,(Reeve 1853),suspension,attached,immobile,epifaunal,0,0,41.583650633392,29.718333401
101877,Pectinidae,Mimachlamys,crassicostata,(Sowerby II 1842),suspension,attached,immobile,epifaunal,2,2,143.029018034803,28.698333221
101878,Pectinidae,Mimachlamys,cristularis,(Adams & Reeve 1850),suspension,attached,immobile,epifaunal,20,20,55.2449092677325,15.78157881
111609,Pectinidae,Mimachlamys,erycina,Dijkstra & Maestrati 2010,suspension,attached,immobile,epifaunal,50,50,11,7.84068872
101881,Pectinidae,Mimachlamys,funebris,Reeve 1853,suspension,attached,immobile,epifaunal,0,0,65.5057249406493,13.52833334
101882,Pectinidae,Mimachlamys,gloriosa,(Reeve 1853),suspension,attached,immobile,epifaunal,0,0,114.891252930761,18.83936288
101883,Pectinidae,Mimachlamys,heterophyseta,Beu & Darragh 2001,suspension,attached,immobile,epifaunal,5,5,50.5964425626941,8.08794465
112498,Pectinidae,Mimachlamys,punctata,(Gmelin 1791),suspension,attached,immobile,epifaunal,0,0,65.8786763680024,27.673133382
101886,Pectinidae,Mimachlamys,sanguinea,(Linnaeus 1758),suspension,attached,immobile,epifaunal,0,0,102.418260090669,23.38757563
101887,Pectinidae,Mimachlamys,scabricostata,"(Sowerby III, 1915)",suspension,attached,immobile,epifaunal,0,0,81.9924996569808,13.6316665
112934,Pectinidae,Mimachlamys,spinicostata,Dijkstra & Beu 2018,suspension,attached,immobile,epifaunal,16.7,16.7,122.768074025782,11.86176449
100665,Pectinidae,Mimachlamys,townsendi,(Sowerby III 1895),suspension,attached,immobile,epifaunal,2,2,221.855809029198,17.21471834
101888,Pectinidae,Mimachlamys,varia,(Linnaeus 1758),suspension,attached,immobile,epifaunal,0,0,92.3363417079104,29.891490986
101891,Pectinidae,Minnivola,pyxidata,(Born 1778),suspension,attached,mobile,epifaunal,5,5,63.681708519794,27.673133382
111782,Pectinidae,Mirapecten,boutetorum,Dijkstra 2011,suspension,attached,mobile,epifaunal,14,14,33.4850713005064,2.78125202
102808,Pectinidae,Mirapecten,cranmerorum,(Waller 1986),suspension,attached,mobile,epifaunal,150,150,76.1488673586154,10.52611096
101893,Pectinidae,Mirapecten,mirificus,(Reeve 1853),suspension,attached,mobile,epifaunal,5,5,52.8843076914126,23.238447042
101894,Pectinidae,Mirapecten,moluccensis,Dijkstra 1988,suspension,attached,mobile,epifaunal,4,4,40.3980197534483,11.64120938
101895,Pectinidae,Mirapecten,rastellum,(Lamarck 1819),suspension,attached,mobile,epifaunal,5,5,50.780901921884,12.11485522
101897,Pectinidae,Mirapecten,spiceri,(Rehder 1944),suspension,attached,mobile,epifaunal,NA,5,38.8383830765391,4.50842977
101898,Pectinidae,Mirapecten,tuberosus,Dijkstra & Kilburn 2001,suspension,attached,mobile,epifaunal,34,34,37.2021504754766,16.4720005
101899,Pectinidae,Mirapecten,yaroni,Dijkstra & Knudsen 1998,suspension,attached,mobile,epifaunal,2,2,69.4988489113309,8.87324932
101900,Pectinidae,Mizuhopecten,yessoensis,(Jay 1839),suspension,unattached,mobile,infaunal,0.5,0.5,214,28.256378772
102059,Pectinidae,Nodipecten,arthriticus,(Reeve 1853),suspension,attached,mobile,epifaunal,0,0,136.096326181128,13.75348195
105148,Pectinidae,Nodipecten,fragosus,(Conrad 1849),suspension,attached,mobile,epifaunal,16,16,149.68233028651,19.73802633
101738,Pectinidae,Nodipecten,magnificus,(Sowerby 1835),suspension,attached,mobile,epifaunal,10,10,198.007575612652,6.10094116
102061,Pectinidae,Nodipecten,nodosus,(Linnaeus 1758),suspension,attached,mobile,epifaunal,10,10,186.828798636613,14.5809717
102062,Pectinidae,Nodipecten,subnodosus,(Sowerby 1835),suspension,attached,mobile,epifaunal,0,0,217.99013739158,17.14474802
102072,Pectinidae,Notochlamys,hexactes,([Peron in] Lamarck 1819),suspension,attached,mobile,epifaunal,0,0,66.4468208419334,10.3292045
102089,Pectinidae,Palliolum,incomparabile,(Risso 1826),suspension,attached,mobile,epifaunal,7,7,19.2353840616713,30.547952356
102091,Pectinidae,Palliolum,minutulum,Djikstra & Southgate 2000,suspension,attached,mobile,epifaunal,2,2,9.0487568206909,10.8087798
102094,Pectinidae,Palliolum,striatum,(Mueller 1776),suspension,attached,mobile,epifaunal,4,4,29.3938769133981,31.143377869
102096,Pectinidae,Palliolum,tigerinum,(Mueller 1776),suspension,attached,mobile,epifaunal,10,10,31.345175067305,30.547952356
101613,Pectinidae,Paraleptopecten,bavayi,(Dautzenberg 1900),suspension,attached,immobile,epifaunal,5,5,23.3,19.3214613
101614,Pectinidae,Paraleptopecten,biolleyi,(Hertlein & Strong 1946),suspension,attached,immobile,epifaunal,18,18,10.9544511501033,15.38939997
101616,Pectinidae,Paraleptopecten,euterpes,(Berry 1957),suspension,attached,immobile,epifaunal,2,2,11,14.49458329
111643,Pectinidae,Paraleptopecten,palmeri,(Dall 1897),suspension,attached,immobile,epifaunal,0,0,64.8320908192849,16.44182409
101620,Pectinidae,Paraleptopecten,velero,(Hertlein 1935),suspension,attached,immobile,epifaunal,5,5,17,16.44182409
102662,Pectinidae,Pascahinnites,coruscans,(Hinds 1845),suspension,attached,immobile,epifaunal,0,0,23.8,29.718333401
102175,Pectinidae,Pascahinnites,pasca,(Dall 1908),suspension,attached,immobile,epifaunal,10,10,20,6.88043929
102176,Pectinidae,Patinopecten,caurinus,(Gould 1850),suspension,unattached,mobile,infaunal,2,2,276.260746397312,18.284787792
102189,Pectinidae,Pecten,afribendictus,Kilburn & Dijkstra 1995,suspension,unattached,mobile,epifaunal,20,20,74.9219593977627,10.86587304
102187,Pectinidae,Pecten,albicans,(Schroeter 1802),suspension,unattached,mobile,epifaunal,10,10,127.984374046209,30.550758502
111759,Pectinidae,Pecten,dijkstrai,Duncan & Wilson 2012,suspension,unattached,mobile,epifaunal,12,12,52.1292624156529,10.38974747
102190,Pectinidae,Pecten,dorotheae,Melvill in Melvill & Standen 1907,suspension,unattached,mobile,epifaunal,20,20,74.9399759807808,20.60368675
102191,Pectinidae,Pecten,erythraeensis,"Sowerby II, 1842",suspension,unattached,mobile,epifaunal,15,15,73.680390878442,11.77948721
102188,Pectinidae,Pecten,excavatus,Anton 1839,suspension,unattached,mobile,epifaunal,10,10,89.8610037780571,31.201091862
102192,Pectinidae,Pecten,fumatus,Reeve 1852,suspension,unattached,mobile,epifaunal,5,5,139.642400437689,18.75604364
102193,Pectinidae,Pecten,jacobaeus,(Linnaeus 1758),suspension,unattached,mobile,epifaunal,9,9,156.076904121013,18.5362494
102195,Pectinidae,Pecten,keppelianus,(Sowerby III 1905),suspension,unattached,mobile,epifaunal,12,12,87.1464284982466,12.50524945
102196,Pectinidae,Pecten,maximus,(Linnaeus 1767),suspension,unattached,mobile,epifaunal,1,1,198,30.547952356
102197,Pectinidae,Pecten,novaezelandiae,Reeve 1853,suspension,unattached,mobile,epifaunal,0,0,167.874953462391,14.513740292
102199,Pectinidae,Pecten,raoulensis,Powell 1958,suspension,unattached,mobile,epifaunal,50,50,90.9120454065357,5.88143935
102202,Pectinidae,Pecten,sulcicostatus,"Sowerby II, 1842",suspension,unattached,mobile,epifaunal,30,30,108.288965273476,11.68766311
102204,Pectinidae,Pecten,waikikius,"Dall, Bartsch & Rehder 1938",suspension,unattached,mobile,epifaunal,1,1,46.2060602085917,3.59198342
102206,Pectinidae,Pedum,spondyloideum,(Gmelin 1791),suspension,attached,immobile,infaunal,0,0,97.8202433037252,31.785575617
102450,Pectinidae,Placopecten,magellanicus,(Gmelin 1791),suspension,attached,mobile,epifaunal,10,10,226.77742392046,28.962293265
102516,Pectinidae,Pseudamussium,clavatum,(Poli 1795),suspension,attached,mobile,epifaunal,5,5,42.698946122826,23.801666656
111646,Pectinidae,Pseudamussium,fasciculatum,(Hinds 1843),suspension,attached,mobile,epifaunal,31,31,38.0788655293195,14.16168866
102518,Pectinidae,Pseudamussium,gilchristi,"(Sowerby III, 1904)",suspension,attached,mobile,epifaunal,130,130,35,7.56369675
102519,Pectinidae,Pseudamussium,peslutrae,(Linnaeus 1771),suspension,attached,mobile,epifaunal,30,30,60.4301249378156,30.547952356
103566,Pectinidae,Psychrochlamys,delicatula,(Hutton 1873),suspension,attached,mobile,epifaunal,60,60,110.49886877249,16.791598525
106414,Pectinidae,Psychrochlamys,patagonica,(King & Broderip 1832),suspension,attached,mobile,epifaunal,2,2,90,24.558706249
100656,Pectinidae,Psychrochlamys,phalara,(Roth 1975),suspension,attached,mobile,epifaunal,5,5,43.8497434428071,5.9077063
101568,Pectinidae,Scaeochlamys,lemniscata,(Reeve 1853),suspension,attached,mobile,epifaunal,1,1,53.837254759135,9.77548922
102596,Pectinidae,Scaeochlamys,livida,(Lamarck 1819),suspension,attached,mobile,epifaunal,0,0,74.1956872061982,16.99184518
100323,Pectinidae,Scaeochlamys,squamata,(Gmelin 1791),suspension,attached,mobile,epifaunal,0,0,69.031007525604,22.971602994
101144,Pectinidae,Scaeochlamys,squamea,Dijkstra & Maestrati 2009,suspension,attached,mobile,epifaunal,5,5,56.9209978830308,29.718333401
102659,Pectinidae,Semipallium,aktinos,(Pettrd 1886),suspension,attached,mobile,epifaunal,0,0,38.8844441904472,16.57552616
102660,Pectinidae,Semipallium,amicum,(E. A. Smith 1885),suspension,attached,mobile,epifaunal,0,0,16.7104757562434,7.12752017
102661,Pectinidae,Semipallium,barnetti,Dijkstra 1988,suspension,attached,mobile,epifaunal,20,20,31.3592091737021,10.69192415
102663,Pectinidae,Semipallium,crouchi,(E. A. Smith 1902),suspension,attached,mobile,epifaunal,10,10,55.8569601750758,12.20666644
102664,Pectinidae,Semipallium,dianae,(Crandall 1979),suspension,attached,mobile,epifaunal,10,10,64.9692234831231,18.83936288
102665,Pectinidae,Semipallium,dringi,(Reeve 1853),suspension,attached,mobile,epifaunal,2,2,64.2623528981005,12.56309532
102666,Pectinidae,Semipallium,flavicans,(Linnaeus 1758),suspension,attached,mobile,epifaunal,0,0,71.4767094933727,23.662346895
102667,Pectinidae,Semipallium,fulvicostatum,(Adams & Reeve 1850),suspension,attached,mobile,epifaunal,0,0,54.1750865250809,22.445833244
102071,Pectinidae,Semipallium,hallae,(Cotton 1960),suspension,attached,mobile,epifaunal,4,4,53.1914466808339,11.32333342
111601,Pectinidae,Semipallium,rapanense,(Bavay 1905),suspension,attached,mobile,epifaunal,2,2,40.1559460105225,7.84068872
112319,Pectinidae,Serratovola,angusticostata,Dijkstra 2008,suspension,attached,immobile,epifaunal,10,10,40.7276318977669,21.870478234
102690,Pectinidae,Serratovola,gardineri,(E. A.Smith 1903),suspension,attached,immobile,epifaunal,2,2,23.9791576165636,5.9476191
102691,Pectinidae,Serratovola,pallula,Dijkstra 1998,suspension,attached,immobile,epifaunal,46,46,17.3896520954273,11.9570835
102692,Pectinidae,Serratovola,rubicunda,(Chenu 1843),suspension,attached,immobile,epifaunal,10,10,43.3964284244683,18.92333346
102809,Pectinidae,Spathochlamys,benedicti,(Verril & Bush in Verrill 1897),suspension,attached,immobile,epifaunal,2,2,27.5445094347313,19.91667863
102810,Pectinidae,Spathochlamys,vestalis,(Reeve 1853),suspension,attached,immobile,epifaunal,2,2,23.4520787991171,17.94966261
102936,Pectinidae,Swiftopecten,swifti,(Bernardi 1858),suspension,attached,immobile,epifaunal,1,1,126.33289357883,28.256378772
100640,Pectinidae,Talochlamys,absconditus,(P. Fischer 1898),suspension,attached,immobile,epifaunal,100,100,66.407830863536,10.37125555
112328,Pectinidae,Talochlamys,contorta,Dijkstra 1993,suspension,attached,immobile,epifaunal,40,40,23.1408729308123,15.02111768
102950,Pectinidae,Talochlamys,dichroa,"(Suter, 1909)",suspension,attached,immobile,epifaunal,60,60,48.846903688975,14.818461612
102951,Pectinidae,Talochlamys,gemmulata,(Reeve 1853),suspension,attached,immobile,epifaunal,20,20,75.5976190101249,14.513740292
101565,Pectinidae,Talochlamys,gladysiae,(Melvill 1888),suspension,attached,immobile,epifaunal,25,25,28.4604989415154,11.42757438
102952,Pectinidae,Talochlamys,humilis,(Sowerby 1904),suspension,attached,immobile,epifaunal,70,70,25.8766303834174,9.74934772
110669,Pectinidae,Talochlamys,inaequalis,Dijkstra & Moolenbeek 2008,suspension,attached,immobile,epifaunal,NA,5,16.3768128767474,1.55805827
105964,Pectinidae,Talochlamys,multicolor,(Melvill & Standen 1907),suspension,attached,immobile,epifaunal,90,90,23.3216637485408,4.44483664
100775,Pectinidae,Talochlamys,multistriata,(Poli 1795),suspension,attached,immobile,epifaunal,1,1,54.1109970338747,18.5362494
102953,Pectinidae,Talochlamys,pulleineanus,(Tate 1887),suspension,attached,immobile,epifaunal,20,20,29.3428015022424,14.03714507
100776,Pectinidae,Talochlamys,pusio,(Linnaeus 1758),suspension,attached,immobile,epifaunal,1,1,50.4083326445142,30.547952356
102954,Pectinidae,Talochlamys,zelandiae,(Gray 1843),suspension,attached,immobile,epifaunal,0,0,51.2523170207943,14.513740292
111645,Pectinidae,Veprichlamys,deynzerorum,Dijkstra 2004,suspension,attached,mobile,epifaunal,30,30,42.0392673580309,2.52396693
111644,Pectinidae,Veprichlamys,incantata,(Hertlein 1972),suspension,attached,mobile,epifaunal,150,150,52.1775813927783,4.66035289
100649,Pectinidae,Veprichlamys,jousseaumei,(Bavay 1904),suspension,attached,mobile,epifaunal,50,50,28.9309522829789,28.698333221
112695,Pectinidae,Veprichlamys,versipellis,Dijkstra & Kastoro 1997,suspension,attached,mobile,epifaunal,150,150,32.4037034920393,2.40454535
103537,Pectinidae,Volachlamys,fultoni,(Sowerby 1904),suspension,attached,mobile,epifaunal,23,23,54.5481438730962,10.84171717
103538,Pectinidae,Volachlamys,hirasei,(Bavay 1904),suspension,attached,mobile,epifaunal,2,2,54.3966910758366,28.326936879
103539,Pectinidae,Volachlamys,singaporina,"(Sowerby II, 1842)",suspension,attached,mobile,epifaunal,0,0,78.6968868507516,20.47833343
103540,Pectinidae,Volachlamys,sinomarina,(Hertlein 1936),suspension,attached,mobile,epifaunal,0,0,57.9655069847578,29.004681712
103541,Pectinidae,Volachlamys,tranquebaria,(Gmelin 1791),suspension,attached,mobile,epifaunal,0,0,54.8766799287275,10.25752365
100117,Pectinidae,Ylistrum,balloti,(Bernardi 1861),suspension,unattached,mobile,epifaunal,17,17,138.923864040704,19.96500015
100119,Pectinidae,Ylistrum,japonicum,(Gmelin 1791),suspension,unattached,mobile,epifaunal,10,10,140,20.79547214
112329,Pectinidae,Ylistrum,taiwanicum,(Habe 1982),suspension,unattached,mobile,epifaunal,10,10,134.423881806768,17.69033323
104252,Periplomatidae,Albimanus,pentadactylus,(Pilsbry & Olsson 1935),suspension,unattached,mobile,infaunal,0,0,24.8997991959775,4.96784469
104418,Periplomatidae,Bontaea,praetenue,(Pulteney 1799),suspension,unattached,mobile,infaunal,0,0,31.9374388453426,30.547952356
105941,Periplomatidae,Cochlodesma,affine,(Verrill & Bush 1898),suspension,unattached,mobile,infaunal,183,183,11.4017542509914,18.065519449
104411,Periplomatidae,Cochlodesma,leanum,(Conrad 1831),suspension,unattached,mobile,infaunal,1,1,36.9323706252388,30.080757637
110752,Periplomatidae,Cricoploma,beibuwanensis,Xu 1999,suspension,unattached,mobile,infaunal,14,14,25.9940377779213,11.61641666
104224,Periplomatidae,Cricoploma,camerunense,(Cosel 1995),suspension,unattached,mobile,infaunal,13,13,16.9705627484771,8.40244186
104235,Periplomatidae,Cricoploma,carpenteri,Dall 1896,suspension,unattached,mobile,infaunal,5,5,45.365184888855,14.16168866
104236,Periplomatidae,Cricoploma,compressa,d'Orbigny 1846,suspension,unattached,mobile,infaunal,5,5,36.0832371053374,20.193057946
111694,Periplomatidae,Cricoploma,coquettae,(Altena 1968),suspension,unattached,mobile,infaunal,15,15,38.3405790253616,7.20760924
104243,Periplomatidae,Cricoploma,discus,Stearns 1890,suspension,unattached,mobile,infaunal,5,5,42.4264068711929,11.67942293
104237,Periplomatidae,Cricoploma,fracturum,(Boshoff 1968),suspension,unattached,mobile,infaunal,77,77,21.7944947177034,7.50439632
104238,Periplomatidae,Cricoploma,lagartillum,Olsson 1961,suspension,unattached,mobile,infaunal,70,70,48.4551338869268,16.03421359
104239,Periplomatidae,Cricoploma,lenticulare,Sowerby 1834,suspension,unattached,mobile,infaunal,20,20,44.5176369543578,14.49458329
110751,Periplomatidae,Cricoploma,multigranosum,Xu 1999,suspension,unattached,mobile,infaunal,145,145,13.8021737418423,7.37260898
104240,Periplomatidae,Cricoploma,orbiculare,(Guppy 1882),suspension,unattached,mobile,infaunal,1,1,27.1727804981382,15.75792023
104241,Periplomatidae,Cricoploma,stearnsii,(Dall 1896),suspension,unattached,mobile,infaunal,0,0,45.5038459913006,16.78417653
104242,Periplomatidae,Cricoploma,teevani,Hertlein & Strong 1946,suspension,unattached,mobile,infaunal,55,55,35.8831436749904,8.92549991
104253,Periplomatidae,Halistrepta,myrae,(Rogers 1962),suspension,unattached,mobile,infaunal,16,16,27.7668867538296,13.92301189
104255,Periplomatidae,Halistrepta,sulcata,(Dall 1904),suspension,unattached,mobile,infaunal,NA,NA,29.3938769133981,6.41611117
104250,Periplomatidae,Offadesma,angasi,(Crosse & Fischer 1864),non_suspension,unattached,mobile,infaunal,0,0,84.8528137423857,20.053999972
112331,Periplomatidae,Offadesma,n.sp. 1 of Huber 2010a,Huber 2010,non_suspension,unattached,mobile,infaunal,52,52,62,12.68541217
104251,Periplomatidae,Offadesma,nakamigawai,Kuroda & Horikosi 1952,non_suspension,unattached,mobile,infaunal,10,10,59.2874354311266,24.552333254
104247,Periplomatidae,Pendaloma,micans,(Hedley 1901),suspension,unattached,mobile,infaunal,29,29,25.8775964880821,6.48228326
104249,Periplomatidae,Pendaloma,otohimeae,(Habe 1952),suspension,unattached,mobile,infaunal,40,40,34.0587727318528,31.201091862
104228,Periplomatidae,Periploma,indicum,Melville 1898,suspension,unattached,mobile,infaunal,7,7,13.4164078649987,16.11900418
112103,Periplomatidae,Periploma,inequale,(C. B. Adams 1842),suspension,unattached,mobile,infaunal,0.5,0.5,19.115961916681,18.90144388
111705,Periplomatidae,Periploma,kaiserae,Valentich-Scott & Coan 2010,suspension,unattached,mobile,infaunal,11,11,11.2915897906362,2.11929992
104225,Periplomatidae,Periploma,margaritaceum,(Lamarck 1801),suspension,unattached,mobile,infaunal,0,0,21.2132034355964,15.69852423
104226,Periplomatidae,Periploma,ovatum,dOrbigny 1842,suspension,unattached,mobile,infaunal,0,0,28.9110705439975,17.83238061
104231,Periplomatidae,Periploma,planiusculum,Sowerby 1834,suspension,unattached,mobile,infaunal,1,1,63.406624259615,20.02168402
111704,Periplomatidae,Periploma,skoglundae,Valentich-Scott & Coan 2010,suspension,unattached,mobile,infaunal,2,2,9.9196774141098,7.33813285
104245,Periplomatidae,Septentrioploma,aleuticum,(Krause 1885),suspension,unattached,mobile,infaunal,10,10,37.7888872553824,30.05528194
105942,Periplomatidae,Septentrioploma,fragile,(Totten 1835),suspension,unattached,mobile,infaunal,4,4,37.7888872553824,27.869731147
104230,Periplomatidae,Septentrioploma,papyratium,(Say 1822),suspension,unattached,mobile,infaunal,2,2,21.7944947177034,24.985383237
104233,Periplomatidae,Septentrioploma,sanctamarthaensis,(Ardila & Diaz 1998),suspension,unattached,mobile,infaunal,5,5,19.5767719504519,4.37227238
100107,Pharidae,Afrophaxas,decipiens,(E.A. Smith 1904),suspension,unattached,mobile,infaunal,10,10,29.5891872142511,14.59658316
110640,Pharidae,Cultellus,attenuatus,Dunker 1861,suspension,unattached,mobile,infaunal,0,0,57.4456264653803,23.402108845
110334,Pharidae,Cultellus,hanleyi,Dunker 1862,suspension,unattached,mobile,infaunal,0,0,35.4118624192515,12.22225792
100825,Pharidae,Cultellus,maximus,(Gmelin 1791),suspension,unattached,mobile,infaunal,0,0,97.8263768111648,10.25752365
102274,Pharidae,Cultellus,scalprum,Gould 1850,suspension,unattached,mobile,infaunal,0,0,27.1293199325011,15.75297852
112453,Pharidae,Cultellus,vitreus,Dunker 1862,suspension,unattached,mobile,infaunal,3,3,20.4939015319192,4.8361819
112179,Pharidae,Ensiculus,aspersus,"(""Dunker"" Clessin 1888)",suspension,unattached,mobile,infaunal,NA,NA,43.692104549907,4.55166658
112176,Pharidae,Ensiculus,australis,(Dunker 1862),suspension,unattached,mobile,infaunal,0,0,48.7473076179598,19.37018539
102267,Pharidae,Ensiculus,concinnus,(Dunker 1862),suspension,unattached,mobile,infaunal,20,20,35.4964786985977,3.18921319
102268,Pharidae,Ensiculus,cultellus,(Linnaeus 1758),suspension,unattached,mobile,infaunal,0,0,48.8385093957627,32.627575601
102269,Pharidae,Ensiculus,cumingianus,(Dunker 1862),suspension,unattached,mobile,infaunal,5,5,36.8781778291715,10.54203914
112177,Pharidae,Ensiculus,marmoratus,(Dunker 1862),suspension,unattached,mobile,infaunal,8,8,33.5410196624968,16.32793315
101119,Pharidae,Ensis,arcuatus,(Jeffreys 1864),suspension,unattached,mobile,infaunal,1,1,69.4550214167413,30.547952356
12134,Pharidae,Ensis,californicus,Dall 1899,suspension,unattached,mobile,infaunal,0,0,29.1547594742265,17.00945296
101120,Pharidae,Ensis,ensis,(Linnaeus 1758),suspension,unattached,mobile,infaunal,0,0,43.3012701892219,28.988218366
101121,Pharidae,Ensis,goreensis,(Clessin 1868),suspension,unattached,mobile,infaunal,5,5,33.4475709132965,12.50524945
1012892,Pharidae,Ensis,leei,Huber 2015,suspension,unattached,mobile,infaunal,0,0,111.803398874989,30.436894665
101122,Pharidae,Ensis,macha,Molina 1789,suspension,unattached,mobile,infaunal,2,2,84.3249666468953,22.834999529
101123,Pharidae,Ensis,magnus,Schumacher 1817,suspension,unattached,mobile,infaunal,0,0,100.503731274018,25.716917156
105974,Pharidae,Ensis,megistus,Pilsbry & McGinty 1943,suspension,unattached,mobile,infaunal,0,0,51.234753829798,29.241565562
101124,Pharidae,Ensis,minor,(Dall 1899),suspension,unattached,mobile,infaunal,0,0,68.7386354243376,28.988218366
101125,Pharidae,Ensis,myrae,Berry 1953,suspension,unattached,mobile,infaunal,0,0,34.0440890610984,14.112447532
101126,Pharidae,Ensis,nitidus,(Clessin 1888),suspension,unattached,mobile,infaunal,0,0,34.3161769432435,16.00794891
101127,Pharidae,Ensis,siliqua,(Linnaeus 1758),suspension,unattached,mobile,infaunal,1,1,296.66647940069,27.821874096
111921,Pharidae,Ensis,terranovensis,Vierna & Martinez-Lage in Vierna et al. 2012,suspension,unattached,mobile,infaunal,6,6,72.0916083882167,15.004948455
101128,Pharidae,Ensis,tropicalis,Hertlein & Strong 1955,suspension,unattached,mobile,infaunal,0,0,35,17.00945296
102022,Pharidae,Nasopharus,elegans,von Cosel 1993,suspension,unattached,mobile,infaunal,0,0,16.5698521417664,12.40454379
102023,Pharidae,Nasopharus,nasutus,vonCosel1993,suspension,unattached,mobile,infaunal,15,15,24,7.49810643
102707,Pharidae,Neosiliqua,minima,(Gmelin 1791),suspension,unattached,mobile,infaunal,0,0,24.4654858933968,14.99863878
102133,Pharidae,Neosiliqua,winteriana,(Dunker 1852),suspension,unattached,mobile,infaunal,0,0,51.3809303146605,7.59335714
102085,Pharidae,Orbicularia,orbiculata,(Wood 1828),suspension,unattached,mobile,infaunal,0,0,29.2916370317536,5.7104698
112707,Pharidae,Pharella,acuminata,(Hanley 1842),suspension,unattached,mobile,infaunal,0,0,35.1425667816112,9.05139015
102261,Pharidae,Pharella,acutidens,(Broderip & Sowerby 1829),suspension,unattached,mobile,infaunal,0,0,41.2310562561766,15.30833335
102262,Pharidae,Pharella,javanica,(Lamarck 1818),suspension,unattached,mobile,infaunal,0,0,37.7571185341255,18.09487573
102263,Pharidae,Pharella,olivacea,(Metcalfe 1852),suspension,unattached,mobile,infaunal,0,0,51.9355369665126,12.71671834
100404,Pharidae,Pharella,ovalis,Dunker 1861,suspension,unattached,mobile,infaunal,5,5,43.8634243989226,6.78297826
102265,Pharidae,Pharus,chenui,von Cosel 1993,suspension,unattached,mobile,infaunal,10,10,66.2880079652421,13.69124961
102266,Pharidae,Pharus,legumen,(Linnaeus 1758),suspension,unattached,mobile,infaunal,1,1,59.1531064273044,25.840000412
102270,Pharidae,Phaxas,adriaticus,(Coen 1933),suspension,unattached,mobile,infaunal,8,8,11,17.0837059
102273,Pharidae,Phaxas,pellucidus,(Pennant 1777),suspension,unattached,mobile,infaunal,5,5,20.2484567313166,27.639011199
102275,Pharidae,Phaxas,tenellus,von Cosel 1993,suspension,unattached,mobile,infaunal,15,15,8.72582374334939,12.50524945
102703,Pharidae,Siliqua,alta,(Broderip & Sowerby 1829),suspension,unattached,mobile,infaunal,0,0,140,28.962093188
111783,Pharidae,Siliqua,barnardi,Huber 2010b,suspension,unattached,mobile,infaunal,5,5,22.4833271559171,9.76133353
105975,Pharidae,Siliqua,costata,(Say 1822),suspension,unattached,mobile,infaunal,0,0,88.5482919089917,28.92123076
102704,Pharidae,Siliqua,fasciata,(Spengler 1794),suspension,unattached,mobile,infaunal,0,0,6.32455532033676,15.75297852
104941,Pharidae,Siliqua,grayana,(Dunker 1861),suspension,unattached,mobile,infaunal,NA,5,31.6970030129033,30.138083379
112480,Pharidae,Siliqua,herberti,Huber 2015,suspension,unattached,mobile,infaunal,1,1,19.2249837451167,9.30470485
102705,Pharidae,Siliqua,japonica,(Dunker 1862),suspension,unattached,mobile,infaunal,NA,NA,34.6410161513775,31.785575617
102706,Pharidae,Siliqua,lucida,(Conrad 1837),suspension,unattached,mobile,infaunal,0,0,35.5668384875575,17.707443642
105426,Pharidae,Siliqua,patula,(Dixon 1789),suspension,unattached,mobile,infaunal,0,0,119.373363863133,19.592625985
102708,Pharidae,Siliqua,polita,(Wood 1828),suspension,unattached,mobile,infaunal,5,5,45.1981194299055,16.36757585
102709,Pharidae,Siliqua,pulchella,(Dunker 1852),suspension,unattached,mobile,infaunal,0,0,16.7032930884901,31.201091862
112446,Pharidae,Siliqua,pulchra,"""Gould"" E.A. Smith 1891",suspension,unattached,mobile,infaunal,7,7,24.6576560118759,19.76363937
102711,Pharidae,Siliqua,radiata,(Linnaeus 1758),suspension,unattached,mobile,infaunal,0,0,39.7994974842648,20.60368675
102713,Pharidae,Siliqua,tenerior,(Hedley 1915),suspension,unattached,mobile,infaunal,NA,5,24.8997991959775,7.66536215
102716,Pharidae,Sinonovacula,constricta,(Lamarck 1818),suspension,unattached,mobile,infaunal,0,0,45.4972526643093,30.11453481
112478,Pharidae,Sinonovacula,mollis,(Sowerby II 1874),suspension,unattached,mobile,infaunal,0,0,47.0106370941726,15.75297852
102717,Pharidae,Sinucultellus,atlanticus,von Cosel 1993,suspension,unattached,mobile,infaunal,3,3,26.5367669470115,9.65124968
102718,Pharidae,Sinupharus,africanus,(Chenu 1843),suspension,unattached,mobile,infaunal,0,0,32.9772648956823,9.65124968
102719,Pharidae,Sinupharus,bernardi,von Cosel 1993,suspension,unattached,mobile,infaunal,0,0,19.3958758502935,12.50524945
102720,Pharidae,Sinupharus,combieri,(Fischer-Piette & Nickles 1946),suspension,unattached,mobile,infaunal,10,10,20.8796551695664,12.71390247
102721,Pharidae,Sinupharus,curtus,von Cosel 1993,suspension,unattached,mobile,infaunal,0,0,18.0277563773199,12.21374961
102722,Pharidae,Sinupharus,galatheae,von Cosel 1993,suspension,unattached,mobile,infaunal,10,10,17.1333009078811,8.89807007
106406,Philobryidae,Adacnarca,crenella,(Velain 1877),suspension,attached,mobile,epifaunal,30,30,1.22474487139159,4.93142855
112662,Philobryidae,Adacnarca,harrisonae,(Powell 1927),suspension,attached,mobile,epifaunal,1,1,1.28452325786651,9.42180891
100081,Philobryidae,Adacnarca,limopsoides,(Thiele 1912),suspension,attached,mobile,epifaunal,93,93,4.6,3.562105266
100082,Philobryidae,Adacnarca,nitens,Pelseneer 1903,suspension,attached,mobile,epifaunal,1,1,7.87400787401181,5.093971292
111721,Philobryidae,Adacnarca,polarsterni,Egorova 2003,suspension,attached,mobile,epifaunal,50,50,6.5665820637528,2.90647059
110616,Philobryidae,Adacnarca,squamea,Hedley 1905,suspension,attached,mobile,epifaunal,61,61,1.7541379649275,12.60308337
101688,Philobryidae,Adacnarca,trapezina,(Bernard 1897),suspension,attached,mobile,epifaunal,18,18,1.28452325786651,12.887358372
100083,Philobryidae,Adacnarca,velaini,(E.A. Smith 1904),suspension,attached,mobile,epifaunal,30,30,5.79655069847577,12.87589888
100755,Philobryidae,Cosa,auriculata,Laseron 1953,suspension,attached,mobile,epifaunal,19,19,2.44948974278318,6.11559123
100756,Philobryidae,Cosa,bordaensis,(Cotton 1931),suspension,attached,mobile,epifaunal,34,34,1.89736659610103,8.57672132
100757,Philobryidae,Cosa,brasiliensis,Klappenbach 1966,suspension,attached,mobile,epifaunal,5,5,1.86397424874916,14.05831751
100758,Philobryidae,Cosa,caribaea,Abbott 1958,suspension,attached,mobile,epifaunal,2,2,1.59687194226713,8.49132689
100759,Philobryidae,Cosa,celsa,(Cotton 1931),suspension,attached,mobile,epifaunal,NA,NA,2.65329983228432,4.27530761
100760,Philobryidae,Cosa,costata,(Bernard 1896),suspension,attached,mobile,epifaunal,20,20,2.82842712474619,23.96386141
110617,Philobryidae,Cosa,crebreradiata,(Cotton 1931),suspension,attached,mobile,epifaunal,NA,NA,2.79284800875379,6.03249998
100761,Philobryidae,Cosa,filholi,(Bernard 1897),suspension,attached,mobile,epifaunal,64,64,2.82842712474619,14.513740292
100762,Philobryidae,Cosa,fimbriata,Tate 1898,suspension,attached,mobile,epifaunal,18,18,4.10791918128875,16.169750013
106456,Philobryidae,Cosa,inconspicua,(Olsson & McGinty 1958),suspension,attached,mobile,epifaunal,NA,NA,2.14242852856286,1.8682075
103029,Philobryidae,Cosa,kinjoi,Hayami & Kase 1993,suspension,attached,mobile,epifaunal,13,13,1.2,9.18630757
100763,Philobryidae,Cosa,laevicostata,Powell 1933,suspension,attached,mobile,epifaunal,42,42,2.00624026477389,7.60853332
112665,Philobryidae,Cosa,pacifica,Thiele in Thiele & Jaeckel 1931,suspension,attached,mobile,epifaunal,NA,NA,1.54919333848297,1.59842969
100766,Philobryidae,Cosa,parallelogramma,(Hedley 1906),suspension,attached,mobile,epifaunal,NA,NA,2.82179021190449,6.41223532
102048,Philobryidae,Cosa,paramoea,(Bartsch 1915),suspension,attached,mobile,epifaunal,10,10,2.89827534923789,7.99657439
100767,Philobryidae,Cosa,pectinata,(Hedley 1902),suspension,attached,mobile,epifaunal,73,73,2.30651251893416,15.175475503
110618,Philobryidae,Cosa,pharetra,Iredale 1931,suspension,attached,mobile,epifaunal,55,55,2.44948974278318,15.43615371
112666,Philobryidae,Cosa,pileata,Thiele in Thiele & Jaeckel 1931,suspension,attached,mobile,epifaunal,20,20,2.73861278752583,11.74872966
110619,Philobryidae,Cosa,sagana,Iredale 1931,suspension,attached,mobile,epifaunal,55,55,2.23606797749979,5.98302616
100768,Philobryidae,Cosa,scabra,(Hedley 1906),suspension,attached,mobile,epifaunal,11,11,1.51986841535707,6.1525001
112667,Philobryidae,Cosa,serratocostata,Powell 1933,suspension,attached,mobile,epifaunal,1,1,2.5377155080899,7.59008689
100770,Philobryidae,Cosa,stephensensis,Laseron 1953,suspension,attached,mobile,epifaunal,NA,NA,3.26190128606002,5.957547
100771,Philobryidae,Cosa,tardiradiata,(Cotton 1931),suspension,attached,mobile,epifaunal,16,16,1.73205080756888,8.58499995
100772,Philobryidae,Cosa,tatei,(Hedley 1901),suspension,attached,mobile,epifaunal,64,64,2.07364413533277,18.105999963
100769,Philobryidae,Cosa,tholiatus,Oliver & Holmes 2004,suspension,attached,mobile,epifaunal,17,17,1.89949993419321,2.37072723
105070,Philobryidae,Cosa,tholiatus,Oliver & Holmes 2004,suspension,attached,mobile,epifaunal,17,17,1.86676190233249,4.56530997
104111,Philobryidae,Cosa,uchimae,Hayami & Kase 1993,suspension,attached,mobile,epifaunal,7,7,1,8.34024786
100773,Philobryidae,Cosa,waikikia,"(Dall, Bartsch & Rehder 1938)",suspension,attached,mobile,epifaunal,4,4,2,18.78950418
101624,Philobryidae,Cratis,antillensis,(Dall 1881),suspension,attached,mobile,epifaunal,23,23,5.91607978309962,19.91667863
100778,Philobryidae,Cratis,cuboides,(Verco 1907),suspension,attached,mobile,epifaunal,3,3,2.43156328315757,10.55849991
100779,Philobryidae,Cratis,delicata,Bergmans 1970,suspension,attached,mobile,epifaunal,NA,NA,1.14017542509914,6.41223532
104181,Philobryidae,Cratis,kanekoi,Hayami & Kase 1993,suspension,attached,mobile,epifaunal,20,20,2.62099217854613,9.13990222
104207,Philobryidae,Cratis,ohashii,Hayami & Kase 1993,suspension,attached,mobile,epifaunal,7,7,2.48193472919817,19.993833527
112664,Philobryidae,Cratis,pentodon,(Aguayo & Borro 1946),suspension,attached,mobile,epifaunal,NA,NA,2.63727131710031,3.87105818
110620,Philobryidae,Cratis,progressa,Hedley 1915,suspension,attached,mobile,epifaunal,55,55,3.57770876399966,5.5370676
102298,Philobryidae,Cratis,recapitula,(Hedley 1906),suspension,attached,mobile,epifaunal,11,11,2.35584379787795,6.1525001
105069,Philobryidae,Cratis,thylicus,Oliver & Holmes 2004,suspension,attached,mobile,epifaunal,17,17,1.48515992404859,4.56530997
102962,Philobryidae,Lissarca,aucklandica,E.A. Smith 1902,suspension,attached,mobile,epifaunal,2,2,4.33012701892219,4.29887698
101676,Philobryidae,Lissarca,elliptica,(Laseron 1953),suspension,attached,mobile,epifaunal,20,20,3.14642654451045,8.74879514
101677,Philobryidae,Lissarca,exilis,Suter 1913,suspension,attached,mobile,epifaunal,91,91,2.65329983228432,2.40857955
101678,Philobryidae,Lissarca,kergueliensis,Thiele 1912,suspension,attached,mobile,epifaunal,113,113,2.73861278752583,5.054360886
101679,Philobryidae,Lissarca,media,Thiele 1912,suspension,attached,mobile,epifaunal,113,113,3.29393381840012,5.054360886
101680,Philobryidae,Lissarca,miliaris,(Philippi 1845),suspension,attached,mobile,epifaunal,0,0,4.94368283772331,13.37425005
101681,Philobryidae,Lissarca,notorcadensis,Melvill & Standen 1907,suspension,attached,mobile,epifaunal,0,0,6.79705818718657,14.2190323
101682,Philobryidae,Lissarca,picta,(Hedley 1899),suspension,attached,mobile,epifaunal,1,1,2.14476105895272,12.74704478
104097,Philobryidae,Lissarca,pisum,Suter 1913,suspension,attached,mobile,epifaunal,1,1,3.13049516849971,5.38151737
101683,Philobryidae,Lissarca,rhomboidalis,Verco 1907,suspension,attached,mobile,epifaunal,1,1,2.34946802489415,14.585367893
101684,Philobryidae,Lissarca,rubricata,(Tate 1887),suspension,attached,mobile,epifaunal,16,16,2.87228132326901,13.027875223
101685,Philobryidae,Lissarca,rubrufusca,E.A. Smith 1877,suspension,attached,mobile,epifaunal,NA,NA,3.46410161513775,5.132898961
101686,Philobryidae,Lissarca,stationis,Fleming 1948,suspension,attached,mobile,epifaunal,86,86,1.4422205101856,3.65130437
101687,Philobryidae,Lissarca,stewartiana,Powell 1935,suspension,attached,mobile,epifaunal,NA,NA,1.77482393492988,3.01839692
102047,Philobryidae,Neocardia,angulata,Sowerby III 1892,suspension,attached,mobile,epifaunal,27,27,6.36396103067893,12.87589888
112609,Philobryidae,Neocardia,limoides,(E.A. Smith 1904),suspension,attached,mobile,epifaunal,22,22,3.14642654451045,11.68766311
102300,Philobryidae,Notomytilus,ruber,(Hedley 1904),suspension,attached,mobile,epifaunal,9,9,3.31963853453957,14.506703897
102253,Philobryidae,Philobrya,acutangula,(Powell 1935),suspension,attached,mobile,epifaunal,NA,NA,2.99332590941915,8.21444437
112845,Philobryidae,Philobrya,aequivalvis,(Odhner 1922),suspension,attached,mobile,epifaunal,10,10,5.13809303146605,5.9077063
102046,Philobryidae,Philobrya,africana,Bartsch 1915,suspension,attached,mobile,epifaunal,30,30,6.6932802122726,8.05684875
112948,Philobryidae,Philobrya,alata,Urcola & Zelaya 2021,suspension,attached,mobile,epifaunal,117,117,2.95803989154981,7.666174009
102276,Philobryidae,Philobrya,antarctica,(Philippi 1868),suspension,attached,mobile,epifaunal,18,18,10.4880884817015,20.692552429
102277,Philobryidae,Philobrya,atlantica,Dall 1895,suspension,attached,mobile,epifaunal,106,106,3.46410161513775,10.120541569
112661,Philobryidae,Philobrya,attenuata,Turton 1932,suspension,attached,mobile,epifaunal,NA,NA,4.24264068711928,5.99921471
106405,Philobryidae,Philobrya,aviculoides,(Velain 1877),suspension,attached,mobile,epifaunal,0,0,2.73861278752583,6.70087641
100455,Philobryidae,Philobrya,blakeana,(Melvill & Standen 1914),suspension,attached,mobile,epifaunal,16,16,6.32455532033676,9.439250048
105977,Philobryidae,Philobrya,brattstromi,Soot-Ryen 1957,suspension,attached,mobile,epifaunal,30,30,5.05173237612604,20.692552429
102281,Philobryidae,Philobrya,capillata,Dell 1964,suspension,attached,mobile,epifaunal,93,93,8.94427190999916,13.07081967
102283,Philobryidae,Philobrya,crenatulifera,(Tate 1892),suspension,attached,mobile,epifaunal,1,1,1.9672315572906,13.552371053
105123,Philobryidae,Philobrya,crispa,Linse 2002,suspension,attached,mobile,epifaunal,25,25,3.29393381840012,9.439250048
102284,Philobryidae,Philobrya,francisensis,(Cotton 1931),suspension,attached,mobile,epifaunal,NA,NA,1.85741756210067,11.54591355
102285,Philobryidae,Philobrya,hamiltoni,(Hedley 1916),suspension,attached,mobile,epifaunal,1,1,5.19615242270663,3.739037317
102286,Philobryidae,Philobrya,inornata,Hedley 1904,suspension,attached,mobile,epifaunal,55,55,2.14476105895272,6.96219833
102287,Philobryidae,Philobrya,insularis,Soot-Ryen 1960,suspension,attached,mobile,epifaunal,0,0,2.26495033058122,5.58847684
102288,Philobryidae,Philobrya,kerguelensis,(E. A. Smith 1885),suspension,attached,mobile,epifaunal,5,5,6.32455532033676,6.094995221
112848,Philobryidae,Philobrya,laevis,Thiele 1912,suspension,attached,mobile,epifaunal,45,45,5.47722557505166,6.094995221
102289,Philobryidae,Philobrya,meleagrina,(Bernard 1896),suspension,attached,mobile,epifaunal,64,64,4.4497190922574,8.979416063
106407,Philobryidae,Philobrya,modiolina,(Velain 1877),suspension,attached,mobile,epifaunal,30,30,2.09165006633519,4.93142855
102291,Philobryidae,Philobrya,modiolus,Suter 1913,suspension,attached,mobile,epifaunal,0,0,3,10.85797642
102292,Philobryidae,Philobrya,multistriata,Lamy 1908,suspension,attached,mobile,epifaunal,118,118,5.47722557505166,7.666174009
102294,Philobryidae,Philobrya,munita,(Finlay 1930),suspension,attached,mobile,epifaunal,0,0,3.66606055596467,15.0723886
102296,Philobryidae,Philobrya,obesa,(Powell 1958),suspension,attached,mobile,epifaunal,193,193,4.91934955049954,0.00869565199999989
112642,Philobryidae,Philobrya,olstadi,(Soot-Ryen 1951),suspension,attached,mobile,epifaunal,0,0,5.05173237612604,4.44483664
102377,Philobryidae,Philobrya,pinctada,(Finlay 1930),suspension,attached,mobile,epifaunal,91,91,4.84974226119286,15.18046213
102297,Philobryidae,Philobrya,quadrata,Pfeiffer in Martens & Pfeffer 1886,suspension,attached,mobile,epifaunal,5,5,7.8993670632526,7.777019678
102299,Philobryidae,Philobrya,robensis,(Cotton 1931),suspension,attached,mobile,epifaunal,1,1,2.28035085019828,11.481027827
102301,Philobryidae,Philobrya,setosa,(Carpenter 1872),suspension,attached,mobile,epifaunal,0,0,8.24621125123532,32.547854088
102302,Philobryidae,Philobrya,sivertsensi,Soot-Ryen 1960,suspension,attached,mobile,epifaunal,0,0,4.91426495012225,5.58847684
102303,Philobryidae,Philobrya,sublaevis,Pelseneer 1903,suspension,attached,mobile,epifaunal,1,1,14.3614066163451,13.37425005
102304,Philobryidae,Philobrya,tumida,(Thiele 1912),suspension,attached,mobile,epifaunal,100,100,7.71362431027076,1.834148937
100084,Philobryidae,Philobrya,wandelensis,Lamy 1906,suspension,attached,mobile,epifaunal,1,1,3.87298334620742,13.37425005
112949,Philobryidae,Verticipronus,cowuti,Urcola & Zelaya 2021,suspension,attached,mobile,epifaunal,0,0,4.32666153055679,3.991420663
106396,Philobryidae,Verticipronus,mytilus,Hedley 1904,suspension,attached,mobile,epifaunal,0,0,4.38748219369606,13.55408021
103970,Philobryidae,Verticipronus,tristanensis,Soot-Ryen 1952,suspension,attached,mobile,epifaunal,0,0,3.25576411921994,8.51430505
106085,Pholadidae,Anchomasa,alfredensis,(Bartsch 1915),suspension,unattached,immobile,infaunal,1,1,27.9642629082191,7.50439632
106097,Pholadidae,Anchomasa,davidi,(Deshayes 1874),suspension,unattached,immobile,infaunal,0,0,69.2820323027551,30.550758502
112685,Pholadidae,Anchomasa,fragilis,"(Sowerby II, 1845)",suspension,unattached,immobile,infaunal,0,0,21.6333076527839,29.688924672
112684,Pholadidae,Anchomasa,ghanaensis,Huber in von Cosel & Gofas 2018,suspension,unattached,immobile,infaunal,1,1,13.0249760076554,8.4276364
106227,Pholadidae,Anchomasa,lamellosa,(d'Orbigny 1846),suspension,unattached,immobile,infaunal,0,0,27.8208554864871,23.193393943
106109,Pholadidae,Anchomasa,manilensis,(Philippi 1847),suspension,unattached,immobile,infaunal,0,0,65.6323091167757,35.391454412
106112,Pholadidae,Anchomasa,obturamentum,(Hedley 1893),suspension,unattached,immobile,infaunal,0,0,31.7017349682947,14.981000183
106194,Pholadidae,Anchomasa,parva,(Pennant 1777),suspension,unattached,immobile,infaunal,0,0,38.3927076409049,28.242961288
106122,Pholadidae,Anchomasa,similis,(Gray 1835),suspension,unattached,immobile,infaunal,0,0,52.459508194416,19.779666772
106170,Pholadidae,Anchomasa,subtruncata,(Sowerby 1834),suspension,unattached,immobile,infaunal,0,0,55.7153479752213,26.218333645
106127,Pholadidae,Anchomasa,truncata,(Say 1822),suspension,unattached,immobile,infaunal,0,0,66.8580586017871,31.27672816
112361,Pholadidae,Aspidopholas,ovum,(Wood 1828),suspension,unattached,immobile,infaunal,0,0,31.4006369362152,19.73384628
106128,Pholadidae,Aspidopholas,tubigera,(Valenciennes in Du Petit-Thouars 1846),suspension,unattached,immobile,infaunal,0,0,19.4422220952236,22.56142189
106129,Pholadidae,Aspidopholas,yoshimurai,(Kuroda & Taramachi 1930),suspension,unattached,immobile,infaunal,0,0,21.8174242292714,30.550758502
106086,Pholadidae,Barnea,australasiae,(Sowerby 1849),suspension,unattached,immobile,infaunal,1,1,74.6993975879324,22.599333483
111697,Pholadidae,Barnea,birmanica,(Philippi 1849),suspension,unattached,immobile,infaunal,1,1,62.6258732474047,18.26400787
106089,Pholadidae,Barnea,candida,(Linnaeus 1758),suspension,unattached,immobile,infaunal,0,0,44.1588043316392,30.058333306
106171,Pholadidae,Chaceia,ovoidea,(Gould 1851),suspension,unattached,immobile,infaunal,0,0,96.8245836551854,11.990903764
106172,Pholadidae,Cyrtopleura,crucigera,(Sowerby 1834),suspension,unattached,immobile,infaunal,0,0,30.0333148353624,14.49458329
105995,Pholadidae,Diplothyra,curta,(Sowerby 1834),suspension,unattached,immobile,infaunal,0,0,11.6833214455479,16.65583349
106217,Pholadidae,Diplothyra,smithii,Tryon 1862,suspension,unattached,immobile,infaunal,6,6,15.2577848982085,29.179144841
106184,Pholadidae,Hatasia,melanura,(Sowerby 1834),suspension,unattached,immobile,infaunal,0,0,42.2137418384109,14.16168866
106183,Pholadidae,Hatasia,quadra,(Sowerby 1834),suspension,unattached,immobile,infaunal,0,0,19.6494274725754,12.20895835
106182,Pholadidae,Hatasia,tubifera,(Sowerby 1834),suspension,unattached,immobile,infaunal,0,0,24.1867732448956,7.51833035
106093,Pholadidae,Jouannetia,cumingii,"(Sowerby II, 1849)",suspension,unattached,immobile,infaunal,0,0,21.3307290077015,32.482212212
106174,Pholadidae,Jouannetia,duchassaingi,Fischer 1862,suspension,unattached,immobile,infaunal,12,12,48.8364617882991,7.51833035
106225,Pholadidae,Jouannetia,quillingi,Turner 1955,suspension,unattached,immobile,infaunal,11,11,18.2551362635287,18.40999665
112726,Pholadidae,Lignopholas,clappi,Turner 1955,suspension,unattached,immobile,infaunal,NA,5,13.0153755228192,6.11959994
106192,Pholadidae,Lignopholas,fluminalis,(Blanford 1867),suspension,unattached,immobile,infaunal,NA,NA,16.6661333247997,11.53547843
106138,Pholadidae,Lignopholas,rivicola,(Sowerby 1849),suspension,unattached,immobile,infaunal,NA,NA,10.5118980208143,6.71801286
106175,Pholadidae,Martesia,fragilis,Verrill & Bush 1898,suspension,unattached,immobile,infaunal,0,0,16.1338154197945,23.049929741
106110,Pholadidae,Martesia,multistriata,"(Sowerby II, 1849)",suspension,unattached,immobile,infaunal,NA,5,15.1986841535707,21.06885968
106117,Pholadidae,Martesia,pygmaea,"Tchang, Tsi & Li 1960",suspension,unattached,immobile,infaunal,NA,5,6.70820393249937,14.45333387
106124,Pholadidae,Martesia,striata,(Linnaeus 1758),suspension,unattached,immobile,infaunal,0,0,38.8033503708121,35.391454412
106113,Pholadidae,Monothyra,orientalis,(Gmelin 1791),suspension,unattached,immobile,infaunal,1,1,95.4017819540075,19.23757573
106096,Pholadidae,Netastoma,darwinii,(Sowerby II 1849),suspension,unattached,immobile,infaunal,15,15,27.8747197295327,26.967727239
106105,Pholadidae,Netastoma,japonicum,(Yokoyama 1920),suspension,unattached,immobile,infaunal,0,0,20.6155281280883,30.509534252
106173,Pholadidae,Netastoma,rostratum,(Valenciennes 1846),suspension,unattached,immobile,infaunal,0,0,15.2735064736294,21.211694968
106119,Pholadidae,Nipponopholas,satoi,Okomoto & Habe 1987,suspension,unattached,immobile,infaunal,15,15,8.54400374531753,14.87901655
106177,Pholadidae,Parapholas,acuminata,(Sowerby 1834),suspension,unattached,immobile,infaunal,0,0,60.0666296707248,17.54117654
111870,Pholadidae,Parapholas,branchiata,(Gould 1845),suspension,unattached,immobile,infaunal,5,5,20.4939015319192,8.77333341
106087,Pholadidae,Parapholas,californica,(Conrad 1837),suspension,unattached,immobile,infaunal,0,0,101.734949746879,17.407436772
106176,Pholadidae,Parapholas,calva,(Sowerby 1834),suspension,unattached,immobile,infaunal,0,0,38.8587184554509,14.49458329
106118,Pholadidae,Parapholas,quadrizonata,(Spengler 1792),suspension,unattached,immobile,infaunal,0,0,37.6191440625647,29.976666501
106094,Pholadidae,Particoma,cuneiformis,(Say 1822),suspension,unattached,immobile,infaunal,0,0,15.6076904121013,20.86151529
106090,Pholadidae,Penitella,chishimana,(Habe 1955),suspension,unattached,immobile,infaunal,NA,NA,40.1497197997695,25.612129312
106091,Pholadidae,Penitella,conradi,Valenciennes 1846,suspension,unattached,immobile,infaunal,0,0,30.1662062579967,16.823391349
112686,Pholadidae,Penitella,dolichothyra,(Tchang et al. 1960),suspension,unattached,immobile,infaunal,0,0,7.41619848709566,29.780727154
106180,Pholadidae,Penitella,fitchi,Turner 1955,suspension,unattached,immobile,infaunal,0,0,57.6541412215983,16.11420456
111949,Pholadidae,Penitella,gabbii,(Tryon 1863),suspension,unattached,immobile,infaunal,0,0,94.04254356407,31.710210632
106178,Pholadidae,Penitella,hopkinsi,Kennedy & Armentrout 1989,suspension,unattached,immobile,infaunal,0,0,38.7298334620742,12.470877066
106141,Pholadidae,Penitella,penita,(Conrad 1837),suspension,unattached,immobile,infaunal,0,0,66.8206554891525,27.637784002
106181,Pholadidae,Penitella,richardsoni,Kennedy 1989,suspension,unattached,immobile,infaunal,0,0,45.8257569495584,20.390000578
106179,Pholadidae,Penitella,turnerae,Evans & Fischer 1966,suspension,unattached,immobile,infaunal,0,0,90.9945053286186,17.047419418
106084,Pholadidae,Pholadidea,acherontea,Beu & Climo 1974,suspension,unattached,immobile,infaunal,35,35,24.2487113059643,12.106406823
112683,Pholadidae,Pholadidea,eborensis,von Cosel & Haga in von Cosel & Gofas 2018,suspension,unattached,immobile,infaunal,80,80,33.9610070522062,4.94392877
106101,Pholadidae,Pholadidea,fauroti,Jousseaume 1888,suspension,unattached,immobile,infaunal,NA,NA,12.7828009450198,14.31668117
106195,Pholadidae,Pholadidea,loscombiana,Goodall in Turton 1819,suspension,unattached,immobile,infaunal,0,0,28.2842712474619,25.64833331
106123,Pholadidae,Pholadidea,spathulata,"(Sowerby II, 1850)",suspension,unattached,immobile,infaunal,0,0,33.166247903554,14.513740292
106126,Pholadidae,Pholadidea,tridens,(Gray in Dieffenbach 1843),suspension,unattached,immobile,infaunal,0,0,20.5060966544099,12.106406823
106103,Pholadidae,Pholadopsis,globulosa,(Quoy & Gaimard 1835),suspension,unattached,immobile,infaunal,0,0,16.7928556237467,26.109203369
106115,Pholadidae,Pholadopsis,pectinata,Conrad 1849,suspension,unattached,immobile,infaunal,0,0,41.6749325134427,15.84157504
112410,Pholadidae,Pholadopsis,spinosa,Haga & Kase 2008,suspension,unattached,immobile,infaunal,50,50,12.3115799148606,20.595290426
106211,Pholadidae,Pholadopsis,uncinata,von Cosel 1995,suspension,unattached,immobile,infaunal,NA,NA,9.97546991374341,8.40165303
112930,Pholadidae,Pholadopsis,vignoni,"P. Fischer, 1862",suspension,unattached,immobile,infaunal,NA,NA,9.25634917232491,7.96610229
106095,Pholadidae,Pholas,dactylus,Linnaeus 1758,suspension,unattached,immobile,infaunal,0,0,81.0351775465446,35.003861336
106092,Pholadidae,Scobinopholas,costata,(Linnaeus 1758),suspension,unattached,immobile,infaunal,0,0,131.704214055587,29.902510216
106202,Pholadidae,Scobinopholas,lanceolata,(d'Orbigny 1846),suspension,unattached,immobile,infaunal,0,0,39.2428337406972,22.163935279
106395,Pholadidae,Talona,explanata,(Spengler 1792),suspension,unattached,immobile,infaunal,0,0,47.549973711875,9.65124968
112682,Pholadidae,Thovana,bissauensis,von Cosel & Haga in von Cosel & Gofas 2018,suspension,unattached,immobile,infaunal,1,1,30,12.31232138
106088,Pholadidae,Thovana,campechiensis,(Gmelin 1791),suspension,unattached,immobile,infaunal,NA,5,70.1498396291823,19.91667863
106228,Pholadidae,Thovana,chiloensis,(Molina 1782),suspension,unattached,immobile,infaunal,0,0,84.4985206971104,23.055714474
106098,Pholadidae,Umitakea,dilatata,(Souleyet 1843),suspension,unattached,immobile,infaunal,1,1,110.78573915446,18.83936288
106106,Pholadidae,Umitakea,japonica,(Yokoyama 1920),suspension,unattached,immobile,infaunal,1,1,91.9130023446085,30.811878672
106196,Pholadidae,Zirfaea,crispata,Linnaeus 1758,suspension,unattached,immobile,infaunal,0,0,69.2820323027551,27.958983899
106142,Pholadidae,Zirfaea,pilsbryi,Lowe 1931,suspension,unattached,immobile,infaunal,0,0,109.836241741968,30.962396388
104256,Pholadomyidae,Pholadomya,candida,Sowerby 1823,suspension,unattached,mobile,infaunal,1,1,96.1249187255833,5.66518175
102326,Pinnidae,Abyssopinna,cellophana,(Matsukuma & Okutani 1986),suspension,attached,immobile,infaunal,100,100,102.171424576542,16.25756609
104031,Pinnidae,Abyssopinna,epica,(Jousseaume 1894),suspension,attached,immobile,infaunal,100,100,155.884572681199,20.745591367
101156,Pinnidae,Abyssopinna,linguafelis,(Habe 1953),suspension,attached,immobile,infaunal,150,150,214.615936034582,28.973846251
100295,Pinnidae,Atrina,chautardi,(Nickles 1953),suspension,attached,immobile,infaunal,4,4,161.121072488983,12.60574951
100296,Pinnidae,Atrina,fragilis,(Pennant 1777),suspension,attached,immobile,infaunal,50,50,391.918358845308,28.591666596
112120,Pinnidae,Atrina,n.sp. cf.A. oldroydii,Schultz & Huber 2013,suspension,attached,immobile,infaunal,12,12,255.742057550181,12.21492516
100300,Pinnidae,Atrina,rigida,(Lightfoot 1786),suspension,attached,immobile,infaunal,1.5,1.5,272.873597110457,19.73802633
100301,Pinnidae,Atrina,squamifera,(Sowerby 1835),suspension,attached,immobile,infaunal,2,2,286.862336321797,14.83000013
100303,Pinnidae,Atrina,tuberculosa,(Sowerby 1835),suspension,attached,immobile,infaunal,1,1,219.408295194143,14.49458329
100304,Pinnidae,Atrina,vexillum,(Born 1778),suspension,attached,immobile,infaunal,0,0,381.994764362026,32.627575601
112252,Pinnidae,Cyrtopinna,attenuata,(Reeve 1858),suspension,attached,immobile,infaunal,2,2,296.647939483827,27.369800422
102327,Pinnidae,Cyrtopinna,incurva,(Gmelin 1791),suspension,attached,immobile,infaunal,15,15,200.717712222913,6.54355701
12539,Pinnidae,Cyrtopinna,trigonalis,(Pease 1861),suspension,attached,immobile,infaunal,12,12,154.142790943982,2.54438851
112544,Pinnidae,Cyrtopinna,trigonium,Dunker 1852,suspension,attached,immobile,infaunal,10,10,253.732142228768,5.2008695
12146,Pinnidae,Cyrtopinna,wayae,Schultz & Huber 2013,suspension,attached,immobile,infaunal,0,0,165.891530826622,13.22500038
102325,Pinnidae,Pinna,carnea,Gmelin 1791,suspension,attached,immobile,infaunal,0,0,277.533781727558,17.72206152
105081,Pinnidae,Pinna,deltodes,Menke 1843,suspension,attached,immobile,infaunal,0,0,357.49125863439,19.62851849
12537,Pinnidae,Pinna,fimbriatula,Reeve 1859,suspension,attached,immobile,infaunal,NA,5,316.227766016838,17.21471834
102329,Pinnidae,Pinna,nobilis,Linnaeus 1758,suspension,attached,immobile,infaunal,0.5,0.5,829.939756849857,22.285577044
112175,Pinnidae,Pinna,rapanui,Araya & Osorio 2016,suspension,attached,immobile,infaunal,10,10,91.016482023862,5.24500001
102331,Pinnidae,Pinna,rudis,Linnaeus 1758,suspension,attached,immobile,infaunal,1,1,314.443953670602,22.861666644
102332,Pinnidae,Pinna,rugosa,Sowerby 1835,suspension,attached,immobile,infaunal,0,0,422.812014966462,16.96133355
112540,Pinnidae,Servatrina,assimilis,(Reeve 1858),suspension,attached,immobile,infaunal,8,8,164.499240119825,13.1578206
112383,Pinnidae,Servatrina,chinensis,(Deshayes in Cuvier 1841),suspension,attached,immobile,infaunal,6,6,235.282808551751,22.218446862
112119,Pinnidae,Servatrina,cumingii,(Reeve 1858),suspension,attached,immobile,infaunal,1,1,245.560583156173,16.96133355
112545,Pinnidae,Servatrina,exusta,(Gmelin 1791),suspension,attached,immobile,infaunal,1,1,175.099971444886,23.188701055
112541,Pinnidae,Servatrina,hystrix,(Hanley 1858),suspension,attached,immobile,infaunal,15,15,172.973986483517,17.93957597
112542,Pinnidae,Servatrina,inflata,(Dillwyn 1817),suspension,attached,immobile,infaunal,15,15,206.215906273013,7.73047849
112385,Pinnidae,Servatrina,japonica,(Reeve 1858),suspension,attached,immobile,infaunal,0,0,324.037034920393,30.550758502
100305,Pinnidae,Servatrina,kinoshitai,Habe 1953,suspension,attached,immobile,infaunal,100,100,86.4869932417586,18.986936917
112384,Pinnidae,Servatrina,lischkeana,(Clessin 1891),suspension,attached,immobile,infaunal,1,1,214.289523775662,20.841111188
12147,Pinnidae,Servatrina,marquesana,Schultz & Huber 2013,suspension,attached,immobile,infaunal,33,33,73.4166193719106,1.47492938
100297,Pinnidae,Servatrina,maura,(Sowerby 1835),suspension,attached,immobile,infaunal,0,0,402.492235949962,16.44182409
100298,Pinnidae,Servatrina,oldroydii,Dall 1891,suspension,attached,immobile,infaunal,2,2,291.417226669941,19.00784482
100308,Pinnidae,Servatrina,pectinata,(Linnaeus 1758),suspension,attached,immobile,infaunal,5,5,182.482875908947,16.11900418
100309,Pinnidae,Servatrina,penna,(Reeve 1858),suspension,attached,immobile,infaunal,40,40,118.743420870379,26.928646232
112137,Pinnidae,Servatrina,pini,(Schultz & Huber 2013),suspension,attached,immobile,infaunal,100,100,165.227116418583,10.0314285
112528,Pinnidae,Servatrina,recta,"Dall, Bartsch & Rehder 1938",suspension,attached,immobile,infaunal,0,0,111.3552872566,3.28320148
100310,Pinnidae,Servatrina,seminuda,(Lamarck 1819),suspension,attached,immobile,infaunal,0.3,0.3,181.791088890517,27.233249169
111670,Pinnidae,Servatrina,serra,(Reeve 1858),suspension,attached,immobile,infaunal,1,1,115.152073363878,16.83583347
100311,Pinnidae,Servatrina,serrata,(Sowerby 1825),suspension,attached,immobile,infaunal,1,1,249.599679486974,19.91667863
112253,Pinnidae,Servatrina,strangei,(Reeve 1858),suspension,attached,immobile,infaunal,0,0,312.537997689881,15.1281612
100312,Pinnidae,Servatrina,tasmanica,(Tenison-Woods 1876),suspension,attached,immobile,infaunal,2,2,250.998007960223,17.747941233
100313,Pinnidae,Servatrina,teramachii,Habe 1953,suspension,attached,immobile,infaunal,100,100,134.87030807409,20.190172881
100302,Pinnidae,Servatrina,texta,"Hertlein, Hanna & Strong 1943",suspension,attached,immobile,infaunal,50,50,201.357890334598,20.02168402
111927,Pinnidae,Servatrina,zelandica,(Gray in Yate 1835),suspension,attached,immobile,infaunal,1,1,256.144490473639,14.513740292
102891,Pinnidae,Streptopinna,saccata,(Linnaeus 1758),suspension,attached,immobile,infaunal,1,1,165.674379431462,32.627575601
112529,Pinnidae,Subitopinna,angustana,(Lamarck 1819),suspension,attached,immobile,infaunal,NA,5,182.934414476883,17.93957597
111856,Pinnidae,Subitopinna,atropurpurea,(Sowerby 1825),suspension,attached,immobile,infaunal,1,1,255.440795488896,19.90297842
102324,Pinnidae,Subitopinna,bicolor,(Gmelin 1791),suspension,attached,immobile,infaunal,0,0,254.558441227157,20.31424225
112525,Pinnidae,Subitopinna,dolabrata,(Lamarck 1819),suspension,attached,immobile,infaunal,0,0,300,11.75350891
112548,Pinnidae,Subitopinna,electrina,Reeve 1858,suspension,attached,immobile,infaunal,1,1,114.498908291739,7.31574827
12538,Pinnidae,Subitopinna,madida,(Reeve 1858),suspension,attached,immobile,infaunal,1,1,302.8217297355,13.52833334
112524,Pinnidae,Subitopinna,menkei,Iredale 1939,suspension,attached,immobile,infaunal,NA,5,382.099463490856,14.52301743
102328,Pinnidae,Subitopinna,muricata,Linnaeus 1758,suspension,attached,immobile,infaunal,0,0,178.185296812055,32.627575601
112549,Pinnidae,Subitopinna,papyracea,Gmelin 1791,suspension,attached,immobile,infaunal,1,1,72.8697468089467,7.99448915
112527,Pinnidae,Subitopinna,sanguinolenta,(Reeve 1858),suspension,attached,immobile,infaunal,NA,NA,96.5505049184105,9.76640906
109820,Placunidae,Ephippium,ephippium,(Philipsson in Restzius 1788),suspension,unattached,immobile,epifaunal,0,0,206.886925638137,15.75297852
109821,Placunidae,Ephippium,lincolnii,(Gray 1849),suspension,unattached,immobile,epifaunal,0,0,138.293166859393,2.49134337
109822,Placunidae,Ephippium,lobata,"(Sowerby, 1871)",suspension,unattached,immobile,epifaunal,0,0,76.0664183460744,11.66106073
110754,Placunidae,Ephippium,quadrangula,(Philipsson in Retzius 1788),suspension,unattached,immobile,epifaunal,5,5,184.542677990756,15.27066083
109823,Placunidae,Placuna,placenta,(Linnaeus 1758),suspension,unattached,immobile,epifaunal,0,0,96.2236977048793,30.582375582
106384,Placunidae,Placunanomia,cumingii,Broderip 1832,suspension,attached,immobile,epifaunal,0,0,104.450945424156,16.11349055
106385,Placunidae,Placunanomia,panamensis,Olsson 1942,suspension,attached,immobile,epifaunal,2,2,70,14.16168866
106382,Plicatulidae,Plicatula,angolensis,von Cosel 1995,suspension,attached,immobile,epifaunal,1,1,26.0969346858975,9.00613567
106358,Plicatulidae,Plicatula,anomioides,Keen 1958,suspension,attached,immobile,epifaunal,0,0,42,16.44182409
104076,Plicatulidae,Plicatula,australis,Lamarck 1819,suspension,attached,immobile,epifaunal,0,0,43.4223444783904,27.673133382
106378,Plicatulidae,Plicatula,complanata,Deshayes 1863,suspension,attached,immobile,epifaunal,5,5,46.3680924774785,20.31424225
107797,Plicatulidae,Plicatula,dubia,"Sowerby II, 1847",suspension,attached,immobile,epifaunal,5,5,36.9864840178139,3.44346602
106361,Plicatulidae,Plicatula,gibbosa,Lamarck 1801,suspension,attached,immobile,epifaunal,0,0,31.984371183439,23.134561579
106362,Plicatulidae,Plicatula,horrida,Dunker 1882,suspension,attached,immobile,epifaunal,0,0,18.6010752377383,26.653133202
106363,Plicatulidae,Plicatula,miskito,Petuch 1998,suspension,attached,immobile,epifaunal,1,1,11.9582607431014,2.72707235
106364,Plicatulidae,Plicatula,muricata,"Sowerby II, 1873",suspension,attached,immobile,epifaunal,30,30,27.495454169735,29.718333401
106368,Plicatulidae,Plicatula,penicillata,Carpenter 1857,suspension,attached,immobile,epifaunal,0,0,24.8837296239933,14.49458329
107802,Plicatulidae,Plicatula,pernula,Melvill 1898,suspension,attached,immobile,epifaunal,44,44,17.3205080756888,9.70635579
106365,Plicatulidae,Plicatula,plicata,(Linnaeus 1767),suspension,attached,immobile,epifaunal,1,1,47.4973683481517,32.627575601
112391,Plicatulidae,Plicatula,regularis,Philippi 1849,suspension,attached,immobile,epifaunal,18,18,12.7279220613579,29.142978391
106367,Plicatulidae,Plicatula,spondylopsis,DeRochebrune 1895,suspension,attached,immobile,epifaunal,0,0,48.3735464897913,16.44182409
106370,Plicatulidae,Plicatula,squamosissima,E.A. Smith 1899,suspension,attached,immobile,epifaunal,0,0,25.5804612937296,9.858
103644,Poromyidae,Cetoconcha,boucheti,Poutiers & Bernard 1995,non_suspension,unattached,mobile,infaunal,180,180,8.01498596380555,2.76909902
112471,Poromyidae,Cetoconcha,forbesi,(H. Adams 1875),non_suspension,unattached,mobile,infaunal,30,30,16.7332005306815,5.99931807
103796,Poromyidae,Cetoconcha,gilchristi,"(Sowerby III, 1904)",non_suspension,unattached,mobile,infaunal,80,80,30.6535479186341,7.31159329
103646,Poromyidae,Cetoconcha,gloriosa,(Prashad 1932),non_suspension,unattached,mobile,infaunal,96,96,18.792551716039,15.57399379
103821,Poromyidae,Cetoconcha,hyalina,(Hinds 1843),non_suspension,unattached,mobile,infaunal,60,60,41.8748134324202,29.980436864
103976,Poromyidae,Cetoconcha,striata,"(Sowerby III, 1904)",non_suspension,unattached,mobile,infaunal,96,96,18.7616630392937,12.87589888
103992,Poromyidae,Cetoconcha,tenuissima,Okutani 1966,non_suspension,unattached,mobile,infaunal,69,69,8.77496438739212,2.26276567
103667,Poromyidae,Cetomya,albida,(Dall 1886),non_suspension,unattached,mobile,infaunal,179,179,20.4755952294433,18.6026558
103642,Poromyidae,Cetomya,butoni,(Prashad 1932),non_suspension,unattached,mobile,infaunal,70,70,14.9435604860421,11.14662587
103762,Poromyidae,Cetomya,elongata,(Dall 1886),non_suspension,unattached,mobile,infaunal,110,110,19.5576072156079,7.60370749
112414,Poromyidae,Cetomya,intermedia,(Habe 1952),non_suspension,unattached,mobile,infaunal,50,50,10.899541274751,18.986936917
111937,Poromyidae,Cetomya,scapha,(Dall 1902),non_suspension,unattached,mobile,infaunal,183,183,10.1646446076584,1.76876043
103974,Poromyidae,Cetomya,spinosula,(Thiele 1912),non_suspension,unattached,mobile,infaunal,110,110,34.8998567332303,14.2190323
103711,Poromyidae,Dermatomya,buttoni,(Dall 1916),non_suspension,unattached,mobile,infaunal,37,37,14.2302494707577,12.944286342
103856,Poromyidae,Dermatomya,mactroides,(Dall 1889),non_suspension,unattached,mobile,infaunal,120,120,15.9311016568221,9.09891989
103691,Poromyidae,Poromya,australis,E. A. Smith 1885,non_suspension,unattached,mobile,infaunal,83,83,11.4708325765831,14.51304875
103718,Poromyidae,Poromya,castanea,Habe 1952,non_suspension,unattached,mobile,infaunal,30,30,17.7763888346312,30.550758502
103745,Poromyidae,Poromya,cymata,Dall 1890,non_suspension,unattached,mobile,infaunal,72,72,9.66953980290686,18.31326844
103779,Poromyidae,Poromya,flexuosa,Yokoyama 1922,non_suspension,unattached,mobile,infaunal,30,30,14.6191655028596,28.1775691
103803,Poromyidae,Poromya,granosissima,"Sowerby III, 1904",non_suspension,unattached,mobile,infaunal,49,49,10.4880884817015,6.62120021
103804,Poromyidae,Poromya,granulata,(Nyst & Westendorp 1839),non_suspension,unattached,mobile,infaunal,30,30,16.5408585025083,32.63789483
103818,Poromyidae,Poromya,hayashii,Habe 1958,non_suspension,unattached,mobile,infaunal,50,50,17.2046505340853,18.986936917
103820,Poromyidae,Poromya,houbricki,Bernard 1989,non_suspension,unattached,mobile,infaunal,95,95,13.4164078649987,14.244370835
103843,Poromyidae,Poromya,illevis,Hedley 1913,non_suspension,unattached,mobile,infaunal,15,15,16.0816665803019,16.83610958
103941,Poromyidae,Poromya,rostrata,Rehder 1943,non_suspension,unattached,mobile,infaunal,27,27,9.77496803063826,19.91667863
110753,Poromyidae,Poromya,sinica,Xu 1999,non_suspension,unattached,mobile,infaunal,105,105,5.58569601750758,11.42761724
103985,Poromyidae,Poromya,sumatrana,Thiele & Jaeckel 1931,non_suspension,unattached,mobile,infaunal,61,61,10.1143462467922,15.75297852
100877,Propeamussiidae,Chlamydella,favus,(Hedley 1902),non_suspension,attached,mobile,epifaunal,20,20,4.39545219516718,22.296000523
100879,Propeamussiidae,Chlamydella,lemchei,(Powell 1958),non_suspension,attached,mobile,epifaunal,75,75,6.00632999426438,11.30283743
100890,Propeamussiidae,Chlamydella,mestayerae,(Dell 1956),non_suspension,attached,mobile,epifaunal,91,91,2.78783069787245,12.106406823
105075,Propeamussiidae,Chlamydella,tenuissima,Hayami & Kase 1993,non_suspension,attached,mobile,epifaunal,13,13,2.0976176963403,20.056578569
111876,Propeamussiidae,Cyclochlamys,aperta,Dijkstra & Maestrati 2012,non_suspension,attached,mobile,epifaunal,10,10,1.46969384566991,2.6458462
104101,Propeamussiidae,Cyclochlamys,aupouria,(Powell 1937),non_suspension,attached,mobile,epifaunal,79,79,4,7.60853332
111615,Propeamussiidae,Cyclochlamys,australensis,Dijkstra & Maestrati 2010,non_suspension,attached,mobile,epifaunal,3,3,1.59687194226713,6.4214393
104102,Propeamussiidae,Cyclochlamys,austrina,Dijkstra & Marshall 2008,non_suspension,attached,mobile,epifaunal,113,113,1.74928556845359,9.34357901
112321,Propeamussiidae,Cyclochlamys,bacachorda,Dijkstra & Maestrati 2015,non_suspension,attached,mobile,epifaunal,75,75,3.19374388453426,7.90937464
104103,Propeamussiidae,Cyclochlamys,bacata,Dijkstra & Marshall 2008,non_suspension,attached,mobile,epifaunal,113,113,1.89736659610103,5.32377619
112693,Propeamussiidae,Cyclochlamys,barbatula,Dijkstra & Maestrati 2017,non_suspension,attached,mobile,epifaunal,3,3,1.59687194226713,2.26343866
112692,Propeamussiidae,Cyclochlamys,corrugata,Dijkstra & Maestrati 2017,non_suspension,attached,mobile,epifaunal,4,4,3.0854497241083,2.26343866
104104,Propeamussiidae,Cyclochlamys,delli,Dijkstra & Marshall 2008,non_suspension,attached,mobile,epifaunal,146,146,4.63680924774785,12.887358372
100878,Propeamussiidae,Cyclochlamys,incubata,(Hayami & Kase 1993),non_suspension,attached,mobile,epifaunal,4,4,2.2,20.745591367
104105,Propeamussiidae,Cyclochlamys,irregularis,Dijkstra & Marshall 2008,non_suspension,attached,mobile,epifaunal,20,20,2.79284800875379,12.106406823
100889,Propeamussiidae,Cyclochlamys,martensi,(Dijkstra 1998),non_suspension,attached,mobile,epifaunal,150,150,3.7,5.054360886
112323,Propeamussiidae,Cyclochlamys,meleagrina,(Thiele in Thiele & Jaeckel 1931),non_suspension,attached,mobile,epifaunal,88,88,2.52388589282479,5.054360886
105125,Propeamussiidae,Cyclochlamys,multistriatus,(Linse 2002),non_suspension,attached,mobile,epifaunal,12,12,1.74928556845359,16.277062588
112937,Propeamussiidae,Cyclochlamys,nepeanensis,(Pritchard & Gaitliff 1940),non_suspension,attached,mobile,epifaunal,26,26,1.92353840616713,18.75922177
100881,Propeamussiidae,Cyclochlamys,perplexus,Soot-Ryen 1960,non_suspension,attached,mobile,epifaunal,30,30,1.6,5.58847684
104106,Propeamussiidae,Cyclochlamys,pileolus,Dijkstra & Marshall 2008,non_suspension,attached,mobile,epifaunal,18,18,1.44913767461894,12.887358372
100886,Propeamussiidae,Cyclochlamys,pteriola,(Melvill & Standen 1907),non_suspension,attached,mobile,epifaunal,16,16,4.24264068711928,1.87970893
100901,Propeamussiidae,Cyclochlamys,transenna,(Suter 1913),non_suspension,attached,mobile,epifaunal,18,18,3.19374388453426,12.887358372
111995,Propeamussiidae,Cyclochlamys,wakensis,Dijkstra & Raines 2013,non_suspension,attached,mobile,epifaunal,15,15,2.2494443758404,2.77825763
104107,Propeamussiidae,Cyclochlamys,wanganellica,Dijkstra & Marshall 2008,non_suspension,attached,mobile,epifaunal,113,113,2.42177620766247,5.32377619
100882,Propeamussiidae,Cyclopecten,acutus,Grau 1959,non_suspension,attached,mobile,epifaunal,59,59,4,9.3491516
111600,Propeamussiidae,Cyclopecten,ambiguus,Dijkstra & Maestrati 2010,non_suspension,attached,mobile,epifaunal,16,16,3,6.4214393
106418,Propeamussiidae,Cyclopecten,barbarensis,Grau 1959,non_suspension,attached,mobile,epifaunal,50,50,4,6.31660147
100883,Propeamussiidae,Cyclopecten,brundisiensis,Smriglio & Mariottini 1990,non_suspension,attached,mobile,epifaunal,16,16,3,22.861666644
100884,Propeamussiidae,Cyclopecten,cancellus,Dijkstra 1991,non_suspension,attached,mobile,epifaunal,130,130,3.69459064038223,16.44312549
100885,Propeamussiidae,Cyclopecten,catalinensis,(Willett 1931),non_suspension,attached,mobile,epifaunal,30,30,8,19.40221466
106419,Propeamussiidae,Cyclopecten,cocosensis,Dall 1908,non_suspension,attached,mobile,epifaunal,90,90,9.48683298050514,3.71001455
105409,Propeamussiidae,Cyclopecten,davidsoni,(Dall 1897),non_suspension,attached,mobile,epifaunal,146,146,18,18.004589782
112316,Propeamussiidae,Cyclopecten,distinctus,(E. A. Smith 1885),non_suspension,attached,mobile,epifaunal,106,106,9.69535971483266,3.498563649
100887,Propeamussiidae,Cyclopecten,exquisitus,Grau 1959,non_suspension,attached,mobile,epifaunal,22,22,5.84807660688538,17.18226211
112497,Propeamussiidae,Cyclopecten,horridus,Dijkstra 1995,non_suspension,attached,mobile,epifaunal,150,150,5.94978991225741,9.22812561
106391,Propeamussiidae,Cyclopecten,hoskynsi,(Forbes 1844),non_suspension,attached,mobile,epifaunal,37,37,24.0831891575846,31.65166664
111875,Propeamussiidae,Cyclopecten,kapalae,Dijkstra 1990,non_suspension,attached,mobile,epifaunal,38,38,6,2.6458462
102090,Propeamussiidae,Cyclopecten,leptaleus,(Verrill 1884),non_suspension,attached,mobile,epifaunal,70,70,6.74536878161602,18.12349987
100893,Propeamussiidae,Cyclopecten,pernomus,(Hertlein 1935),non_suspension,attached,mobile,epifaunal,2,2,10,17.82958357
104428,Propeamussiidae,Cyclopecten,reticulus,(Dall 1886),non_suspension,attached,mobile,epifaunal,150,150,7.1239034243875,19.43923825
112082,Propeamussiidae,Cyclopecten,ringnesia,(Dall 1924),non_suspension,attached,mobile,epifaunal,NA,NA,12.4899959967968,0.460202172
104265,Propeamussiidae,Cyclopecten,ryukyuensis,Hayami & Kase 1993,non_suspension,attached,mobile,epifaunal,20,20,2.5,9.18630757
104109,Propeamussiidae,Cyclopecten,secundus,(Finlay 1926),non_suspension,attached,mobile,epifaunal,37,37,4.47213595499958,7.60853332
102480,Propeamussiidae,Cyclopecten,thalassinus,(Dall 1886),non_suspension,attached,mobile,epifaunal,40,40,8.74642784226795,30.573175864
111877,Propeamussiidae,Micropecten,excuratus,Dijkstra & Maestrati 2012,non_suspension,attached,mobile,epifaunal,17,17,2.4,2.6458462
105073,Propeamussiidae,Micropecten,plectofilum,(Oliver & Holmes 2004),non_suspension,attached,mobile,epifaunal,17,17,1.94935886896179,4.56530997
112694,Propeamussiidae,Micropecten,reticulatus,Dijkstra & Maestrati 2017,non_suspension,attached,mobile,epifaunal,8,8,2.1,1.0022835
102142,Propeamussiidae,Parvamussium,alaskense,(Dall 1871),non_suspension,attached,mobile,epifaunal,15,15,34.9857113690718,28.341534072
102143,Propeamussiidae,Parvamussium,araneum,Dijkstra 1991,non_suspension,attached,mobile,epifaunal,83,83,9,10.54270359
110668,Propeamussiidae,Parvamussium,caesicium,Dijkstra & Moolenbeek 2008,non_suspension,attached,mobile,epifaunal,10,10,3.2,1.34975208
102144,Propeamussiidae,Parvamussium,carbaseum,Dijkstra 1991,non_suspension,attached,mobile,epifaunal,7,7,4,9.26311943
102145,Propeamussiidae,Parvamussium,conspectum,Dijkstra & Kastoro 1997,non_suspension,attached,mobile,epifaunal,100,100,4.89591666595746,11.29243365
104215,Propeamussiidae,Parvamussium,decoratum,Hayami & Kase 1993,non_suspension,attached,mobile,epifaunal,12,12,5,8.32806473
102147,Propeamussiidae,Parvamussium,fenestratum,(Forbes 1844),non_suspension,attached,mobile,epifaunal,55,55,6.92820323027551,22.861666644
102148,Propeamussiidae,Parvamussium,formosum,(Melvill in Mellvill & Standen 1907),non_suspension,attached,mobile,epifaunal,30,30,10.4880884817015,20.60368675
102149,Propeamussiidae,Parvamussium,intuscostatum,Yokoyama 1920,non_suspension,attached,mobile,epifaunal,50,50,10,28.698333221
112320,Propeamussiidae,Parvamussium,kilburni,Dijkstra & Maestrati 2015,non_suspension,attached,mobile,epifaunal,165,165,10.4880884817015,7.06508935
112013,Propeamussiidae,Parvamussium,largoi,Dijkstra 2013,non_suspension,attached,mobile,epifaunal,97,97,6.69701426010129,2.94373624
105981,Propeamussiidae,Parvamussium,marmoratum,(Dall 1881),non_suspension,attached,mobile,epifaunal,24,24,13.2984961555809,18.82377717
102473,Propeamussiidae,Parvamussium,molokaium,"(Dall, Bartsch & Rehder 1938)",non_suspension,attached,mobile,epifaunal,24,24,7.29931503635786,3.43599318
102474,Propeamussiidae,Parvamussium,nesiotum,"(Dall, Bartsch & Rehder 1938)",non_suspension,attached,mobile,epifaunal,110,110,4.99899989997999,3.43599318
102154,Propeamussiidae,Parvamussium,pauciliratum,(E. A. Smith 1903),non_suspension,attached,mobile,epifaunal,2,2,10.8489630840924,12.11485522
111972,Propeamussiidae,Parvamussium,rainesi,Dijkstra 2012,non_suspension,attached,mobile,epifaunal,50,50,5.64446631666803,5.24500001
112322,Propeamussiidae,Parvamussium,sayanum,(Dall 1886),non_suspension,attached,mobile,epifaunal,91.4,91.4,15.2479506819769,8.47886375
102156,Propeamussiidae,Parvamussium,scitulum,(E.A. Smith 1885),non_suspension,attached,mobile,epifaunal,37,37,12,30.318000147
101306,Propeamussiidae,Parvamussium,siebenrocki,(Sturaney 1901),non_suspension,attached,mobile,epifaunal,84,84,10.7,12.45098976
102478,Propeamussiidae,Parvamussium,sinensis,(Wang 1980),non_suspension,attached,mobile,epifaunal,104,104,11.2312065246793,13.68318172
112935,Propeamussiidae,Parvamussium,slacksmithae,Dijkstra & Beu 2018,non_suspension,attached,mobile,epifaunal,92,92,6.19273768215641,12.1349842
102157,Propeamussiidae,Parvamussium,squalidulum,Dijkstra 1995,non_suspension,attached,mobile,epifaunal,112,112,13.4387499418659,11.65769691
102159,Propeamussiidae,Parvamussium,thetidis,(Hedley 1902),non_suspension,attached,mobile,epifaunal,80,80,10.6301458127346,21.06885968
102160,Propeamussiidae,Parvamussium,thyrideum,(Melvill in Melvill & Standen 1907),non_suspension,attached,mobile,epifaunal,80,80,5,18.24122648
102161,Propeamussiidae,Parvamussium,torresi,(E.A. Smith 1885),non_suspension,attached,mobile,epifaunal,81,81,12.0498962651137,16.74645845
100903,Propeamussiidae,Parvamussium,vidalensis,(Barnard 1964),non_suspension,attached,mobile,epifaunal,146,146,8,5.1985064
102163,Propeamussiidae,Parvamussium,virgatum,Dijkstra 1991,non_suspension,attached,mobile,epifaunal,161,161,10,4.43619847
102468,Propeamussiidae,Propeamussium,dalli,(E. A. Smith 1885),non_suspension,attached,mobile,epifaunal,150,150,86.2810523811572,17.72206152
102471,Propeamussiidae,Propeamussium,investigatoris,(E. A. Smith 1906),non_suspension,attached,mobile,epifaunal,176,176,26.2488094968134,5.03444206
102151,Propeamussiidae,Propeamussium,jeffreysii,(E. A. Smith 1885),non_suspension,attached,mobile,epifaunal,80,80,26.6683332812533,29.142978391
110318,Propeamussiidae,Propeamussium,rubrotinctum,(Oyama in Kuroda 1951),non_suspension,attached,mobile,epifaunal,150,150,20,3.49827649
102477,Propeamussiidae,Propeamussium,sibogai,(Dautzenberg & Bavay 1904),non_suspension,attached,mobile,epifaunal,90,90,63.2257858788643,29.142978391
112012,Propeamussiidae,Propeamussium,siratama,(Oyama 1951),non_suspension,attached,mobile,epifaunal,100,100,19.9749843554382,18.986936917
112936,Propeamussiidae,Similipecten,colmani,Dijkstra & Beu 2018,non_suspension,attached,mobile,epifaunal,50,50,4.17133072292284,10.82696974
102714,Propeamussiidae,Similipecten,eous,(Melvill in Melvill & Standen 1907),non_suspension,attached,mobile,epifaunal,80,80,3.87298334620742,18.24122648
100270,Propeamussiidae,Similipecten,greenlandicus,(Sowerby 1842),non_suspension,attached,mobile,epifaunal,19,19,35,21.36666616
106245,Propeamussiidae,Similipecten,herosae,Dijkstra & Maestrati 2008,non_suspension,attached,mobile,epifaunal,76,76,3.94715087119811,5.18021354
100892,Propeamussiidae,Similipecten,nanus,(Verrill & Bush in Verrill 1897),non_suspension,attached,mobile,epifaunal,35,35,6.48074069840786,28.992631673
105427,Propeamussiidae,Similipecten,redferni,Dijkstra 2002,non_suspension,attached,mobile,epifaunal,35,35,4.87826813531196,8.49132689
102715,Propeamussiidae,Similipecten,similis,(Laskey 1811),non_suspension,attached,mobile,epifaunal,4,4,8.36660026534076,30.547952356
100292,Psammobiidae,Asaphis,deflorata,(Linnaeus 1758),non_suspension,unattached,mobile,infaunal,0,0,56.7450438364444,13.21443023
100293,Psammobiidae,Asaphis,violascens,(Forsskal 1775),non_suspension,unattached,mobile,infaunal,0,0,89.9321966817224,32.627575601
101243,Psammobiidae,Dysmea,circe,(Morch 1876),non_suspension,unattached,mobile,infaunal,5,5,33.166247903554,17.72206152
101244,Psammobiidae,Dysmea,helenae,Olsson 1961,non_suspension,unattached,mobile,infaunal,0,0,46.600429182573,16.96133355
101246,Psammobiidae,Dysmea,occidens,(Gmelin 1791),non_suspension,unattached,mobile,infaunal,6,6,88.656641037206,22.56142189
101248,Psammobiidae,Gari,anomala,(Deshayes 1855),non_suspension,unattached,mobile,infaunal,0,0,23.3238075793812,27.673133382
101249,Psammobiidae,Gari,candidula,(Deshayes 1855),non_suspension,unattached,mobile,infaunal,NA,NA,18.7082869338697,5.39506501
101250,Psammobiidae,Gari,lessoni,"(Blainville, 1826)",non_suspension,unattached,mobile,infaunal,0,0,41.2916456441252,19.65217969
101251,Psammobiidae,Gari,maculosa,(Lamarck 1818),non_suspension,unattached,mobile,infaunal,0,0,47.6969600708473,32.627575601
101252,Psammobiidae,Gari,modesta,(Deshayes 1855),non_suspension,unattached,mobile,infaunal,0,0,19.3028495305745,22.296000523
101253,Psammobiidae,Gari,pallida,(Deshayes 1855),non_suspension,unattached,mobile,infaunal,0,0,35.3553390593274,34.360302894
101255,Psammobiidae,Gari,pennata,(Deshayes 1855),non_suspension,unattached,mobile,infaunal,1,1,14.6287388383278,22.56142189
101256,Psammobiidae,Gari,pulcherrima,(Deshayes 1855),non_suspension,unattached,mobile,infaunal,4,4,28.9136645896019,32.627575601
101257,Psammobiidae,Gari,sibogai,Prashad 1932,non_suspension,unattached,mobile,infaunal,9,9,14.5636533878007,29.718333401
101259,Psammobiidae,Gari,squamosa,(Lamarck 1818),non_suspension,unattached,mobile,infaunal,0,0,26.8700576850888,23.662346895
101260,Psammobiidae,Gari,truncata,(Linnaeus 1767),non_suspension,unattached,mobile,infaunal,0,0,37.8285606387555,32.627575601
101263,Psammobiidae,Gobraeus,californica,(Conrad 1849),suspension,unattached,mobile,infaunal,0,0,118.974787245029,30.908870518
101264,Psammobiidae,Gobraeus,castrensis,(Spengler 1794),suspension,unattached,mobile,infaunal,3,3,50.4241013801932,6.9177598
101266,Psammobiidae,Gobraeus,depressa,(Pennant  1777),suspension,unattached,mobile,infaunal,1,1,51.5751878329105,28.473881196
101267,Psammobiidae,Gobraeus,eos,Willan 1993,suspension,unattached,mobile,infaunal,60,60,43.1335136523794,6.09519802
101268,Psammobiidae,Gobraeus,fucata,(Hinds 1845),suspension,unattached,mobile,infaunal,5,5,98.9949493661167,15.16251121
104180,Psammobiidae,Gobraeus,juliae,Willan & Huber 2007,suspension,unattached,mobile,infaunal,25,25,28.712366673613,15.30833335
110532,Psammobiidae,Gobraeus,kazusensis,(Yokoyama 1922),suspension,unattached,mobile,infaunal,0,0,47.6969600708473,27.802240102
101271,Psammobiidae,Gobraeus,lata,(Deshayes 1855),suspension,unattached,mobile,infaunal,0,0,50.0139980405486,16.44182409
101272,Psammobiidae,Gobraeus,maxima,(Deshayes 1855),suspension,unattached,mobile,infaunal,3,3,97.7880360780397,14.49458329
101273,Psammobiidae,Gobraeus,n. sp.,Coan 2000,suspension,unattached,mobile,infaunal,55,55,14.3188686703943,4.75436365
105155,Psammobiidae,Gobraeus,oriens,(Deshayes 1855),suspension,unattached,mobile,infaunal,0,0,60.9918027279076,27.673133382
101274,Psammobiidae,Gobraeus,panamensis,Olsson 1961,suspension,unattached,mobile,infaunal,2,2,41.4909628714495,14.16168866
101275,Psammobiidae,Gobraeus,solida,(Gray 1828),suspension,unattached,mobile,infaunal,3,3,80.1061795369121,16.625734915
101276,Psammobiidae,Gobraeus,stangeri,(Gray 1843),suspension,unattached,mobile,infaunal,0,0,45.9565011723042,14.513740292
101277,Psammobiidae,Gobraeus,virgata,(Lamarck 1818),suspension,unattached,mobile,infaunal,1,1,47.3909274017717,23.118181836
101444,Psammobiidae,Heterodonax,bimaculatus,(Linnaeus 1758),suspension,unattached,mobile,infaunal,0,0,24.3639077325457,14.47456157
101445,Psammobiidae,Heterodonax,ludwigii,(Krauss 1848),suspension,unattached,mobile,infaunal,0,0,19.7737199332852,9.72486305
101446,Psammobiidae,Heterodonax,pacificus,(Conrad 1837),suspension,unattached,mobile,infaunal,0,0,27,20.02168402
101447,Psammobiidae,Heterodonax,parvus,Dunker 1853,suspension,unattached,mobile,infaunal,10,10,10.8797977922386,8.43268051
100294,Psammobiidae,Heteroglypta,contraria,(Deshayes in Maillard 1863),non_suspension,unattached,mobile,infaunal,0,0,16.7928556237467,32.627575601
101450,Psammobiidae,Hiatula,acuta,(Cai & Zhuang 1985),non_suspension,unattached,mobile,infaunal,1,1,58.8374030698161,15.35824553
111840,Psammobiidae,Hiatula,adamsii,Reeve 1857,non_suspension,unattached,mobile,infaunal,0,0,80.7403244977378,31.476604892
101452,Psammobiidae,Hiatula,alba,(Lamarck 1818),non_suspension,unattached,mobile,infaunal,0,0,38.2256458415028,22.599333483
102500,Psammobiidae,Hiatula,ambigua,(Reeve 1857),non_suspension,unattached,mobile,infaunal,0,0,39.8898483326272,15.30833335
113068,Psammobiidae,Hiatula,amianta,(Melvill 1898),non_suspension,unattached,mobile,infaunal,0,0,40,8.23327566
101453,Psammobiidae,Hiatula,atrata,(Reeve 1857),non_suspension,unattached,mobile,infaunal,1,1,60,29.718333401
101454,Psammobiidae,Hiatula,biradiata,(Wood 1815),non_suspension,unattached,mobile,infaunal,0,0,61.3840370128912,14.981000183
101455,Psammobiidae,Hiatula,boeddinghausi,(Lischke 1870),non_suspension,unattached,mobile,infaunal,0,0,90.598013223249,25.902280104
101456,Psammobiidae,Hiatula,burnupi,(Sowerby III 1894),non_suspension,unattached,mobile,infaunal,1,1,20.0773504228023,20.31424225
102501,Psammobiidae,Hiatula,capensis,"(Sowerby III, 1889)",non_suspension,unattached,mobile,infaunal,0,0,15.1168779845575,11.68766311
101458,Psammobiidae,Hiatula,chinensis,(Morch 1835),non_suspension,unattached,mobile,infaunal,0,0,66.4830805543786,28.705740652
101459,Psammobiidae,Hiatula,clouei,(Bertin 1880),non_suspension,unattached,mobile,infaunal,0,0,26.2621400498893,9.55406048
101460,Psammobiidae,Hiatula,connectens,(Martens 1865),non_suspension,unattached,mobile,infaunal,0,0,23.4243463089154,13.52833334
112291,Psammobiidae,Hiatula,consobrina,(Reeve 1857),non_suspension,unattached,mobile,infaunal,0,0,71.4142842854285,13.7685616
101461,Psammobiidae,Hiatula,diphos,(Linnaeus 1771),non_suspension,unattached,mobile,infaunal,0,0,93.8285670784756,16.11900418
113069,Psammobiidae,Hiatula,gibbonsi,"(Sowerby III, 1912)",non_suspension,unattached,mobile,infaunal,NA,NA,16.9115345252878,3.73485921
101463,Psammobiidae,Hiatula,lunulata,(Deshayes 1855),non_suspension,unattached,mobile,infaunal,NA,NA,27.4118587476296,10.42831647
101465,Psammobiidae,Hiatula,nitida,(Gray 1843),non_suspension,unattached,mobile,infaunal,0,0,36.1247837363769,14.513740292
113070,Psammobiidae,Hiatula,ovalis,Bertin 1880,non_suspension,unattached,mobile,infaunal,35,35,53.2728824074688,8.51369427
101466,Psammobiidae,Hiatula,petalina,(Deshayes 1855),non_suspension,unattached,mobile,infaunal,0,0,14.142135623731,21.364385947
112349,Psammobiidae,Hiatula,rosea,(Gmelin 1791),non_suspension,unattached,mobile,infaunal,NA,5,61.7899668231016,20.31424225
101469,Psammobiidae,Hiatula,siliquens,Willan 1993,non_suspension,unattached,mobile,infaunal,0,0,45.0998891351187,13.523947783
101471,Psammobiidae,Hiatula,tumens,(Reeve 1857),non_suspension,unattached,mobile,infaunal,0,0,27.4124059505911,12.47685981
101278,Psammobiidae,Kermadysmea,galatheae,(Powell 1958),non_suspension,unattached,mobile,infaunal,40,40,40.9059897814489,22.051666787
102080,Psammobiidae,Nuttallia,commoda,(Yokoyama 1925),non_suspension,unattached,mobile,infaunal,0,0,106.922869396589,26.622122372
102081,Psammobiidae,Nuttallia,ezonis,(Kuroda & Habe 1955),non_suspension,unattached,mobile,infaunal,0,0,64.0624695121879,27.980545442
102082,Psammobiidae,Nuttallia,japonica,(Reeve 1857),non_suspension,unattached,mobile,infaunal,0,0,40.5585995813465,31.201091862
102083,Psammobiidae,Nuttallia,nuttallii,(Conrad 1837),non_suspension,unattached,mobile,infaunal,0,0,127.279220613579,20.778391213
104030,Psammobiidae,Nuttallia,obscurata,(Reeve 1857),non_suspension,unattached,mobile,infaunal,0,0,54.4426303552648,30.550758502
101279,Psammobiidae,Psammobella,costulata,(Turton 1822),suspension,unattached,mobile,infaunal,5,5,18.7349939951952,30.547952356
101280,Psammobiidae,Psammobella,pusilla,(Bertin 1880),suspension,unattached,mobile,infaunal,106,106,10.6066017177982,13.22500038
101281,Psammobiidae,Psammobella,tellinella,(Lamarck 1818),suspension,unattached,mobile,infaunal,3,3,20.9621086725549,30.547952356
101282,Psammobiidae,Psammobia,amethysta,(Wood 1815),suspension,unattached,mobile,infaunal,1.5,1.5,51.6139516022558,16.5409087
101284,Psammobiidae,Psammobia,convexa,(Reeve 1857),suspension,unattached,mobile,infaunal,0,0,61.9838688692469,14.513740292
101285,Psammobiidae,Psammobia,fervensis,(Gmelin 1791),suspension,unattached,mobile,infaunal,0,0,40.0998753115268,30.547952356
101287,Psammobiidae,Psammobia,insignis,(Deshayes 1855),suspension,unattached,mobile,infaunal,6,6,27.1738845217242,20.31424225
101288,Psammobiidae,Psammobia,jousseaumeana,(Bertin 1880),suspension,unattached,mobile,infaunal,10,10,46.0998915400026,12.50524945
101289,Psammobiidae,Psammobia,kenyoniana,(Pritchard & Gatliff 1904),suspension,unattached,mobile,infaunal,1,1,54.3028544369447,14.981000183
101290,Psammobiidae,Psammobia,lineolata,(Gray 1835),suspension,unattached,mobile,infaunal,0,0,57.2712842531054,14.513740292
101291,Psammobiidae,Psammobia,livida,(Lamarck 1818),suspension,unattached,mobile,infaunal,0,0,33.5410196624968,20.76552672
101292,Psammobiidae,Psammobia,pseudoweinkauffi,(von Cosel 1989),suspension,unattached,mobile,infaunal,20,20,26.3979165844579,22.861666644
101293,Psammobiidae,Psammobia,radiata,(Philippi 1845),suspension,unattached,mobile,infaunal,0,0,46.4916121467088,27.097778372
101294,Psammobiidae,Psammodonax,gofasi,(von Cosel 1989),non_suspension,unattached,mobile,infaunal,5,5,9.77496803063826,8.93917292
101295,Psammobiidae,Psammodonax,gracilenta,(E.A. Smith 1884),non_suspension,unattached,mobile,infaunal,0,0,17.5356779167502,14.77333323
101296,Psammobiidae,Psammodonax,rasilis,(Melvill & Standen 1899),non_suspension,unattached,mobile,infaunal,0,0,41.821047332653,13.92500019
101473,Psammobiidae,Psammosphaerica,psammosphaerita,(Jousseaume 1894),non_suspension,unattached,mobile,infaunal,0,0,14.1774468787578,9.63791334
101470,Psammobiidae,Psammosphaerica,tchangsii,(Scarlato 1965),non_suspension,unattached,mobile,infaunal,0,0,12.4096736459909,13.19341253
112403,Psammobiidae,Psammotaena,chinensis,(Deshayes 1855),non_suspension,unattached,mobile,infaunal,0,0,44.8,28.698333221
101298,Psammobiidae,Psammotaena,elongata,(Lamarck 1818),non_suspension,unattached,mobile,infaunal,0,0,48.7852436706019,32.627575601
101299,Psammobiidae,Psammotaena,inflata,(Bertin 1880),non_suspension,unattached,mobile,infaunal,0,0,49.173163412577,19.34884673
101300,Psammobiidae,Psammotaena,togata,(Deshayes 1855),non_suspension,unattached,mobile,infaunal,0,0,80.4891297008484,23.38757563
101472,Psammobiidae,Psammotaena,virescens,(Deshayes 1854),non_suspension,unattached,mobile,infaunal,0,0,30.854497241083,15.58384638
102586,Psammobiidae,Psammotella,bertini,(Pilsbry & Lowe 1932),non_suspension,unattached,mobile,infaunal,0,0,66.8131723539603,16.05756762
102587,Psammobiidae,Psammotella,cruenta,(Lightfoot 1786),non_suspension,unattached,mobile,infaunal,0,0,63.6396103067893,14.5809717
102502,Psammobiidae,Psammotellina,pallens,Martens 1897,non_suspension,unattached,mobile,infaunal,NA,NA,36.1247837363769,15.30833335
111689,Psammobiidae,Sanguinolaria,achatina,(Spengler 1798),non_suspension,unattached,mobile,infaunal,8,8,53.861489025091,13.77372898
101451,Psammobiidae,Sanguinolaria,africana,von Cosel 1989,non_suspension,unattached,mobile,infaunal,8,8,53.0332914309493,11.5963716
105152,Psammobiidae,Sanguinolaria,cumingiana,(Deshayes 1855),non_suspension,unattached,mobile,infaunal,NA,NA,77.7817459305202,5.70907001
102588,Psammobiidae,Sanguinolaria,ovalis,Reeve 1857,non_suspension,unattached,mobile,infaunal,0,0,27.3495886623547,14.49458329
102590,Psammobiidae,Sanguinolaria,sanguinolenta,(Gmelin 1791),non_suspension,unattached,mobile,infaunal,0,0,41.5692193816531,14.8576509
102591,Psammobiidae,Sanguinolaria,tellinoides,A. Adams 1850,non_suspension,unattached,mobile,infaunal,0,0,58.8642506110457,16.44182409
106438,Psammobiidae,Sanguinolaria,tenuis,Olsson 1961,non_suspension,unattached,mobile,infaunal,0,0,26.8477187112797,8.40050733
112884,Pteriidae,Pteria,admirabilis,Wang 2002,suspension,attached,immobile,epifaunal,115,115,85.7904423581089,13.6049196
102525,Pteriidae,Pteria,aegytpica,(Dillwyn 1817),suspension,attached,immobile,epifaunal,4,4,78.5493475466219,20.31424225
102528,Pteriidae,Pteria,atlantica,Lamarck 1819,suspension,attached,immobile,epifaunal,10,10,88.3176086632785,12.35628688
102529,Pteriidae,Pteria,avicular,(Holten 1802),suspension,attached,immobile,epifaunal,8,8,92.6012958872607,32.627575601
102530,Pteriidae,Pteria,bernhardi,(Iredale 1939),suspension,attached,immobile,epifaunal,NA,5,45.8257569495584,14.20971579
102532,Pteriidae,Pteria,brunnea,(Pease 1863),suspension,attached,immobile,epifaunal,17,17,66.1059755241536,3.43599318
102536,Pteriidae,Pteria,colymbus,(Roeding 1798),suspension,attached,immobile,epifaunal,0,0,62.0557813583876,22.242580137
102537,Pteriidae,Pteria,cooki,Lampell & Healy 1997,suspension,attached,immobile,epifaunal,18,18,35.124777579367,9.39949201
102540,Pteriidae,Pteria,dendronephthya,Habe 1960,suspension,attached,immobile,epifaunal,8,8,99.0235830496958,22.642346715
102542,Pteriidae,Pteria,fibrosa,(Reeve 1857),suspension,attached,immobile,epifaunal,20,20,44.0908153700972,14.55399361
112387,Pteriidae,Pteria,formosa,(Reeve 1857),suspension,attached,immobile,epifaunal,NA,5,104.196928937469,19.45833325
112386,Pteriidae,Pteria,gregata,(Reeve 1857),suspension,attached,immobile,epifaunal,2,2,85.4283325366942,28.698333221
112181,Pteriidae,Pteria,heteroptera,(Lamarck 1819),suspension,attached,immobile,epifaunal,0,0,81.3941029804985,28.924666587
102544,Pteriidae,Pteria,hirundo,(Linnaeus 1758),suspension,attached,immobile,epifaunal,10,10,92.6282894152753,31.037440283
102545,Pteriidae,Pteria,howensis,Lamprell & Healy 1997,suspension,attached,immobile,epifaunal,55,55,27.2029410174709,10.17337529
102547,Pteriidae,Pteria,lata,(Gray in Eyre 1845),suspension,attached,immobile,epifaunal,10,10,107.028033710799,19.37018539
112183,Pteriidae,Pteria,maccullochi,(Iredale 1939),suspension,attached,immobile,epifaunal,2,2,122.680479294792,13.52833334
112182,Pteriidae,Pteria,maura,(Reeve 1857),suspension,attached,immobile,epifaunal,10,10,52.182372502599,31.785575617
110626,Pteriidae,Pteria,peasei,(Dunker 1872),suspension,attached,immobile,epifaunal,6,6,138.106842697963,23.662346895
102552,Pteriidae,Pteria,penguin,(Roeding 1798),suspension,attached,immobile,epifaunal,5,5,194.422220952236,32.627575601
105082,Pteriidae,Pteria,physoides,(Lamarck 1819),suspension,attached,immobile,epifaunal,10,10,22.0034088268159,32.627575601
105906,Pteriidae,Pteria,pictura,Okutani 1983,suspension,attached,immobile,epifaunal,93,93,56.5482095207267,3.38735536
102553,Pteriidae,Pteria,saltata,(Iredale 1931),suspension,attached,immobile,epifaunal,NA,NA,90.4986187739901,16.53250051
102558,Pteriidae,Pteria,sibogae,Prashad 1932,suspension,attached,immobile,epifaunal,NA,NA,74.1552425658496,8.30064562
102560,Pteriidae,Pteria,spectrum,(Reeve 1857),suspension,attached,immobile,epifaunal,NA,5,58.1592640943814,7.5160715
102561,Pteriidae,Pteria,sterna,(Gould 1851),suspension,attached,immobile,epifaunal,0,0,130.476051442401,18.67915172
112251,Pteriidae,Pteria,straminea,(Dunker 1852),suspension,attached,immobile,epifaunal,1,1,85,13.22500038
102562,Pteriidae,Pteria,tortirostris,(Dunker 1849),suspension,attached,immobile,epifaunal,10,10,68.6840592859799,15.75297852
104061,Pteriidae,Pteria,triangularis,Prashad 1932,suspension,attached,immobile,epifaunal,73,73,15.7924032369997,4.36862069
112068,Pteriidae,Pteria,venezuelensis,(Dunker 1872),suspension,attached,immobile,epifaunal,24,24,41.424630354416,2.89376068
102566,Pulvinitidae,Pulvinites,exempla,(Hedley 1914),suspension,attached,immobile,epifaunal,148,148,64.865244931319,12.887358372
111630,Semelidae,Abra,aegyptica,Oliver & Zuschin 2000,non_suspension,unattached,mobile,infaunal,NA,NA,3.47820355931047,6.92458833
100006,Semelidae,Abra,aequalis,(Say 1822),non_suspension,unattached,mobile,infaunal,0,0,58.4807660688538,19.91667863
112464,Semelidae,Abra,africana,Barsch 1915,non_suspension,unattached,mobile,infaunal,NA,NA,4.30116263352131,5.99921471
112919,Semelidae,Abra,elata,Nickles 1955,non_suspension,unattached,mobile,infaunal,10,10,10.330537256116,6.94925341
100008,Semelidae,Abra,fujitai,Habe 1958,non_suspension,unattached,mobile,infaunal,40,40,11.5982757339184,21.425833064
100011,Semelidae,Abra,infans,(E. A. Smith 1885),non_suspension,unattached,mobile,infaunal,13,13,2.88444102037119,13.22500038
100012,Semelidae,Abra,intesi,von Cosel 1995,non_suspension,unattached,mobile,infaunal,100,100,16.1851784049482,8.40165303
100014,Semelidae,Abra,kraemmeri,Nickles 1955,non_suspension,unattached,mobile,infaunal,12,12,8.67236991830953,11.99450612
100015,Semelidae,Abra,kyurokusimana,(Nomura & Hatai 1940),non_suspension,unattached,mobile,infaunal,20,20,54.7722557505166,23.223273964
100016,Semelidae,Abra,lecointrei,Nickles 1955,non_suspension,unattached,mobile,infaunal,66,66,12.1416638069088,12.40454379
100017,Semelidae,Abra,lioica,(Dall 1881),non_suspension,unattached,mobile,infaunal,2,2,7.48331477354788,29.902510216
112466,Semelidae,Abra,murrayana,(Salisbury 1934),non_suspension,unattached,mobile,infaunal,21,21,18.1107702762748,30.477194
112133,Semelidae,Abra,n. sp. of Lee 2009,Lee 2009,non_suspension,unattached,mobile,infaunal,10,10,4.08044115262063,15.34283344
100021,Semelidae,Abra,nitida,(Mueller 1789),non_suspension,unattached,mobile,infaunal,1,1,11.2249721603218,30.547952356
100034,Semelidae,Abra,palmeri,Dall 1915,non_suspension,unattached,mobile,infaunal,0,0,9.1104335791443,16.44182409
100023,Semelidae,Abra,prismatica,(Montagu 1808),non_suspension,unattached,mobile,infaunal,1,1,13.076696830622,30.547952356
100026,Semelidae,Abra,segmentum,(Recluz 1843),non_suspension,unattached,mobile,infaunal,0,0,21.7944947177034,22.861666644
100028,Semelidae,Abra,soyoae,Habe 1958,non_suspension,unattached,mobile,infaunal,60,60,10.5943381105192,20.604193557
100030,Semelidae,Abra,tenuis,(Montagu 1803),non_suspension,unattached,mobile,infaunal,0,0,14.1985914794391,28.242961288
111657,Semelidae,Abra,tepocana,Dall 1915,non_suspension,unattached,mobile,infaunal,0,0,10.899541274751,17.00945296
100027,Semelidae,Abrina,kinoshitai,Kuroda & Habe in Habe 1958,non_suspension,unattached,mobile,infaunal,50,50,11.73200750085,29.498422962
100018,Semelidae,Abrina,lunella,(Gould 1861),non_suspension,unattached,mobile,infaunal,5,5,13.0019229347047,30.915016622
105421,Semelidae,Abrina,scarlatoi,Kamenev 2004,non_suspension,unattached,mobile,infaunal,3,3,10.0955435712992,11.349521542
111885,Semelidae,Abrina,scotti,(Huber 2010),non_suspension,unattached,mobile,infaunal,4,4,9.2736184954957,13.79981852
102601,Semelidae,Amphidesma,casali,(Doello-Jurado 1949),non_suspension,unattached,mobile,infaunal,22,22,20.8124962462459,22.163935279
102602,Semelidae,Amphidesma,craneana,(Hertlein & Strong 1949),non_suspension,unattached,mobile,infaunal,32,32,35.4964786985977,16.44182409
102603,Semelidae,Amphidesma,formosa,(Sowerby 1833),non_suspension,unattached,mobile,infaunal,0,0,74.0432306156343,14.95362537
102604,Semelidae,Amphidesma,lamyi,(Nickles 1955),non_suspension,unattached,mobile,infaunal,17,17,26.8328157299975,12.43967933
112485,Semelidae,Amphidesma,natalensis,Huber 2010,non_suspension,unattached,mobile,infaunal,NA,5,27.4495901608749,7.22272928
102605,Semelidae,Amphidesma,pallida,(Sowerby 1833),non_suspension,unattached,mobile,infaunal,13,13,35.6510869399518,14.16168866
102606,Semelidae,Amphidesma,purpurascens,(Gmelin 1791),non_suspension,unattached,mobile,infaunal,0,0,33.466401061363,21.437542333
102607,Semelidae,Amphidesma,venusta,(Reeve 1853),non_suspension,unattached,mobile,infaunal,0,0,23.8997907940634,22.707619352
105985,Semelidae,Argyrodonax,haycocki,Dall 1911,non_suspension,unattached,mobile,infaunal,NA,NA,4.9749371855331,8.54962132
100826,Semelidae,Cumingia,adamsi,Olsson 1961,non_suspension,unattached,mobile,infaunal,NA,5,14.5196418688616,9.29912479
112073,Semelidae,Cumingia,antillarum,A. Adams 1850,non_suspension,unattached,mobile,infaunal,2,2,90,17.72206152
100827,Semelidae,Cumingia,californica,Conrad 1837,non_suspension,unattached,mobile,infaunal,0,0,35.8887168898527,20.778391213
100829,Semelidae,Cumingia,lamellosa,Sowerby 1833,non_suspension,unattached,mobile,infaunal,0,0,22.2351073754997,17.86951008
100830,Semelidae,Cumingia,mutica,Sowerby 1833,non_suspension,unattached,mobile,infaunal,0,0,32.0904970357269,21.198560607
111658,Semelidae,Cumingia,pacifica,(Dall 1915),non_suspension,unattached,mobile,infaunal,0,0,12.1326007104825,17.00945296
100832,Semelidae,Cumingia,tellinoides,(Conrad 1831),non_suspension,unattached,mobile,infaunal,0,0,13.4164078649987,30.923704387
105146,Semelidae,Cumingia,vanhyningi,Rehder 1939,non_suspension,unattached,mobile,infaunal,0,0,13.2680066324976,15.08704204
102608,Semelidae,Elegantula,rupicola,(Dall 1915),suspension,unattached,mobile,infaunal,0,0,67.9337912971152,21.068635782
102609,Semelidae,Elegantula,rupium,(Sowerby 1833),suspension,unattached,mobile,infaunal,1,1,34.5427271650633,4.93079175
102610,Semelidae,Elegantula,striata,(Reeve 1853),suspension,unattached,mobile,infaunal,NA,NA,14.422205101856,20.60368675
105420,Semelidae,Endopleura,lubrica,(Gould 1861),non_suspension,unattached,mobile,infaunal,3,3,15.4919333848297,30.227864912
111749,Semelidae,Ervilia,asymmetrica,Marques & Simone 2011,suspension,unattached,mobile,infaunal,40,40,6.19677335393187,1.23690907
101130,Semelidae,Ervilia,bisculpta,Gould 1861,suspension,unattached,mobile,infaunal,0,0,11.6189500386223,32.627575601
101131,Semelidae,Ervilia,castanea,(Montagu 1803),suspension,unattached,mobile,infaunal,3,3,11.2249721603218,28.242961288
101133,Semelidae,Ervilia,concentrica,(Holmes 1860),suspension,unattached,mobile,infaunal,7,7,8.36660026534076,19.91667863
101135,Semelidae,Ervilia,nitens,(Montagu 1806),suspension,unattached,mobile,infaunal,33,33,7.74596669241483,19.28389474
101136,Semelidae,Ervilia,producta,Odhner 1922,suspension,unattached,mobile,infaunal,20,20,6.48074069840786,7.71015452
101137,Semelidae,Ervilia,purpurea,"""Deshayes"" Smith 1906",suspension,unattached,mobile,infaunal,1,1,11.3578166916005,20.31424225
101140,Semelidae,Ervilia,subcancellata,E.A. Smith 1885,suspension,unattached,mobile,infaunal,NA,NA,6.6332495807108,11.52569789
112429,Semelidae,Iacra,arabica,Dekker & Molenbeek ms in Huber 2010,non_suspension,unattached,mobile,infaunal,NA,5,20.0624026477389,15.90010537
112405,Semelidae,Iacra,japonica,A. Adams 1864,non_suspension,unattached,mobile,infaunal,0,0,11.9582607431014,27.097778372
112430,Semelidae,Iacra,kallima,(Salisbury 1934),non_suspension,unattached,mobile,infaunal,NA,5,22.7156333832011,16.4720005
100031,Semelidae,Iacra,petiti,(Dautzenberg 1923),non_suspension,unattached,mobile,infaunal,NA,NA,14.4913767461894,9.73659279
100032,Semelidae,Iacra,seychellarum,(A.Adams 1856),non_suspension,unattached,mobile,infaunal,0,0,19.2301846064982,18.24122648
100033,Semelidae,Iacra,trotteriana,"(Sowerby III, 1894)",non_suspension,unattached,mobile,infaunal,NA,5,18.9786722401753,11.37572725
110757,Semelidae,Leptomya,bracheon,(Sturany 1899),non_suspension,unattached,mobile,infaunal,0,0,30.7245829914744,20.60368675
101598,Semelidae,Leptomya,cochlearis,(Hinds 1844),non_suspension,unattached,mobile,infaunal,10,10,24.6779253585061,22.218446862
101599,Semelidae,Leptomya,cuspidariformis,Habe 1952,non_suspension,unattached,mobile,infaunal,50,50,14.2828568570857,22.357308884
101600,Semelidae,Leptomya,ecuadoriana,Soot-Ryen 1957,non_suspension,unattached,mobile,infaunal,0,0,29.6124973617559,12.42043878
101601,Semelidae,Leptomya,gravida,Hanley 1879,non_suspension,unattached,mobile,infaunal,0,0,25.6904651573303,8.39227293
101603,Semelidae,Leptomya,minuta,Habe 1960,non_suspension,unattached,mobile,infaunal,5,5,3.16069612585582,28.722758752
101605,Semelidae,Leptomya,psittacus,Hanley 1882,non_suspension,unattached,mobile,infaunal,0,0,29.40833215264,13.6316665
101611,Semelidae,Leptomya,pura,(Angas 1871),non_suspension,unattached,mobile,infaunal,0,0,8.43208159353312,21.405091765
101606,Semelidae,Leptomya,retiaria,(Hutton 1885),non_suspension,unattached,mobile,infaunal,0,0,21.7944947177034,14.513740292
105781,Semelidae,Leptomya,retiaria aucklandica,Powell 1955,non_suspension,unattached,mobile,infaunal,7,7,26.1247009552263,3.147261056
101607,Semelidae,Leptomya,rostrata,(H. Adams 1868),non_suspension,unattached,mobile,infaunal,NA,5,26.7731208490904,20.60368675
101609,Semelidae,Leptomya,trigonalis,(Adams & Reeve 1850),non_suspension,unattached,mobile,infaunal,2,2,20.4450483002609,12.62399991
101610,Semelidae,Leptomyaria,etesiaca,(Hedley 1909),non_suspension,unattached,mobile,infaunal,20,20,2.04939015319192,16.21894242
101612,Semelidae,Leptomyaria,trigona,Habe 1960,non_suspension,unattached,mobile,infaunal,0,0,4.69041575982343,15.51972741
101957,Semelidae,Lonoa,hawaiensis,"Dall, Bartsch & Rehder 1938",non_suspension,unattached,mobile,infaunal,NA,NA,5.47722557505166,6.70575069
101958,Semelidae,Lonoa,kataoi,Habe 1976,non_suspension,unattached,mobile,infaunal,0,0,5.46808924579693,9.36793851
101959,Semelidae,Montrouzieria,clathrata,(Souverbie in Souverbie & Montrouzier 1863),non_suspension,unattached,mobile,infaunal,NA,5,10.2469507659596,5.34911119
112872,Semelidae,Montrouzieria,quadrata,Xu & Zhang 2018,non_suspension,unattached,mobile,infaunal,NA,NA,12.633289357883,14.02615254
103180,Semelidae,Pinguimacoma,hemicilla,Iredale 1936,non_suspension,unattached,mobile,infaunal,NA,5,9.9498743710662,6.41223532
112723,Semelidae,Rochefortina,n.sp. A of Valentich-Scott et al. 2020,Valentich-Scott et al. 2020,non_suspension,unattached,mobile,infaunal,88,88,4.14125584816973,6.33381883
101138,Semelidae,Rochefortina,sandwichensis,(E.A. Smith 1885),non_suspension,unattached,mobile,infaunal,10,10,4.41588043316392,29.718333401
102597,Semelidae,Scrobicularia,caduca,Gould 1861,non_suspension,unattached,mobile,infaunal,NA,NA,8.94427190999916,22.861666644
110482,Semelidae,Scrobicularia,cottardii,(Payraudeau 1826),non_suspension,unattached,mobile,infaunal,0,0,35.4400902933387,22.861666644
102598,Semelidae,Scrobicularia,plana,(da Costa 1778),non_suspension,unattached,mobile,infaunal,0,0,56.6083032778761,30.547952356
102620,Semelidae,Semele,amabilis,(Reeve 1853),non_suspension,unattached,mobile,infaunal,0,0,65.3452370108182,13.22500038
111619,Semelidae,Semele,australis,(Sowerby 1832),non_suspension,unattached,mobile,infaunal,0,0,28,29.718333401
102611,Semelidae,Semele,barbarae,(Boone 1928),non_suspension,unattached,mobile,infaunal,0,0,47.0531614240744,13.38817103
102621,Semelidae,Semele,bellastriata,(Conrad 1837),non_suspension,unattached,mobile,infaunal,4,4,20.9578147715834,19.91667863
102622,Semelidae,Semele,bicolor,(C.B. Adams 1852),non_suspension,unattached,mobile,infaunal,0,0,31.0535022179464,16.44182409
102624,Semelidae,Semele,californica,(Reeve 1853),non_suspension,unattached,mobile,infaunal,0,0,41.583650633392,16.11349055
112988,Semelidae,Semele,capensis,E.A. Smith 1904,non_suspension,unattached,mobile,infaunal,2,2,13.65466953097,8.75014869
102625,Semelidae,Semele,carnicolor,(Hanley 1845),non_suspension,unattached,mobile,infaunal,0,0,64.4980619863884,32.627575601
102626,Semelidae,Semele,casta,(A. Adams 1853),non_suspension,unattached,mobile,infaunal,0,0,56.1248608016091,16.80157899
102627,Semelidae,Semele,cordiformis,(Holten 1802),non_suspension,unattached,mobile,infaunal,0,0,50,32.627575601
102628,Semelidae,Semele,corrugata,(Sowerby 1833),non_suspension,unattached,mobile,infaunal,0,0,92.8654941299512,12.54414282
105109,Semelidae,Semele,crenulata,"(Sowerby MS, Reeve 1853)",non_suspension,unattached,mobile,infaunal,0,0,37.9473319220206,16.86705819
102630,Semelidae,Semele,decisa,(Conrad 1837),non_suspension,unattached,mobile,infaunal,0,0,117.983049630021,19.47974912
112261,Semelidae,Semele,duplicata,(Reeve 1853),non_suspension,unattached,mobile,infaunal,5,5,60.3324125159934,14.51304875
102631,Semelidae,Semele,elliptica,(Sowerby I 1833),non_suspension,unattached,mobile,infaunal,0,0,58.6515131944607,9.76386008
105087,Semelidae,Semele,exarata,(A. Adams & Reeve 1848),non_suspension,unattached,mobile,infaunal,20,20,28.9309522829789,11.66106073
102632,Semelidae,Semele,flavescens,(Gould 1851),non_suspension,unattached,mobile,infaunal,0,0,66.6085580087124,16.44182409
102633,Semelidae,Semele,fragillima,(Issel 1869),non_suspension,unattached,mobile,infaunal,20,20,10.733126291999,8.61518966
111659,Semelidae,Semele,hanleyi,Angas 1879,non_suspension,unattached,mobile,infaunal,0,0,25.377155080899,16.44182409
110330,Semelidae,Semele,hedlandi,Huber 2010a,non_suspension,unattached,mobile,infaunal,0,0,36.4691650576209,9.95592252
112724,Semelidae,Semele,iscovichorum,Valentich-Scott et al. 2018,non_suspension,unattached,mobile,infaunal,1.5,1.5,8.94427190999916,6.22731397
102613,Semelidae,Semele,jamesi,Coan 1988,non_suspension,unattached,mobile,infaunal,4,4,6.56277380381192,16.44182409
102614,Semelidae,Semele,jovis,(Reeve 1853),non_suspension,unattached,mobile,infaunal,0,0,65.2686754883229,16.65583349
102615,Semelidae,Semele,laevis,(Sowerby 1833),non_suspension,unattached,mobile,infaunal,0,0,76.7000651890205,14.49458329
102636,Semelidae,Semele,lamellosa,(Reeve 1853),non_suspension,unattached,mobile,infaunal,0,0,21.2320512433443,13.52833334
102637,Semelidae,Semele,lenticularis,(Sowerby 1833),non_suspension,unattached,mobile,infaunal,0,0,29.1376045686669,16.96133355
111894,Semelidae,Semele,martinii,(Reeve 1863),non_suspension,unattached,mobile,infaunal,55,55,57.1639746693667,18.48205109
102638,Semelidae,Semele,modesta,(Reeve 1853),non_suspension,unattached,mobile,infaunal,0,0,37.1655754697812,11.04992726
102639,Semelidae,Semele,monilis,Tate 1891,non_suspension,unattached,mobile,infaunal,0,0,25.9229627936314,19.66166719
112989,Semelidae,Semele,phryne,Angas 1879,non_suspension,unattached,mobile,infaunal,5,5,28.1176101402662,5.34911119
102641,Semelidae,Semele,pilsbryi,Olsson 1961,non_suspension,unattached,mobile,infaunal,0,0,54.2991712643941,14.49458329
102642,Semelidae,Semele,proficua,(Pultney 1799),non_suspension,unattached,mobile,infaunal,0,0,44.4297197830461,23.134561579
102616,Semelidae,Semele,pulchra,(Sowerby 1833),non_suspension,unattached,mobile,infaunal,0,0,30.7408522978788,17.94966261
112118,Semelidae,Semele,radiata,(Say 1826),non_suspension,unattached,mobile,infaunal,2,2,31.4006369362152,12.44289418
102617,Semelidae,Semele,rosea,(Sowerby 1833),non_suspension,unattached,mobile,infaunal,0,0,72.5947656515261,15.78059592
102644,Semelidae,Semele,rubropicta,Dall 1871,non_suspension,unattached,mobile,infaunal,0,0,47.8873678541638,30.589697154
102645,Semelidae,Semele,scabra,(Hanley 1845),non_suspension,unattached,mobile,infaunal,0,0,56.966656914374,20.60368675
102646,Semelidae,Semele,solida,(Gray 1828),non_suspension,unattached,mobile,infaunal,0,0,90,16.442310665
102647,Semelidae,Semele,sowerbyi,Tryon 1869,non_suspension,unattached,mobile,infaunal,0,0,54.881690936049,6.90263949
102650,Semelidae,Semele,tortuosa,(C.B. Adams 1852),non_suspension,unattached,mobile,infaunal,0,0,60.5838262244966,14.16168866
102618,Semelidae,Semele,verrucosa,Morch 1860x,non_suspension,unattached,mobile,infaunal,0,0,23.8683891370993,17.82958357
102654,Semelidae,Semele,zalosa,Chesney & Oliver 1994,non_suspension,unattached,mobile,infaunal,NA,NA,74.7676400590523,8.87779801
102655,Semelidae,Semele,zebuensis,(Hanley 1844),non_suspension,unattached,mobile,infaunal,0,0,60.386256714587,22.218446862
100035,Semelidae,Syndosmya,alba,(Wood 1802),non_suspension,unattached,mobile,infaunal,1,1,21.2132034355964,30.547952356
100036,Semelidae,Syndosmya,cistula,(Melvill & Standen 1907),non_suspension,unattached,mobile,infaunal,50,50,10.816653826392,16.11900418
100037,Semelidae,Syndosmya,exigua,(A. Adams 1861),non_suspension,unattached,mobile,infaunal,0,0,9.2736184954957,14.387842243
100038,Semelidae,Syndosmya,longicallus,(Scacchi 1835),non_suspension,unattached,mobile,infaunal,30,30,20,31.950953759
100039,Semelidae,Syndosmya,pilsbryi,(Dautzenberg 1912),non_suspension,unattached,mobile,infaunal,11,11,8.18535277187245,9.58458283
100042,Semelidae,Syndosmya,seurati,(Lamy 1906),non_suspension,unattached,mobile,infaunal,0,0,13.9642400437689,6.96481816
100044,Semelidae,Syndosmya,truncata,Hedley 1906,non_suspension,unattached,mobile,infaunal,31,31,5.01996015920445,11.00647056
100045,Semelidae,Syndosmya,uruguayensis,(Pilsbry 1897),non_suspension,unattached,mobile,infaunal,0,0,14.3108350559987,16.71254047
112185,Semelidae,Theora,alfredensis,Bartsch 1915,non_suspension,unattached,mobile,infaunal,57,57,8.77496438739212,13.29063018
103318,Semelidae,Theora,cadabra,(Eames & Wilkins 1957),non_suspension,unattached,mobile,infaunal,NA,5,8.07960395068966,18.54202384
103321,Semelidae,Theora,iridescens,(Hinds 1843),non_suspension,unattached,mobile,infaunal,1,1,11.842719282327,8.04959145
103322,Semelidae,Theora,lata,(Hinds 1843),non_suspension,unattached,mobile,infaunal,0,0,16.9705627484771,31.098333419
103323,Semelidae,Theora,nasuta,Hedley 1909,non_suspension,unattached,mobile,infaunal,9,9,4.05585995813465,11.21869543
103324,Semelidae,Theora,opalina,(Hinds 1843),non_suspension,unattached,mobile,infaunal,1,1,10.816653826392,10.88696871
103325,Semelidae,Theora,ovalis,E.A. Smith 1904,non_suspension,unattached,mobile,infaunal,NA,NA,8.36660026534076,7.50439632
101961,Semelidae,Thyellisca,hargravesi,(H. Adams 1873),non_suspension,unattached,mobile,infaunal,NA,5,6.66333249958307,5.85008028
101962,Semelidae,Thyellisca,lamellosa,(H. Adams 1873),non_suspension,unattached,mobile,infaunal,NA,NA,10.3923048454133,4.71892635
101963,Semelidae,Thyellisca,pulchra,(H. Adams 1866),non_suspension,unattached,mobile,infaunal,NA,NA,11.9582607431014,10.34571446
100316,Solecurtidae,Azorinus,abbreviatus,(Gould 1861),suspension,unattached,mobile,infaunal,0,0,32.9393381840012,29.718333401
100317,Solecurtidae,Azorinus,chamasolen,(Da Costa 1778),suspension,unattached,mobile,infaunal,5,5,43.4165866921848,30.058333306
100319,Solecurtidae,Azorinus,cunhai,(Boshoff 1965),suspension,unattached,mobile,infaunal,NA,5,26.153393661244,9.72486305
105089,Solecurtidae,Azorinus,minutus,(Dunker 1861),suspension,unattached,mobile,infaunal,0,0,20.6300751331642,8.3606083
100320,Solecurtidae,Azorinus,scheepmakeri,(Dunker 1852),suspension,unattached,mobile,infaunal,0,0,88.3176086632785,18.26400787
112463,Solecurtidae,Azorinus,xyreces,(Melvill 1898),suspension,unattached,mobile,infaunal,NA,5,26.0768096208106,17.31007525
112486,Solecurtidae,Clunaculum,dalli,Huber 2010,suspension,unattached,mobile,infaunal,0,0,34.990855948376,3.41782285
102938,Solecurtidae,Mesopleura,divisus,(Spengler 1794),suspension,unattached,mobile,infaunal,0.5,0.5,31.9962497802477,29.902510216
102939,Solecurtidae,Mesopleura,peruvianus,Pilsbry & Olsson 1941,suspension,unattached,mobile,infaunal,0,0,49.8196748283246,16.44182409
102940,Solecurtidae,Mesopleura,politus,(Carpenter 1857),suspension,unattached,mobile,infaunal,0,0,28.0178514522438,16.44182409
102941,Solecurtidae,Mesopleura,subteres,(Conrad 1837),suspension,unattached,mobile,infaunal,0,0,31.984371183439,18.96143936
102734,Solecurtidae,Solecurtus,afroccidentalis,von Cosel 1989,suspension,unattached,mobile,infaunal,3,3,50.6023714859294,11.5963716
102736,Solecurtidae,Solecurtus,australis,(Dunker 1861),suspension,unattached,mobile,infaunal,0,0,53.665631459995,16.11900418
102737,Solecurtidae,Solecurtus,baldwini,"Dall, Bartsch & Rehder 1938",suspension,unattached,mobile,infaunal,120,120,10.9087121146357,8.81419976
102745,Solecurtidae,Solecurtus,broggii,Pilsbry & Olsson 1941,suspension,unattached,mobile,infaunal,64,64,65.3590085604119,13.13281822
111626,Solecurtidae,Solecurtus,candidus,(Brocchi 1814),suspension,unattached,mobile,infaunal,70,70,46.6476151587624,23.375588452
102738,Solecurtidae,Solecurtus,consimilis,Kuroda & Habe in Habe 1961,suspension,unattached,mobile,infaunal,0,0,47.9524764741092,19.979256527
102739,Solecurtidae,Solecurtus,cumingianus,(Dunker 1861),suspension,unattached,mobile,infaunal,8,8,48.7027719950312,19.91667863
102740,Solecurtidae,Solecurtus,debilis,Gould 1861,suspension,unattached,mobile,infaunal,NA,NA,13.228756555323,9.47016902
102742,Solecurtidae,Solecurtus,divaricatus,(Lischke 1869),suspension,unattached,mobile,infaunal,0,0,46.475800154489,30.550758502
102743,Solecurtidae,Solecurtus,exaratus,(Philippi 1849),suspension,unattached,mobile,infaunal,5,5,69.2531587727231,29.142978391
102744,Solecurtidae,Solecurtus,guaymasensis,(Lowe 1935),suspension,unattached,mobile,infaunal,7,7,39.8246155034798,18.67915172
112186,Solecurtidae,Solecurtus,leone,Woolacott 1954,suspension,unattached,mobile,infaunal,73,73,28.1424945589406,8.86428865
102747,Solecurtidae,Solecurtus,philippinarum,(Dunker 1862),suspension,unattached,mobile,infaunal,5,5,50.4083326445142,16.80157899
112521,Solecurtidae,Solecurtus,quaeritus,Huber 2010,suspension,unattached,mobile,infaunal,7,7,49.9614851660757,13.22500038
102749,Solecurtidae,Solecurtus,rhombus,(Spengler 1794),suspension,unattached,mobile,infaunal,0,0,34.3161769432435,19.34884673
102750,Solecurtidae,Solecurtus,sagamiensis,Kuroda & Habe in Kuroda et al. 1971,suspension,unattached,mobile,infaunal,10,10,58.4944441806228,21.197535771
102751,Solecurtidae,Solecurtus,sanctaemarthae,d'Orbigny 1853,suspension,unattached,mobile,infaunal,2,2,32.3134646857931,19.91667863
102752,Solecurtidae,Solecurtus,scopula,(Turton 1822),suspension,unattached,mobile,infaunal,3,3,43.8634243989226,30.547952356
102753,Solecurtidae,Solecurtus,strigilatus,(Linnaeus 1758),suspension,unattached,mobile,infaunal,2,2,66.332495807108,22.861666644
102754,Solecurtidae,Solecurtus,subcandidus,Sturany 1899,suspension,unattached,mobile,infaunal,7,7,38.7298334620742,20.31424225
102755,Solecurtidae,Solecurtus,sulcatus,(Dunker 1861),suspension,unattached,mobile,infaunal,0,0,55.2304263970504,13.6316665
102942,Solecurtidae,Tagelus,adansonii,(Bosc 1801),suspension,unattached,mobile,infaunal,0,0,54.4398750917009,12.40454379
106444,Solecurtidae,Tagelus,affinis,(C.B. Adams 1852),suspension,unattached,mobile,infaunal,0,0,57.0613704707484,20.93696993
102943,Solecurtidae,Tagelus,californianus,(Conrad 1837),suspension,unattached,mobile,infaunal,0,0,71.2951611261241,22.753921783
102945,Solecurtidae,Tagelus,dombeii,(Lamarck 1818),suspension,unattached,mobile,infaunal,0,0,55.1361950083609,24.175830332
102946,Solecurtidae,Tagelus,longisinuatus,Pilsbry & Lowe 1923,suspension,unattached,mobile,infaunal,0,0,36.0832371053374,10.6522377
102947,Solecurtidae,Tagelus,peruanus,(Dunker 1862),suspension,unattached,mobile,infaunal,0,0,33.1541852561634,15.68736911
102948,Solecurtidae,Tagelus,plebeius,(Lightfoot 1786),suspension,unattached,mobile,infaunal,0,0,72.6986932482283,29.902510216
104783,Solemyidae,Acharax,japonica,(Dunker 1882),non_suspension,unattached,mobile,infaunal,0,0,19.7484176581315,30.32488317
104786,Solemyidae,Acharax,patagonicus,(Smith 1885),non_suspension,unattached,mobile,infaunal,37,37,42.4028300942284,20.274878809
104792,Solemyidae,Austrosolemya,australis,(Lamarck 1818),non_suspension,unattached,mobile,infaunal,0,0,35.4964786985977,14.585367893
104813,Solemyidae,Huxleyia,cavernicola,Hayami & Kase 1993,non_suspension,unattached,mobile,infaunal,4,4,1.14891252930761,9.5193916
104814,Solemyidae,Huxleyia,concentrica,(Verco 1907),non_suspension,unattached,mobile,infaunal,31,31,2.78388218141501,11.190002477
104815,Solemyidae,Huxleyia,diabolica,(Jousseaume 1897),non_suspension,unattached,mobile,infaunal,6,6,3,8.61518966
111716,Solemyidae,Huxleyia,habooba,Oliver & Taylor 2012,non_suspension,unattached,mobile,infaunal,84,84,2.22261107708929,6.92748588
104816,Solemyidae,Huxleyia,munita,(Dall 1898),non_suspension,unattached,mobile,infaunal,70,70,3.34514573673555,17.703161749
105404,Solemyidae,Huxleyia,pentadonta,Scarlato 1981,non_suspension,unattached,mobile,infaunal,67,67,3,11.337074175
104817,Solemyidae,Huxleyia,sulcata,A. Adams 1860,non_suspension,unattached,mobile,infaunal,11,11,2.5377155080899,30.808124345
105922,Solemyidae,Nucinella,adamsii,(Dall 1898),non_suspension,unattached,mobile,infaunal,7,7,3.05409561081509,25.668955932
104803,Solemyidae,Nucinella,dalli,(Hedley 1902),non_suspension,unattached,mobile,infaunal,75,75,3.74165738677394,11.70421145
111991,Solemyidae,Nucinella,giribeti,Glover & Taylor 2013,non_suspension,unattached,mobile,infaunal,2,2,3.30454232837166,2.94373624
104807,Solemyidae,Nucinella,maoriana,(Hedley 1904),non_suspension,unattached,mobile,infaunal,9,9,2.85043856274784,14.513740292
104808,Solemyidae,Nucinella,pretiosa,(Gould 1861),non_suspension,unattached,mobile,infaunal,27,27,3.46410161513775,12.87589888
104809,Solemyidae,Nucinella,serrei,Lamy 1912,non_suspension,unattached,mobile,infaunal,0,0,2.23606797749979,5.95676858
111745,Solemyidae,Nucinella,subdola,(Strong & Hertlein 1937),non_suspension,unattached,mobile,infaunal,15,15,2.56904651573303,16.17446967
104791,Solemyidae,Petrasma,africana,(Martens 1880),non_suspension,unattached,mobile,infaunal,30,30,44.54368642131,15.02235304
104770,Solemyidae,Petrasma,atacama,Kuznetsov & Shileiko 1984,non_suspension,unattached,mobile,infaunal,105,105,8.93308457365092,12.24972724
104771,Solemyidae,Petrasma,borealis,(Totten 1834),non_suspension,unattached,mobile,infaunal,13,13,40.0998753115268,22.572374891
104889,Solemyidae,Petrasma,japonica,(Dunker 1882),non_suspension,unattached,mobile,infaunal,0,0,19.7484176581315,13.25837662
106235,Solemyidae,Petrasma,moretonensis,"Taylor, Glover & Williams 2008",non_suspension,unattached,mobile,infaunal,31,31,3.97994974842648,9.00955882
111748,Solemyidae,Petrasma,notialis,(Simone 2009),non_suspension,unattached,mobile,infaunal,10,10,6.68505796534331,6.52506363
104772,Solemyidae,Petrasma,occidentalis,(Deshayes 1857),non_suspension,unattached,mobile,infaunal,7,7,23.0651251893416,17.72206152
104773,Solemyidae,Petrasma,panamensis,(Dall 1908),non_suspension,unattached,mobile,infaunal,20,20,26.5518360947035,15.88000044
104774,Solemyidae,Petrasma,pervernicosa,(Kuroda 1948),non_suspension,unattached,mobile,infaunal,100,100,39.3185706759541,18.986936917
104794,Solemyidae,Petrasma,reidi,(Bernard 1980),non_suspension,unattached,mobile,infaunal,40,40,38.7298334620742,17.609993019
104795,Solemyidae,Petrasma,tagiri,"(Okutani, Hashimoto & Miura 2003)",non_suspension,unattached,mobile,infaunal,76,76,14.6969384566991,16.262743328
104778,Solemyidae,Petrasma,velum,(Say 1822),non_suspension,unattached,mobile,infaunal,0,0,15.4110350074224,29.908329451
104789,Solemyidae,Petrasma,winckworthi,(Prashad 1932),non_suspension,unattached,mobile,infaunal,1,1,14.6969384566991,5.87592599
112192,Solemyidae,Solemya,puata,Walton 2015,non_suspension,unattached,mobile,infaunal,15,15,5.01098792654702,12.189166603
104776,Solemyidae,Solemya,pusilla,(Gould 1861),non_suspension,unattached,mobile,infaunal,0,0,9.16515138991168,30.550758502
104797,Solemyidae,Solemya,togata,(Poli 1795),non_suspension,unattached,mobile,infaunal,5,5,50.1098792654702,22.861666644
104777,Solemyidae,Solemya,valvulus,(Carpenter 1864),non_suspension,unattached,mobile,infaunal,0,0,12.0498962651137,21.29878819
106236,Solemyidae,Solemyarina,n.sp. A,"Taylor, Glover & Williams 2008",non_suspension,unattached,mobile,infaunal,NA,NA,4.52106182218293,9.58000025
106237,Solemyidae,Solemyarina,n.sp. B,"Taylor, Glover & Williams 2008",non_suspension,unattached,mobile,infaunal,NA,NA,8.25832912882503,8.14521366
104796,Solemyidae,Solemyarina,terraereginae,(Iredale 1929),non_suspension,unattached,mobile,infaunal,0,0,4.89897948556636,11.6327272
104798,Solemyidae,Solemyarina,velesiana,Iredale 1931,non_suspension,unattached,mobile,infaunal,0,0,9.79795897113271,18.75922177
112190,Solemyidae,Zesolemya,calypso,Walton 2015,non_suspension,unattached,mobile,infaunal,181,181,11.3057507490657,6.02083918
112191,Solemyidae,Zesolemya,marshalli,Walton 2015,non_suspension,unattached,mobile,infaunal,0,0,12.9305839001957,9.4909309
104793,Solemyidae,Zesolemya,parkinsonii,"(""Gray"" E.A. Smith 1874)",non_suspension,unattached,mobile,infaunal,0,0,45.7165178026498,13.940298772
102758,Solenidae,Ensisolen,arcuatus,(Tchang & Hwang 1964),suspension,unattached,mobile,infaunal,0,0,15.3362316101447,28.547073131
102759,Solenidae,Ensisolen,dunkerianus,Clessin 1888,suspension,unattached,mobile,infaunal,12,12,13.5646599662505,31.201091862
106442,Solenidae,Ensisolen,gaudichaudi,Chenu 1843,suspension,unattached,mobile,infaunal,5,5,62.4019230472908,9.20555228
106421,Solenidae,Ensisolen,gemmelli,von Cosel 1992,suspension,unattached,mobile,infaunal,0,0,24.8475350890184,17.00945296
102760,Solenidae,Ensisolen,krusensterni,(Schrenck 1867),suspension,unattached,mobile,infaunal,3,3,54.7722557505166,29.417482342
113053,Solenidae,Ensisolen,n.sp. 1,Huber 2010,suspension,unattached,mobile,infaunal,0,0,32.4499614791759,18.4057301
111804,Solenidae,Ensisolen,n.sp. A,Coan & Valentich-Scott 2012,suspension,unattached,mobile,infaunal,7,7,16.7570880525227,7.59851968
102762,Solenidae,Ensisolen,oerstedii,(Morch 1861),suspension,unattached,mobile,infaunal,NA,5,30.4072359809306,2.17327912
111795,Solenidae,Ensisolen,pazensis,(Lowe 1935),suspension,unattached,mobile,infaunal,0,0,30.2720993655875,10.84795812
102763,Solenidae,Ensisolen,pfeifferi,(Dunker 1862),suspension,unattached,mobile,infaunal,0,0,26.3818119165458,16.44182409
102765,Solenidae,Ensisolen,rosewateri,(Altena 1971),suspension,unattached,mobile,infaunal,0,0,18.2208671582886,6.93847983
102766,Solenidae,Ensisolen,rostriformis,(Dunker 1862),suspension,unattached,mobile,infaunal,0,0,37.8813938497516,20.93696993
102767,Solenidae,Ensisolen,sicarius,(Gould 1850),suspension,unattached,mobile,infaunal,0,0,52.7351874937408,20.390000578
102768,Solenidae,Ensisolen,tairona,von Cosel 1985,suspension,unattached,mobile,infaunal,2,2,11.993331480452,2.34518051
102769,Solenidae,Ensisolen,thuelchus,(Hanley 1842),suspension,unattached,mobile,infaunal,0,0,24.6981780704569,19.689058019
102770,Solenidae,Ensisolen,viridis,(Say 1822),suspension,unattached,mobile,infaunal,0,0,22.2418524408377,29.425069836
102771,Solenidae,Solen,acutangulus,Dunker 1868,suspension,unattached,mobile,infaunal,NA,NA,24.3721152139079,5.39506501
112737,Solenidae,Solen,annandalei,Preston 1915,suspension,unattached,mobile,infaunal,NA,5,21.6304183963233,6.20574443
102772,Solenidae,Solen,aspersus,Dunker 1862,suspension,unattached,mobile,infaunal,10,10,12.9614813968157,4.60564348
102773,Solenidae,Solen,aureomaculatus,Habe 1964,suspension,unattached,mobile,infaunal,1,1,61.0311395928341,16.32833353
102774,Solenidae,Solen,canaliculatus,Tchang & Hwang 1964,suspension,unattached,mobile,infaunal,31,31,21,28.698333221
102775,Solenidae,Solen,capensis,Fischer 1881,suspension,unattached,mobile,infaunal,0,0,48.1850599252507,12.67677005
102776,Solenidae,Solen,ceylonensis,Leach 1814,suspension,unattached,mobile,infaunal,2,2,67.0820393249937,15.8935952
102777,Solenidae,Solen,corneus,Lamarck 1818,suspension,unattached,mobile,infaunal,0,0,43.0116263352131,11.37036807
106441,Solenidae,Solen,crockeri,Hertlein & Strong 1950,suspension,unattached,mobile,infaunal,5,5,26.4575131106459,5.28925083
105100,Solenidae,Solen,crosnieri,von Cosel 1989,suspension,unattached,mobile,infaunal,0,0,23.0798613514033,9.04142891
102779,Solenidae,Solen,cylindraceus,Hanley 1843,suspension,unattached,mobile,infaunal,0,0,37.7491721763537,20.60368675
102780,Solenidae,Solen,dactylus,von Cosel1989,suspension,unattached,mobile,infaunal,0,0,56.2920953598283,20.27306019
102185,Solenidae,Solen,darwinensis,von Cosel 2002,suspension,unattached,mobile,infaunal,0,0,36.1131554976853,11.66106073
102781,Solenidae,Solen,delesserti,"Sowerby II, 1874",suspension,unattached,mobile,infaunal,NA,NA,18.4932420089069,2.94373624
102782,Solenidae,Solen,digitalis,Jousseaume 1891,suspension,unattached,mobile,infaunal,NA,5,46.9041575982343,18.38328981
102783,Solenidae,Solen,exiguus,Dunker 1862,suspension,unattached,mobile,infaunal,4,4,42.190046219458,16.22622398
102784,Solenidae,Solen,fonesii,Dunker 1862,suspension,unattached,mobile,infaunal,0,0,40.0099987503124,13.52833334
102785,Solenidae,Solen,gordonis,Yokoyama 1920,suspension,unattached,mobile,infaunal,0,0,46.3357313528124,26.653133202
102786,Solenidae,Solen,grandis,Dunker 1862,suspension,unattached,mobile,infaunal,0,0,70.3562363973514,31.431330042
112536,Solenidae,Solen,gravelyi,Ghosh 1920,suspension,unattached,mobile,infaunal,NA,NA,12.2963409191515,8.00428608
112920,Solenidae,Solen,guinensis,Gray in Hanley 1842,suspension,unattached,mobile,infaunal,0,0,61.5073979290296,12.39471744
102788,Solenidae,Solen,kajiyamai,Habe 1964,suspension,unattached,mobile,infaunal,20,20,54.2153114903899,11.66106073
101239,Solenidae,Solen,kempi,Preston 1915,suspension,unattached,mobile,infaunal,2,2,16.7182534973005,8.38444295
101015,Solenidae,Solen,kikuchii,von Cosel 2002,suspension,unattached,mobile,infaunal,10,10,14.6618552714177,15.38016676
102789,Solenidae,Solen,kurodai,Habe 1964,suspension,unattached,mobile,infaunal,0,0,26.9851811185324,24.367414234
102791,Solenidae,Solen,leanus,Dunker 1862,suspension,unattached,mobile,infaunal,0,0,17.8885438199983,3.36069772
102792,Solenidae,Solen,linearis,Spengler 1794,suspension,unattached,mobile,infaunal,9,9,27.8596482389854,5.89699252
102793,Solenidae,Solen,lischkeanus,Dunker 1865,suspension,unattached,mobile,infaunal,NA,NA,23.81722066069,12.6513236
105101,Solenidae,Solen,madagascariensis,von Cosel 1989,suspension,unattached,mobile,infaunal,1,1,44.3746549282358,9.42269259
102198,Solenidae,Solen,malaccensis,Dunker 1862,suspension,unattached,mobile,infaunal,0,0,45.8552069017249,12.63297864
102794,Solenidae,Solen,marginatus,Pulteney 1799,suspension,unattached,mobile,infaunal,1,1,72.3176327046178,28.234476708
106443,Solenidae,Solen,mexicanus,Dall 1899,suspension,unattached,mobile,infaunal,15,15,22.5831795812724,4.57587654
113054,Solenidae,Solen,n.sp. 1,Huber 2010,suspension,unattached,mobile,infaunal,NA,5,46.2324561320291,5.7104698
112187,Solenidae,Solen,poppei,Thach 2015,suspension,unattached,mobile,infaunal,0,0,34.3380255693306,6.45361117
110317,Solenidae,Solen,pseudolinearis,Cosel 2002,suspension,unattached,mobile,infaunal,0,0,22.9264039919042,15.78157881
101241,Solenidae,Solen,regularis,Dunker 1862,suspension,unattached,mobile,infaunal,NA,NA,31.3534687076247,6.78297826
102797,Solenidae,Solen,roseomaculatus,Pilsbry 1901,suspension,unattached,mobile,infaunal,6,6,23.3538005472343,32.627575601
101182,Solenidae,Solen,sarawakensis,von Cosel 2002,suspension,unattached,mobile,infaunal,NA,5,47.7283982551269,4.45420281
102798,Solenidae,Solen,sloanii,"""Gray"" Hanley 1842",suspension,unattached,mobile,infaunal,0,0,35.1240658238764,32.627575601
102186,Solenidae,Solen,soleneae,von Cosel 2002,suspension,unattached,mobile,infaunal,10,10,18.6440338982743,17.47656537
102800,Solenidae,Solen,strictus,Gould 1861,suspension,unattached,mobile,infaunal,0,0,46.4650406219558,29.610730662
101238,Solenidae,Solen,thachi,von Cosel 2002,suspension,unattached,mobile,infaunal,NA,5,33.8614825428539,17.15159834
100922,Solenidae,Solen,thailandicus,von Cosel 2002,suspension,unattached,mobile,infaunal,NA,NA,19.7787765041218,6.61384612
101237,Solenidae,Solen,timorensis,Dunker 1852,suspension,unattached,mobile,infaunal,1,1,50.5964425626941,8.38781304
102801,Solenidae,Solen,vagina,Linnaeus 1758 ,suspension,unattached,mobile,infaunal,0,0,55.9964284575365,20.20474955
102802,Solenidae,Solen,vaginoides,Lamarck 1818,suspension,unattached,mobile,infaunal,0,0,39.4715087119811,19.866999853
112738,Solenidae,Solen,vitreus,Dunker 1862,suspension,unattached,mobile,infaunal,NA,NA,20.4939015319192,2.48901419
102803,Solenidae,Solen,woodwardi,Dunker 1862,suspension,unattached,mobile,infaunal,NA,NA,25.219040425837,3.43826424
102804,Solenidae,Solen,xishana,"Bernard, Cai & Morton 1993",suspension,unattached,mobile,infaunal,0,0,46.1302503786832,5.74892575
102805,Solenidae,Solena,brevissimus,(Martens 1865),suspension,unattached,mobile,infaunal,NA,NA,18.2482875908947,4.8361819
102806,Solenidae,Solena,obliqua,(Spengler 1794),suspension,unattached,mobile,infaunal,0,0,145.419118412951,14.5809717
102807,Solenidae,Solena,rudis,(C.B.Adams 1852),suspension,unattached,mobile,infaunal,0,0,80.5977667184395,12.60966558
104263,Spheniopsidae,Grippina,acherontis,Marshall 2002,non_suspension,unattached,mobile,infaunal,40,40,2.1,12.106406823
100067,Spheniopsidae,Grippina,aupouria,(Powell 1937),non_suspension,unattached,mobile,infaunal,98,98,3.69506427548967,6.68584615
104258,Spheniopsidae,Grippina,californica,Dall 1912,non_suspension,unattached,mobile,infaunal,0,0,2.68328157299975,19.00784482
112333,Spheniopsidae,Grippina,coronata,Machado & Passos 2016,non_suspension,unattached,mobile,infaunal,21,21,1.56409718368137,4.91336775
104261,Spheniopsidae,Grippina,globosa,Marshall 2002,non_suspension,unattached,mobile,infaunal,100,100,1.33161556013738,5.01762231
104264,Spheniopsidae,Grippina,pumila,Marshall 2002,non_suspension,unattached,mobile,infaunal,55,55,2.59229627936314,12.887358372
104260,Spheniopsidae,Grippina,punctata,Marshall 2002,non_suspension,unattached,mobile,infaunal,48,48,1.90052624291274,12.106406823
104259,Spheniopsidae,Grippina,rex,Marshall 2002,non_suspension,unattached,mobile,infaunal,91,91,4.28485705712571,5.01762231
104262,Spheniopsidae,Grippina,spirata,Marshall 2002,non_suspension,unattached,mobile,infaunal,63,63,1.7001470524634,5.01762231
112332,Spheniopsidae,Spheniopsis,brasiliensis,Machado & Passos 2016,non_suspension,unattached,mobile,infaunal,17,17,2.18210907151774,6.33421299
104266,Spheniopsidae,Spheniopsis,frankbernardi,Coan 1990,non_suspension,unattached,mobile,infaunal,13,13,2.71293199325011,16.63300001
111788,Spheniopsidae,Spheniopsis,sculpturata,Coan & Valentich-Scott 2012,non_suspension,unattached,mobile,infaunal,82,82,2.32379000772445,6.99481993
104267,Spheniopsidae,Spheniopsis,senegalensis,Cosel 1995,non_suspension,unattached,mobile,infaunal,110,110,2.28473193175917,11.5963716
104268,Spheniopsidae,Spheniopsis,triquetra,(Verrill & Bush 1898),non_suspension,unattached,mobile,infaunal,79,79,2.07846096908265,13.75722874
102812,Spondylidae,Spondylus,americanus,Hermann 1781,suspension,attached,immobile,epifaunal,0,0,194.275577466649,19.08009618
102813,Spondylidae,Spondylus,anacanthus,Mawe 1823,suspension,attached,immobile,epifaunal,5,5,99.9689951935099,23.238447042
102814,Spondylidae,Spondylus,asiaticus,Chenu 1845,suspension,attached,immobile,epifaunal,9,9,88.4448981004557,13.22500038
102815,Spondylidae,Spondylus,asperrimus,Sowerby 1847,suspension,attached,immobile,epifaunal,8,8,69.4982014155762,13.52833334
112019,Spondylidae,Spondylus,avramsingeri,Kovalis 2010,suspension,attached,immobile,epifaunal,20,20,66.3475696615935,13.78485747
102816,Spondylidae,Spondylus,butleri,Reeve 1856,suspension,attached,immobile,epifaunal,0,0,73.8105683489837,28.876333417
102818,Spondylidae,Spondylus,candidus,Lamarck 1819,suspension,attached,immobile,epifaunal,0,0,109.146690284223,32.627575601
102820,Spondylidae,Spondylus,clarksoni,Lamprell 1992,suspension,attached,immobile,epifaunal,3,3,135.663333292382,13.20355538
112317,Spondylidae,Spondylus,concavus,Deshayes in Maillard 1863,suspension,attached,immobile,epifaunal,30,30,60.0989184594864,6.81795179
111835,Spondylidae,Spondylus,crassisquama,Lamarck 1819,suspension,attached,immobile,epifaunal,2,2,143.087385887086,16.96133355
102821,Spondylidae,Spondylus,croceus,Schreibers 1793,suspension,attached,immobile,epifaunal,5,5,66.932802122726,13.52833334
102822,Spondylidae,Spondylus,cruentus,Lischke 1868,suspension,attached,immobile,epifaunal,0,0,59.2452529743945,28.300978407
102824,Spondylidae,Spondylus,darwini,Jousseaume 1882,suspension,attached,immobile,epifaunal,10,10,88.0993757072092,13.39742429
102825,Spondylidae,Spondylus,deforgesi,Lamprell & Healy 2001,suspension,attached,immobile,epifaunal,30,30,38.8304004614941,10.4815217
102826,Spondylidae,Spondylus,depressus,Fulton 1915,suspension,attached,immobile,epifaunal,0,0,71.4667754974296,6.77428956
102827,Spondylidae,Spondylus,eastae,Lamprell 1992,suspension,attached,immobile,epifaunal,0,0,79.9899993749219,11.66106073
102828,Spondylidae,Spondylus,echinatus,Schreibers 1793,suspension,attached,immobile,epifaunal,0,0,128.197503875856,19.65217969
102830,Spondylidae,Spondylus,erectospinosus,Habe 1973,suspension,attached,immobile,epifaunal,50,50,76,28.698333221
102831,Spondylidae,Spondylus,exiguus,Lamprell & Healy 2001,suspension,attached,immobile,epifaunal,20,20,6.49307323229917,10.54035522
102832,Spondylidae,Spondylus,exilis,Sowerby III 1895,suspension,attached,immobile,epifaunal,12,12,74.8331477354788,20.60368675
113058,Spondylidae,Spondylus,fauroti,Jousseaume 1888,suspension,attached,immobile,epifaunal,12,12,107.85824029716,17.31007525
102833,Spondylidae,Spondylus,foliaceus,Schreibers 1793,suspension,attached,immobile,epifaunal,6,6,113.307104808128,23.238447042
102834,Spondylidae,Spondylus,gaederopus,Linnaeus 1758,suspension,attached,immobile,epifaunal,0,0,126.747781045666,22.861666644
102835,Spondylidae,Spondylus,gloriandus,Mellvill & Standen 1907,suspension,attached,immobile,epifaunal,15,15,3.62284418654736,20.31424225
111834,Spondylidae,Spondylus,gloriosus,"Dall, Bartsch & Rehder 1938",suspension,attached,immobile,epifaunal,4,4,161.09003693587,7.79320353
102836,Spondylidae,Spondylus,gravis,Fulton 1915,suspension,attached,immobile,epifaunal,1,1,138.44276795846,15.30833335
102837,Spondylidae,Spondylus,groschi,Lamprell & Kilburn 1995,suspension,attached,immobile,epifaunal,0,0,77.4499838605535,18.38328981
102838,Spondylidae,Spondylus,gussonii,O. G. Costa 1829,suspension,attached,immobile,epifaunal,70,70,18.4390889145858,23.669242534
102839,Spondylidae,Spondylus,heidkeae,Lamprell & Healy 2001,suspension,attached,immobile,epifaunal,20,20,46.9574275274956,13.52833334
102842,Spondylidae,Spondylus,imperialis,Chenu 1843,suspension,attached,immobile,epifaunal,0,0,119.110452941797,19.65217969
102843,Spondylidae,Spondylus,lamarckii,Chenu 1845,suspension,attached,immobile,epifaunal,1,1,69.5701085237043,15.57399379
102844,Spondylidae,Spondylus,lamyi,Fulton 1915,suspension,attached,immobile,epifaunal,10,10,80.1623352953243,15.30833335
102845,Spondylidae,Spondylus,layardi,Reeve 1856,suspension,attached,immobile,epifaunal,1,1,65.7723346096214,20.31424225
111928,Spondylidae,Spondylus,leucacanthus,Broderip 1833,suspension,attached,immobile,epifaunal,10,10,151.433153569488,16.44182409
102847,Spondylidae,Spondylus,limbatus,Sowerby 1847,suspension,attached,immobile,epifaunal,0,0,248.348545395378,17.82958357
112315,Spondylidae,Spondylus,linguafelis,"Sowerby II, 1847",suspension,attached,immobile,epifaunal,6,6,121.218397943547,4.89540234
102849,Spondylidae,Spondylus,maestrati,Lamprell & Healy 2002,suspension,attached,immobile,epifaunal,9,9,52.0653435597999,12.62399991
112318,Spondylidae,Spondylus,mimus,"Dall, Bartsch & Rehder 1938",suspension,attached,immobile,epifaunal,3,3,167.332005306815,3.43599318
112184,Spondylidae,Spondylus,morrisoni,Damarco 2015,suspension,attached,immobile,epifaunal,35,35,88.4364178379021,2.11086014
102852,Spondylidae,Spondylus,multimuricatus,Reeve 1856,suspension,attached,immobile,epifaunal,10,10,76.2627038597505,16.32833353
102853,Spondylidae,Spondylus,multisetosus,Reeve 1856,suspension,attached,immobile,epifaunal,2,2,88.9438024822416,18.83936288
102854,Spondylidae,Spondylus,nicobaricus,Schreibers 1793,suspension,attached,immobile,epifaunal,0,0,130.192165662915,32.627575601
102855,Spondylidae,Spondylus,occidens,"Sowerby III, 1903",suspension,attached,immobile,epifaunal,40,40,73.3917570303369,29.718333401
102856,Spondylidae,Spondylus,ocellatus,Reeve 1856,suspension,attached,immobile,epifaunal,12,12,75.546012469223,13.52833334
105909,Spondylidae,Spondylus,orstomi,Lamprell & Healy 2001,suspension,attached,immobile,epifaunal,50,50,45.5609481903088,10.54035522
102858,Spondylidae,Spondylus,pratii,Parth 1990,suspension,attached,immobile,epifaunal,100,100,137.927517196533,4.55059067
102860,Spondylidae,Spondylus,raoulensis,Oliver 1915,suspension,attached,immobile,epifaunal,0,0,63.1331925376818,5.88143935
110326,Spondylidae,Spondylus,reesianus,"Sowerby III, 1903",suspension,attached,immobile,epifaunal,50,50,91,29.142978391
102862,Spondylidae,Spondylus,regius,Linnaeus 1758,suspension,attached,immobile,epifaunal,5,5,191.169035149524,29.142978391
102863,Spondylidae,Spondylus,rippingalei,Lamprell & Healy 2001,suspension,attached,immobile,epifaunal,30,30,71.9722168617863,10.38231403
102864,Spondylidae,Spondylus,rubicundus,Reeve 1856,suspension,attached,immobile,epifaunal,NA,NA,72.4982758415674,13.52833334
102865,Spondylidae,Spondylus,senegalensis,Schreibers 1793,suspension,attached,immobile,epifaunal,3,3,136.930639376292,13.19842904
102868,Spondylidae,Spondylus,sinensis,Schreibers 1793,suspension,attached,immobile,epifaunal,0,0,109.024309215881,23.238447042
102875,Spondylidae,Spondylus,spinosus,Schreibers 1793,suspension,attached,immobile,epifaunal,0,0,110.095413165127,20.0716664
102876,Spondylidae,Spondylus,squamosus,Schreibers 1793,suspension,attached,immobile,epifaunal,1,1,106.008726055924,29.718333401
102877,Spondylidae,Spondylus,tenellus,Reeve 1856,suspension,attached,immobile,epifaunal,3,3,96.6953980290686,19.151000093
112126,Spondylidae,Spondylus,tenuis,Schreibers 1793,suspension,attached,immobile,epifaunal,0,0,105.640901169954,17.72206152
102878,Spondylidae,Spondylus,tenuispinosus,Sowerby II 1847,suspension,attached,immobile,epifaunal,1,1,59.3464404998312,15.75297852
102879,Spondylidae,Spondylus,tenuitas,Garrard 1966,suspension,attached,immobile,epifaunal,42,42,54.6808924579693,10.95184522
102880,Spondylidae,Spondylus,variegatus,Schreibers 1793,suspension,attached,immobile,epifaunal,0,0,105,13.52833334
102881,Spondylidae,Spondylus,varius,Sowerby 1827,suspension,attached,immobile,epifaunal,0,0,284.856806132485,31.272348506
102882,Spondylidae,Spondylus,versicolor,Schreibers 1793,suspension,attached,immobile,epifaunal,0,0,74.1350119714025,32.627575601
102883,Spondylidae,Spondylus,victoriae,Sowerby II 1860,suspension,attached,immobile,epifaunal,0,0,102.761860629321,13.52833334
102885,Spondylidae,Spondylus,violacescens,Lamarck 1819,suspension,attached,immobile,epifaunal,1,1,84.3978672716319,16.32833353
102886,Spondylidae,Spondylus,virgineus,Reeve 1856,suspension,attached,immobile,epifaunal,7,7,110.308657865101,16.02500057
112314,Spondylidae,Spondylus,visayensis,Poppe & Tagaro 2010,suspension,attached,immobile,epifaunal,10,10,139.642400437689,18.83936288
102888,Spondylidae,Spondylus,zonalis,Lamarck 1819,suspension,attached,immobile,epifaunal,6,6,76.3557463456419,23.38757563
103181,Tellinidae,Abranda,casta,(Hanley 1844),mixed,unattached,mobile,infaunal,0,0,14.532721699668,16.32833353
111767,Tellinidae,Abranda,hypelliptica,(Salisbury 1934),mixed,unattached,mobile,infaunal,0,0,8.66025403784439,6.41223532
111774,Tellinidae,Abranda,lamprelli,Raines & Huber 2012,mixed,unattached,mobile,infaunal,50,50,5.52539591341652,5.24500001
103183,Tellinidae,Abranda,languida,(E.A. Smith 1885),mixed,unattached,mobile,infaunal,5,5,8.0820789404707,13.52833334
112482,Tellinidae,Abranda,letourneuxi,Huber et al. in Huber 2015,mixed,unattached,mobile,infaunal,1,1,6.09097693313642,6.4214393
103027,Tellinidae,Abranda,lucinoides,(Hanley 1846),mixed,unattached,mobile,infaunal,1,1,11.6258333034669,4.0413043
102981,Tellinidae,Abranda,modestina,(Tate 1891),mixed,unattached,mobile,infaunal,0,0,11.8321595661992,12.34666685
102982,Tellinidae,Abranda,radiatolineata,(Yokoyama 1924),mixed,unattached,mobile,infaunal,6,6,5.3103672189407,28.489069841
103052,Tellinidae,Abranda,tenuilamellata,(E.A. Smith 1885),mixed,unattached,mobile,infaunal,51,51,8.21583836257749,11.65375054
102983,Tellinidae,Acorylus,gouldii,(Hanley 1846),mixed,unattached,mobile,infaunal,2,2,9.20326029187483,19.73802633
111650,Tellinidae,Acorylus,rickettsi,Coan & Valentich-Scott 2010,mixed,unattached,mobile,infaunal,9,9,10.6770782520313,14.16168866
100097,Tellinidae,Aenigmotellina,aenigmatica,(Viader 1951),mixed,unattached,mobile,infaunal,50,50,10.5697682093791,13.52833334
100098,Tellinidae,Aenigmotellina,nishimurai,(Habe 1976),mixed,unattached,mobile,infaunal,50,50,15.2315462117278,18.986936917
102911,Tellinidae,Aeretica,cyrenoidea,(Hanley 1844),mixed,unattached,mobile,infaunal,0,0,21.2367605815953,21.002424217
112714,Tellinidae,Aeretica,densestriata,Preston 1908,mixed,unattached,mobile,infaunal,0,0,19.1953119276557,9.80246744
102899,Tellinidae,Aeretica,euronia,(Hedley 1908),mixed,unattached,mobile,infaunal,0,0,18.7082869338697,14.36002042
112506,Tellinidae,Aeretica,grasi,Huber et al. in Huber 2015,mixed,unattached,mobile,infaunal,NA,NA,19.5627196473292,5.01832708
112917,Tellinidae,Aeretica,splendida,(Anton 1838),mixed,unattached,mobile,infaunal,1,1,22.8582589013249,11.92624927
102901,Tellinidae,Aeretica,tomlini,(E.A. Smith 1915),mixed,unattached,mobile,infaunal,0,0,25.8147244804201,14.51304875
103248,Tellinidae,Afsharius,berghi,(Lynge 1909),mixed,unattached,mobile,infaunal,NA,NA,5.91607978309962,7.20024681
112584,Tellinidae,Afsharius,mauritianus,(Viader 1951),mixed,unattached,mobile,infaunal,60,60,10.9544511501033,8.48547056
101162,Tellinidae,Afsharius,murrayi,(E. A. Smith 1885),mixed,unattached,mobile,infaunal,100,100,10.6108435102964,13.52833334
103291,Tellinidae,Afsharius,patagiatus,(Prashad 1932),mixed,unattached,mobile,infaunal,50,50,9.78570385818005,22.051666787
105110,Tellinidae,Alaona,ala,(Hanley 1844),mixed,unattached,mobile,infaunal,0,0,31.4733220362897,11.93428609
102980,Tellinidae,Alaona,jeanae,(Healy & Lamprell 1992),mixed,unattached,mobile,infaunal,0,0,23.0081507296871,11.21869543
112436,Tellinidae,Alaona,krabi,Huber et al. in Huber 2015,mixed,unattached,mobile,infaunal,NA,NA,28.0463901420486,3.59648291
102984,Tellinidae,Ameritella,agilis,(Stimpson 1857),mixed,unattached,mobile,infaunal,0,0,12.2364210453874,31.319516955
102985,Tellinidae,Ameritella,amianta,(Dall 1900),mixed,unattached,mobile,infaunal,0,0,10.7470926301023,17.00945296
102987,Tellinidae,Ameritella,cadieni,(Valentich-Scott & Coan in Coan et al. 2000),mixed,unattached,mobile,infaunal,0,0,9.68245836551854,11.028045
102989,Tellinidae,Ameritella,carpenteri,(Dall 1900),mixed,unattached,mobile,infaunal,0,0,21.8174242292714,30.153333588
102990,Tellinidae,Ameritella,cerrosiana,(Dall 1900),mixed,unattached,mobile,infaunal,15,15,10.0399203184089,9.76670324
111653,Tellinidae,Ameritella,coani,(Keen 1971),mixed,unattached,mobile,infaunal,0,0,7.54983443527075,16.65583349
103202,Tellinidae,Ameritella,consobrina,(d'Orbigny in Sagra 1853),mixed,unattached,mobile,infaunal,4,4,10.5915060307777,17.87824249
102993,Tellinidae,Ameritella,diantha,(Boss 1964),mixed,unattached,mobile,infaunal,0,0,19.9374020373769,14.5809717
102995,Tellinidae,Ameritella,euvitrea,(Boss 1964),mixed,unattached,mobile,infaunal,1,1,15.6076904121013,8.09209972
102998,Tellinidae,Ameritella,felix,(Hanley 1844),mixed,unattached,mobile,infaunal,0,0,13.3603892158874,14.49458329
112292,Tellinidae,Ameritella,janeiroensis,(Jaeckel 1927),mixed,unattached,mobile,infaunal,1,1,14.2653426176871,9.70289489
101797,Tellinidae,Ameritella,mitchelli,(Dall 1895),mixed,unattached,mobile,infaunal,0,0,19.9301279474067,29.588752939
103006,Tellinidae,Ameritella,modesta,(Carpenter 1864),mixed,unattached,mobile,infaunal,0,0,16.2665300540712,22.928488828
103008,Tellinidae,Ameritella,probrina,(Boss 1964),mixed,unattached,mobile,infaunal,25,25,18.8202019117755,19.08009618
103014,Tellinidae,Ameritella,sybaritica,(Dall 1881),mixed,unattached,mobile,infaunal,0,0,9.40212741883453,19.91667863
111654,Tellinidae,Ameritella,tabogensis,(Salisbury 1934),mixed,unattached,mobile,infaunal,27,27,13.8708327075198,17.18226211
103016,Tellinidae,Ameritella,tenella,(Verrill 1874),mixed,unattached,mobile,infaunal,1,1,9.61249187255833,29.425069836
103018,Tellinidae,Ameritella,texana,(Dall 1900),mixed,unattached,mobile,infaunal,0,0,14.1102799405256,18.90144388
103019,Tellinidae,Ameritella,tumbezensis,(Olsson 1961),mixed,unattached,mobile,infaunal,0,0,22.5299800266223,10.91029775
103020,Tellinidae,Ameritella,versicolor,(DeKay 1843),mixed,unattached,mobile,infaunal,2,2,12.5499003980111,29.902510216
103303,Tellinidae,Angulinides,adenensis,(E.A. Smith 1891),mixed,unattached,mobile,infaunal,NA,NA,34.532593299664,20.31424225
112643,Tellinidae,Angulinides,africanus,Huber et al. in Huber 2015,mixed,unattached,mobile,infaunal,NA,NA,31.0053221237903,9.77548922
112645,Tellinidae,Angulinides,kusabi,Huber et al. in Huber 2015,mixed,unattached,mobile,infaunal,0,0,37.7654604102744,20.572361266
103308,Tellinidae,Angulinides,opalinus,(Gmelin 1791),mixed,unattached,mobile,infaunal,NA,NA,32.4536592697958,9.36345225
112644,Tellinidae,Angulinides,planissimus,(Anton 1838),mixed,unattached,mobile,infaunal,NA,NA,42.802686831553,11.46809201
102986,Tellinidae,Angulus,armatus,(Sowerby II 1868),mixed,unattached,mobile,infaunal,0,0,27.8424136884718,11.66106073
103002,Tellinidae,Angulus,lanceolata,(Gmelin 1791),mixed,unattached,mobile,infaunal,0,0,26.0653026071059,11.53547843
112437,Tellinidae,Angulus,malaysianus,Huber et al. in Huber 2015,mixed,unattached,mobile,infaunal,0,0,32.4961536185438,14.59032014
112438,Tellinidae,Angulus,morrisoni,Huber et al. in Huber 2015,mixed,unattached,mobile,infaunal,NA,NA,23.2163735324878,8.78700026
100238,Tellinidae,Apolymetis,meyeri,(Philippi 1847),mixed,unattached,mobile,infaunal,21,21,57.5760366819391,16.27550717
112508,Tellinidae,Apolymetis,n.sp. 1 of Huber et al. in Huber 2015,Huber et al. in Huber 2015,mixed,unattached,mobile,infaunal,0,0,30.6998371331185,9.07502709
104036,Tellinidae,Apolymetis,plicata,(Bory de Saint-Vincent 1827),mixed,unattached,mobile,infaunal,3,3,67.906185285289,11.65204806
112507,Tellinidae,Apolymetis,translucida,Huber et al. in Huber 2015,mixed,unattached,mobile,infaunal,15,15,44.5272949998088,3.48404969
103024,Tellinidae,Arcopagia,crassa,(Pennant 1777),mixed,unattached,mobile,infaunal,0,0,60.386256714587,30.547952356
103030,Tellinidae,Arcopagia,richardi,(Dautzenberg & Fischer 1906),mixed,unattached,mobile,infaunal,30,30,76.2102355330306,12.54791617
103036,Tellinidae,Arcopaginula,inflata,(Gmelin 1789),mixed,unattached,mobile,infaunal,0,0,53.3853912601566,32.627575601
103023,Tellinidae,Arcopella,balaustina,(Linnaeus 1758),mixed,unattached,mobile,infaunal,1,1,22.6384628453435,28.381249566
103182,Tellinidae,Arcopella,isseli,(H. Adams 1871),mixed,unattached,mobile,infaunal,5,5,21.4788267836025,32.627575601
102503,Tellinidae,Ardeamya,columbiensis,(Hanley 1844),mixed,unattached,mobile,infaunal,5,5,52.0340273282782,10.11889249
103264,Tellinidae,Ardeamya,petitiana,(d'Orbigny 1846),mixed,unattached,mobile,infaunal,0,0,37.3352380466497,20.193057946
103272,Tellinidae,Ardeamya,souleyeti,(Hanley 1844),mixed,unattached,mobile,infaunal,NA,5,22.956480566498,5.51849289
101811,Tellinidae,Ardeamya,spenceri,(Suter 1907),mixed,unattached,mobile,infaunal,1,1,42,14.513740292
103239,Tellinidae,Ardeamya,tokunagai,(Ikebe 1936),mixed,unattached,mobile,infaunal,100,100,32.2490309931942,20.056145096
103142,Tellinidae,Asbjornsenia,oryza,(von Cosel 1995),mixed,unattached,mobile,infaunal,15,15,8.24621125123532,11.5963716
103144,Tellinidae,Asbjornsenia,pseudopusilla,(von Cosel 1995),mixed,unattached,mobile,infaunal,15,15,6.70820393249937,13.77372898
103146,Tellinidae,Asbjornsenia,pygmaea,(Loven 1846),mixed,unattached,mobile,infaunal,0,0,9.23038460737146,30.547952356
105121,Tellinidae,Austromacoma,biota,(Arruda & Domaneschi 2005),mixed,unattached,mobile,infaunal,0,0,45.8410296568478,8.79650782
100819,Tellinidae,Austromacoma,birmanica,(Philippi 1849),mixed,unattached,mobile,infaunal,0,0,48.8569340012244,11.46678568
101740,Tellinidae,Austromacoma,constricta,(Bruguiere 1792),mixed,unattached,mobile,infaunal,0,0,60.3324125159934,19.08009618
101795,Tellinidae,Austromacoma,lucerna,(Hanley 1844),mixed,unattached,mobile,infaunal,0,0,27.758962516636,15.30833335
103262,Tellinidae,Austromacoma,nymphalis,(Lamarck 1818),mixed,unattached,mobile,infaunal,0,0,46.0608293455513,11.92624927
103068,Tellinidae,Bartschicoma,edgari,(Iredale 1915),mixed,unattached,mobile,infaunal,NA,NA,37.3095162123553,14.513740292
103093,Tellinidae,Bartschicoma,gaimardi,(Iredale 1915),mixed,unattached,mobile,infaunal,0,0,60.9918027279076,14.513740292
103126,Tellinidae,Bathytellina,citrocarnea,(Kuroda & Habe in Habe 1958),mixed,unattached,mobile,infaunal,55,55,15.8745078663875,21.590070826
103098,Tellinidae,Bosemprella,incarnata,(Linnaeus 1758),mixed,unattached,mobile,infaunal,2,2,36.4916428788839,28.381249566
112456,Tellinidae,Bosemprella,n.sp. 1 of Huber et al. in Huber 2015:619,Huber et al. in Huber 2015,mixed,unattached,mobile,infaunal,25,25,29.9599732977184,10.28075958
112510,Tellinidae,Cadella,coltroi,Huber et al. in Huber 2015,mixed,unattached,mobile,infaunal,70,70,11.1633328356723,2.20324064
103037,Tellinidae,Cadella,crebrimaculata,"(Sowerby II, 1868)",mixed,unattached,mobile,infaunal,0,0,7.82304288624318,29.458095351
103039,Tellinidae,Cadella,diluta,(E.A. Smith 1885),mixed,unattached,mobile,infaunal,1,1,14.0427917452336,13.22500038
100005,Tellinidae,Cadella,hainanensis,(Scarlato 1965),mixed,unattached,mobile,infaunal,0,0,8.91852005660132,12.40467617
112511,Tellinidae,Cadella,lechriogramma,(Melvill 1893),mixed,unattached,mobile,infaunal,9,9,11.1015764646288,11.88533389
112870,Tellinidae,Cadella,liui,Xu & Zhang 2018,mixed,unattached,mobile,infaunal,10,10,5.70087712549569,10.86227269
112509,Tellinidae,Cadella,martensi,(Lynge 1909),mixed,unattached,mobile,infaunal,0,0,7.48331477354788,9.99162396
103041,Tellinidae,Cadella,mauia,"Dall, Bartch & Rehder 1938",mixed,unattached,mobile,infaunal,5,5,6.40312423743285,10.8087798
103042,Tellinidae,Cadella,narutoensis,Habe 1960,mixed,unattached,mobile,infaunal,10,10,14.4499134945508,28.698333221
112398,Tellinidae,Cadella,nucleolus,(Deshayes 1855),mixed,unattached,mobile,infaunal,0,0,8.94427190999916,27.199487542
103044,Tellinidae,Cadella,obtusalis,(Deshayes 1854),mixed,unattached,mobile,infaunal,0,0,9.79795897113271,20.60368675
112871,Tellinidae,Cadella,orientalia,Xu & Zhang 2018,mixed,unattached,mobile,infaunal,20,20,5.65685424949238,18.356363697
103046,Tellinidae,Cadella,semen,(Hanley 1844),mixed,unattached,mobile,infaunal,10,10,10.2601169583977,21.74860508
103220,Tellinidae,Cadella,subdiluta,(Tate 1886),mixed,unattached,mobile,infaunal,27,27,9.35948716543807,12.34666685
103049,Tellinidae,Clathrotellina,carnicolor,(Hanley 1844),mixed,unattached,mobile,infaunal,1,1,25.266578715766,31.917759082
103050,Tellinidae,Clathrotellina,elegantissima,(E.A.Smith 1885),mixed,unattached,mobile,infaunal,9,9,19.2878199908647,13.6316665
112888,Tellinidae,Clathrotellina,habrotima,(Melvill 1898),mixed,unattached,mobile,infaunal,5,5,17.1224998174916,12.56309532
103051,Tellinidae,Clathrotellina,pretium,(Salisbury 1934),mixed,unattached,mobile,infaunal,5,5,17.3205080756888,29.718333401
103033,Tellinidae,Clathrotellina,tessellata,(Deshayes 1855),mixed,unattached,mobile,infaunal,3,3,19.2249837451167,17.31007525
103056,Tellinidae,Coanyax,americanus,(Dall 1900),mixed,unattached,mobile,infaunal,46,46,7.6124897372673,18.90144388
101286,Tellinidae,Coanyax,flabellum,(Viader 1951),mixed,unattached,mobile,infaunal,75,75,7.59736796528903,22.051666787
103059,Tellinidae,Coanyax,pacificus,(Dall 1900),mixed,unattached,mobile,infaunal,5,5,7.66550715869472,17.82958357
112896,Tellinidae,Confusella,confusa,(Preston 1914),mixed,unattached,mobile,infaunal,NA,NA,7.25534285888682,5.25579539
103140,Tellinidae,Confusella,muscatensis,(Oliver & Chesney 1997),mixed,unattached,mobile,infaunal,33,33,9.5524865872714,20.31424225
103045,Tellinidae,Confusella,roblini,(Sowerby III 1914),mixed,unattached,mobile,infaunal,NA,NA,9.01387818865997,4.4868596
103053,Tellinidae,Cyclotellina,discus,(Hanley 1844),mixed,unattached,mobile,infaunal,2,2,112.216308975122,19.00541648
103054,Tellinidae,Cyclotellina,remies,(Linnaeus 1758),mixed,unattached,mobile,infaunal,0,0,103.440804327886,19.65217969
112297,Tellinidae,Cymatoica,hendersoni,Rehder 1939,mixed,unattached,mobile,infaunal,25,25,8.06225774829855,12.58456155
100905,Tellinidae,Cymatoica,orientalis,(Dall 1890),mixed,unattached,mobile,infaunal,33,33,7.22841614740048,17.88567666
101741,Tellinidae,Cymatoica,undulata,(Hanley 1844),mixed,unattached,mobile,infaunal,7,7,15.0332963783729,17.00945296
112585,Tellinidae,Dallitellina,deshayesii,(Hanley 1844),mixed,unattached,mobile,infaunal,NA,NA,29.447920130291,8.41424961
112586,Tellinidae,Dallitellina,planispinosa,"(Sowerby II, 1867)",mixed,unattached,mobile,infaunal,20,20,32.241277890307,18.09487573
103171,Tellinidae,Dallitellina,rostrata,(Linnaeus 1758),mixed,unattached,mobile,infaunal,0,0,36.6469644036174,12.11485522
112587,Tellinidae,Dallitellina,winckworthi,(Salisbury 1934),mixed,unattached,mobile,infaunal,NA,NA,41.2657242757231,6.35515149
101790,Tellinidae,Dellius,georgiana,(Dell 1964),mixed,unattached,mobile,infaunal,160,160,19.6316071680339,3.8502353
104071,Tellinidae,Elliptotellina,kikaizimana,(Nomura & Jinbo 1934),mixed,unattached,mobile,infaunal,70,70,8.18290901819151,21.539056819
103060,Tellinidae,Elliptotellina,urinatoria,(Suter 1911),mixed,unattached,mobile,infaunal,27,27,7.22841614740048,14.513740292
103061,Tellinidae,Elpidollina,decumbens,(Carpenter 1865),mixed,unattached,mobile,infaunal,0,0,42.7083130081252,3.13659583
112868,Tellinidae,Elpidollina,mai,Xu & Zhang 2018,mixed,unattached,mobile,infaunal,0,0,19.3163143482394,17.39602942
103063,Tellinidae,Eurytellina,alternata,(Say 1822),mixed,unattached,mobile,infaunal,2,2,59.2168894826468,19.91667863
112121,Tellinidae,Eurytellina,angrensis,Marques & Simone 2014,mixed,unattached,mobile,infaunal,NA,NA,26.2546833917303,9.82195003
103064,Tellinidae,Eurytellina,angulosa,(Gmelin 1791),mixed,unattached,mobile,infaunal,0,0,52.3067873224881,20.13056149
103066,Tellinidae,Eurytellina,eburnea,(Hanley 1844),mixed,unattached,mobile,infaunal,0,0,52.076098164129,14.67843744
102999,Tellinidae,Eurytellina,gibber,(Ihering 1907),mixed,unattached,mobile,infaunal,3,3,14.142135623731,20.929641599
103071,Tellinidae,Eurytellina,hertleini,Olsson 1961,mixed,unattached,mobile,infaunal,35,35,77.4996774186835,10.39351654
103000,Tellinidae,Eurytellina,hiberna,(Hanley 1844),mixed,unattached,mobile,infaunal,0,0,14.456832294801,17.00945296
103073,Tellinidae,Eurytellina,inaequistriata,(Donovan 1802),mixed,unattached,mobile,infaunal,0,0,26.0768096208106,15.88000044
103074,Tellinidae,Eurytellina,laceridens,(Hanley 1844),mixed,unattached,mobile,infaunal,0,0,67.7488007273929,9.41875474
103076,Tellinidae,Eurytellina,lineata,(Turton 1819),mixed,unattached,mobile,infaunal,0,0,32.2705748321904,17.72206152
103078,Tellinidae,Eurytellina,nitens,(C.B.Adams 1845),mixed,unattached,mobile,infaunal,1,1,28.6548425226872,19.91667863
103080,Tellinidae,Eurytellina,prora,(Hanley 1844),mixed,unattached,mobile,infaunal,0,0,54.9909083394701,16.44182409
103081,Tellinidae,Eurytellina,punicea,(Born 1778),mixed,unattached,mobile,infaunal,0,0,42.3659061038472,16.36439834
103082,Tellinidae,Eurytellina,regia,(Hanley 1844),mixed,unattached,mobile,infaunal,0,0,38.2308775729776,10.65715868
103083,Tellinidae,Eurytellina,rubescens,(Hanley 1844),mixed,unattached,mobile,infaunal,0,0,38.3549214573567,16.44182409
103084,Tellinidae,Eurytellina,simulans,(C.B. Adams 1852),mixed,unattached,mobile,infaunal,0,0,41.8574963417546,17.00945296
103085,Tellinidae,Eurytellina,tayloriana,"(Sowerby II, 1867)",mixed,unattached,mobile,infaunal,1,1,64.9695313204582,16.51023528
103086,Tellinidae,Eurytellina,trinitatis,(Tomlin 1929),mixed,unattached,mobile,infaunal,15,15,41.6862087506168,20.13056149
103087,Tellinidae,Eurytellina,vespuciana,(d'Orbigny 1853),mixed,unattached,mobile,infaunal,13,13,6.34980314655502,7.62503771
103127,Tellinidae,Exotica,compacta,(E.A. Smith 1885),mixed,unattached,mobile,infaunal,1,1,14.6458185158768,11.48154539
103254,Tellinidae,Exotica,cygnus,(Hanley 1844),mixed,unattached,mobile,infaunal,1,1,12.2637677734047,13.79981852
111773,Tellinidae,Exotica,laperousea,(Raines & Huber 2012),mixed,unattached,mobile,infaunal,30,30,7.73627817493658,5.24500001
112481,Tellinidae,Exotica,sanguinealba,Huber et al. in Huber 2015,mixed,unattached,mobile,infaunal,15,15,9.68245836551854,4.02055784
101163,Tellinidae,Exotica,triradiata,(A. Adams 1871),mixed,unattached,mobile,infaunal,9,9,8.77781293945138,20.60368675
103088,Tellinidae,Fabulina,fabula,(Gmelin 1791),mixed,unattached,mobile,infaunal,0,0,22.4499443206436,30.547952356
106244,Tellinidae,Gastrana,fragilis,(Linnaeus 1758),mixed,unattached,mobile,infaunal,0,0,33.8821486921948,28.242961288
112722,Tellinidae,Gastrana,lyngei,(Salisbury 1934),mixed,unattached,mobile,infaunal,2,2,7.9044291381478,9.04551595
101301,Tellinidae,Gastrana,matadoa,(Gmelin 1791),mixed,unattached,mobile,infaunal,0,0,38.605699061149,18.51642834
101302,Tellinidae,Gastrana,multangula,(Gmelin 1791),mixed,unattached,mobile,infaunal,0,0,69.4632276819901,10.1888309
101303,Tellinidae,Gastrana,orstomi,von Cosel 1995,mixed,unattached,mobile,infaunal,15,15,19.3695637534767,4.96984997
102504,Tellinidae,Hanleyanus,amboynensis,(Deshayes 1855),mixed,unattached,mobile,infaunal,0,0,34.2683527471047,13.52833334
112188,Tellinidae,Hanleyanus,immaculatus,(Philippi 1849),mixed,unattached,mobile,infaunal,5,5,30.9838667696593,21.74860508
112189,Tellinidae,Hanleyanus,oblongus,(Gmelin 1791),mixed,unattached,mobile,infaunal,0,0,29.8301860537275,17.8193627
100526,Tellinidae,Hanleyanus,truncatulus,(Sowerby 1825),mixed,unattached,mobile,infaunal,10,10,22.2710574513201,4.51961294
103022,Tellinidae,Hanleyanus,vestalioides,(Yokoyama 1920),mixed,unattached,mobile,infaunal,10,10,37.4078868689478,31.201091862
103021,Tellinidae,Hanleyanus,vestalis,(Hanley 1844),mixed,unattached,mobile,infaunal,1,1,31.0757139901885,32.567367512
112483,Tellinidae,Herouvalia,caelata,(A. Adams 1854),mixed,unattached,mobile,infaunal,0,0,8.42852300228219,32.627575601
105137,Tellinidae,Herouvalia,pulchella,(H. Adams 1870),mixed,unattached,mobile,infaunal,5,5,6.71416413263781,16.4720005
111772,Tellinidae,Herouvalia,rapanui,Raines & Huber 2012,mixed,unattached,mobile,infaunal,20,20,8.79090439033437,10.12916598
103091,Tellinidae,Hertellina,nicoyana,(Hertlein & Strong 1949),mixed,unattached,mobile,infaunal,30,30,27.761484110184,12.99024601
111651,Tellinidae,Hertellina,sadeghianae,Coan & Valentich-Scott 2010,mixed,unattached,mobile,infaunal,11,11,19.1049731745428,5.01125313
101743,Tellinidae,Heteromacoma,irus,(Hanley 1844),mixed,unattached,mobile,infaunal,0,0,51.0881590977792,30.915016622
112399,Tellinidae,Heteromacoma,oyamai,Kira 1954,mixed,unattached,mobile,infaunal,NA,NA,33.8673884437522,23.284657254
103094,Tellinidae,Homalina,trilatera,(Gmelin 1791),mixed,unattached,mobile,infaunal,0,0,49.0285631035624,14.8116907
103289,Tellinidae,Idatellina,idae,(Dall 1891),mixed,unattached,mobile,infaunal,0,0,58.5853223939239,8.77022679
112474,Tellinidae,Indentina,polynesica,Huber et al. in Huber 2015,mixed,unattached,mobile,infaunal,10,10,14.3422452914458,9.15181811
103270,Tellinidae,Indentina,scalpellum,(Hanley 1844),mixed,unattached,mobile,infaunal,0,0,14.456832294801,14.03940291
100075,Tellinidae,Indentina,unguis,(Preston 1916),mixed,unattached,mobile,infaunal,2,2,5.86834729715275,2.46572813
103250,Tellinidae,Indotellina,chariessa,(Salisbury 1934),mixed,unattached,mobile,infaunal,1,1,79.7464732762522,10.44277816
112551,Tellinidae,Iridona,chilkaensis,(Preston 1915),mixed,unattached,mobile,infaunal,2,2,9.16242326025162,5.96576806
102991,Tellinidae,Iridona,compressissima,"(Sowerby II, 1869)",mixed,unattached,mobile,infaunal,0,0,20.4939015319192,26.721333299
100752,Tellinidae,Iridona,cuneolus,"(Sowerby II, 1868)",mixed,unattached,mobile,infaunal,NA,NA,11.0634533487515,6.20574443
103133,Tellinidae,Iridona,iridescens,(Benson in Cantor 1842),mixed,unattached,mobile,infaunal,0,0,19.6356818063443,28.698333221
103261,Tellinidae,Iridona,methoria,(Melvill 1897),mixed,unattached,mobile,infaunal,2,2,10.9206226928688,20.31424225
112552,Tellinidae,Iridona,n. sp. 1 of Huber et al.,Huber et al. in Huber 2015,mixed,unattached,mobile,infaunal,NA,NA,11.593963946813,7.73047849
112632,Tellinidae,Iridona,n.sp. 2 of Huber et al.,Huber et al. in Huber 2015,mixed,unattached,mobile,infaunal,NA,NA,12.8774997573287,7.56134635
103012,Tellinidae,Iridona,subtrigona,"(Sowerby II, 1866)",mixed,unattached,mobile,infaunal,0,0,19.0394327646598,13.48108642
101169,Tellinidae,Jactellina,clathrata,(Deshayes 1835),mixed,unattached,mobile,infaunal,0,0,18.4390889145858,34.40643638
101754,Tellinidae,Jactellina,formosa,(Hanley 1844),mixed,unattached,mobile,infaunal,0,0,15.2970585407784,11.81152226
101165,Tellinidae,Jactellina,obliquaria,(Deshayes 1854),mixed,unattached,mobile,infaunal,0,0,12.9903810567666,13.52833334
101166,Tellinidae,Jactellina,obliquistriata,"(Sowerby II, 1868)",mixed,unattached,mobile,infaunal,0,0,17.8885438199983,22.051666787
101171,Tellinidae,Jactellina,secunda,(Bertin 1878),mixed,unattached,mobile,infaunal,0,0,18.7082869338697,18.38328981
101172,Tellinidae,Jactellina,subpallida,(E.A. Smith 1891),mixed,unattached,mobile,infaunal,2,2,18.3303027798234,18.38328981
112161,Tellinidae,Jactellina,texturata,"(Sowerby II, 1867)",mixed,unattached,mobile,infaunal,0,0,14.8323969741913,13.09111107
101173,Tellinidae,Jactellina,transcalpta,"(Sowerby III, 1915)",mixed,unattached,mobile,infaunal,0,0,21.1849002829846,28.813333421
103065,Tellinidae,Jitlada,arsinoensis,(Issel 1869),mixed,unattached,mobile,infaunal,0,0,15.8366663158633,20.31424225
112244,Tellinidae,Jitlada,bertini,(Jousseaume 1895),mixed,unattached,mobile,infaunal,0,0,16.7254297403684,11.37572725
103128,Tellinidae,Jitlada,culter,(Hanley 1844),mixed,unattached,mobile,infaunal,0,0,20.1990098767242,24.634772374
103130,Tellinidae,Jitlada,fragilis,(Zorina 1978),mixed,unattached,mobile,infaunal,0,0,6.07618301238533,15.30833335
112245,Tellinidae,Jitlada,hanleyi,Huber 2015,mixed,unattached,mobile,infaunal,10,10,13.5055544129073,9.1967172
103136,Tellinidae,Jitlada,juvenilis,(Hanley 1844),mixed,unattached,mobile,infaunal,0,0,14.7349923651151,19.76363937
103143,Tellinidae,Jitlada,philippinarum,(Hanley 1844),mixed,unattached,mobile,infaunal,0,0,22.6415547169359,23.38757563
103145,Tellinidae,Jitlada,pumila,(Hanley 1844),mixed,unattached,mobile,infaunal,0,0,20.37645700312,30.477194
103025,Tellinidae,Johnsonella,fausta,(Pultney 1799),mixed,unattached,mobile,infaunal,0,0,90.5538513813742,19.08009618
103095,Tellinidae,Laciolina,astrolabei,(Dautzenberg & Fischer 1912),mixed,unattached,mobile,infaunal,5,5,72.0971566707037,13.22500038
103097,Tellinidae,Laciolina,chloroleuca,(Lamarck 1818),mixed,unattached,mobile,infaunal,0,0,82.4014562978107,18.53602992
103099,Tellinidae,Laciolina,laevigata,(Linnaeus 1758),mixed,unattached,mobile,infaunal,1,1,91.104335791443,19.08009618
103100,Tellinidae,Laciolina,magna,(Spengler 1798),mixed,unattached,mobile,infaunal,0,0,110.712329936643,19.73802633
103101,Tellinidae,Laciolina,ochracea,(Carpenter 1864),mixed,unattached,mobile,infaunal,0,0,54.9181208709839,14.49458329
103102,Tellinidae,Laciolina,sowerbii,(Hanley 1844),mixed,unattached,mobile,infaunal,0,0,84.1857470121873,18.48833338
101589,Tellinidae,Leporimetis,asthenodon,(Pilsbry & Olsson 1932),mixed,unattached,mobile,infaunal,0,0,66.885723439311,12.74212531
101180,Tellinidae,Leporimetis,coarctata,(Philippi 1845),mixed,unattached,mobile,infaunal,0,0,95.3076597131626,23.38757563
101590,Tellinidae,Leporimetis,cognata,(Pilsbry & Vanatta 1902),mixed,unattached,mobile,infaunal,0,0,78.3070878018076,16.44182409
112546,Tellinidae,Leporimetis,contorta,(Deshayes 1855),mixed,unattached,mobile,infaunal,0,0,49.749371855331,13.24571418
103597,Tellinidae,Leporimetis,elouardi,(Rosso 1976),mixed,unattached,mobile,infaunal,3,3,74.1552425658496,11.84076575
112295,Tellinidae,Leporimetis,ephippium,(Spengler 1798),mixed,unattached,mobile,infaunal,0,0,70.2908244367642,18.90144388
111649,Tellinidae,Leporimetis,excavata,(Sowerby II 1867),mixed,unattached,mobile,infaunal,0,0,61.0409698481274,11.95566876
101594,Tellinidae,Leporimetis,obesa,(Deshayes 1855),mixed,unattached,mobile,infaunal,1,1,103.691851174526,18.31921067
101595,Tellinidae,Leporimetis,orbicularis,"(Sowerby III, 1889)",mixed,unattached,mobile,infaunal,10,10,60.2494813255683,9.17969959
101593,Tellinidae,Leporimetis,papyracea,(Gmelin 1791),mixed,unattached,mobile,infaunal,0,0,78.9176786277954,15.64363677
112400,Tellinidae,Leporimetis,roemeri,Huber et al. in Huber 2015,mixed,unattached,mobile,infaunal,0,0,69.173694422085,5.32482538
101596,Tellinidae,Leporimetis,spectabilis,(Hanley 1844),mixed,unattached,mobile,infaunal,0,0,63.0133319226971,18.09487573
101745,Tellinidae,Limecola,balthica,(Linnaeus 1758),suspension,unattached,mobile,infaunal,0,0,26.6082693913001,31.143377869
101750,Tellinidae,Limecola,contabulata,(Deshayes 1855),suspension,unattached,mobile,infaunal,0,0,67.1154229667071,28.346936882
105993,Tellinidae,Limecola,petalum,(Valenciennes in Humboldt & Bonpland 1821)),suspension,unattached,mobile,infaunal,0,0,39.4017766096911,28.582978736
103103,Tellinidae,Lyratellina,juttingae,Altena 1965,mixed,unattached,mobile,infaunal,7,7,31.0161248385416,4.49404966
103104,Tellinidae,Lyratellina,lyra,(Hanley 1844),mixed,unattached,mobile,infaunal,21,21,47.420459719408,14.49458329
103105,Tellinidae,Lyratellina,lyrica,(Pilsbry & Lowe 1932),mixed,unattached,mobile,infaunal,15,15,50.7937003968012,16.44182409
101739,Tellinidae,Macalia,bruguieri,(Hanley 1844),mixed,unattached,mobile,infaunal,0,0,51.3273806072354,20.47833343
101746,Tellinidae,Macoma,brota,Dall 1916,mixed,unattached,mobile,infaunal,10,10,65.3834841531101,19.212926628
101748,Tellinidae,Macoma,calcarea,(Gmelin 1791),mixed,unattached,mobile,infaunal,2,2,59.7494769851586,30.13360355
101783,Tellinidae,Macoma,carlottensis,(Whiteaves 1880),mixed,unattached,mobile,infaunal,0,0,28.3266658821683,30.313422114
101751,Tellinidae,Macoma,crassula,(Deshayes 1855),mixed,unattached,mobile,infaunal,16,16,22.4788789756073,24.054076458
112984,Tellinidae,Macoma,cuneipyga,(Scarlato 1981),mixed,unattached,mobile,infaunal,53,53,16.9115345252878,18.473643452
101753,Tellinidae,Macoma,elimata,Dunnill & Coan 1968,mixed,unattached,mobile,infaunal,9,9,28.3725219182222,21.107483578
101755,Tellinidae,Macoma,golikovi,Scarlato & Kafanov 1988,mixed,unattached,mobile,infaunal,0,0,47.4341649025257,23.285956928
101757,Tellinidae,Macoma,incongrua,(von Martens 1865),mixed,unattached,mobile,infaunal,0,0,43.4973562415005,29.502637642
101742,Tellinidae,Macoma,inquinata,(Deshayes 1855),mixed,unattached,mobile,infaunal,0,0,51.1233801699379,20.728031928
101761,Tellinidae,Macoma,lama,Bartsch 1929,mixed,unattached,mobile,infaunal,0,0,39,27.441866378
101763,Tellinidae,Macoma,lipara,Dall 1916,mixed,unattached,mobile,infaunal,20,20,68.5130644475928,25.334367462
101765,Tellinidae,Macoma,loveni,(Jensen 1905),mixed,unattached,mobile,infaunal,4,4,31.6069612585582,24.22714315
101766,Tellinidae,Macoma,middendorffi,Dall 1884,mixed,unattached,mobile,infaunal,10,10,62.5163978488844,26.737681698
101767,Tellinidae,Macoma,moesta,(Deshayes 1855),mixed,unattached,mobile,infaunal,0,0,25.0998007960223,28.69666665
101769,Tellinidae,Macoma,nasuta,(Conrad 1837),mixed,unattached,mobile,infaunal,0,0,92.0326029187483,32.271579048
103558,Tellinidae,Macoma,nipponica,(Tokunaga 1906),mixed,unattached,mobile,infaunal,10,10,25.0399680510978,28.810227262
101772,Tellinidae,Macoma,scarlatoi,Kafanov & Lutaenko 1997,mixed,unattached,mobile,infaunal,4,4,61.8902253994926,27.579236022
101778,Tellinidae,Macoma,tokyoensis,Makiyama 1927,mixed,unattached,mobile,infaunal,1,1,47.5145240952701,29.156362172
105994,Tellinidae,Macoma,torelli,(Jensen 1905),mixed,unattached,mobile,infaunal,16,16,15.6524758424985,23.80136351
105989,Tellinidae,Macomangulus,coloratus,(Dall 1900),mixed,unattached,mobile,infaunal,NA,NA,19.5478899117015,13.36271649
103199,Tellinidae,Macomangulus,posteli,(Nickles 1955),mixed,unattached,mobile,infaunal,5,5,16.447188209539,12.54791617
103017,Tellinidae,Macomangulus,tenuis,(da Costa 1778),mixed,unattached,mobile,infaunal,0,0,27.1075635201691,30.547952356
103108,Tellinidae,Macomona,deltoidalis,(Lamarck 1819),mixed,unattached,mobile,infaunal,0,0,38.5356977359954,16.90105247
103109,Tellinidae,Macomona,liliana,(Iredale 1915),mixed,unattached,mobile,infaunal,0,0,65.612498809297,14.513740292
101747,Tellinidae,Macomopsis,bruuni,(Nickles 1955),mixed,unattached,mobile,infaunal,15,15,21.2249852767911,12.40454379
101942,Tellinidae,Macomopsis,chinensis,(Hanley 1845),mixed,unattached,mobile,infaunal,0,0,20.2079192397436,11.42761724
101786,Tellinidae,Macomopsis,crawfordi,"(Sowerby III, 1892)",mixed,unattached,mobile,infaunal,11,11,22.8035085019828,11.68766311
101752,Tellinidae,Macomopsis,cumana,(Costa 1829),mixed,unattached,mobile,infaunal,0,0,43.1873824166272,22.861666644
100237,Tellinidae,Macomopsis,dubia,(Deshayes 1854),mixed,unattached,mobile,infaunal,0,0,35.665109000254,20.31424225
103197,Tellinidae,Macomopsis,hanleyi,(Dunker 1835),mixed,unattached,mobile,infaunal,0,0,38.590154184714,16.97607721
101796,Tellinidae,Macomopsis,melo,Sowerby II 1866,mixed,unattached,mobile,infaunal,1,1,31.1897419033887,22.861666644
102514,Tellinidae,Macomopsis,moluccensis,(Martens 1865),mixed,unattached,mobile,infaunal,0,0,20.7390935192452,16.32833353
112677,Tellinidae,Macomopsis,ordinaria,"(Sowerby III, 1904)",mixed,unattached,mobile,infaunal,11,11,24.2487113059643,8.61851308
102515,Tellinidae,Macomopsis,syndesmoides,(Melvill & Standen 1907),mixed,unattached,mobile,infaunal,18,18,15.2803795764372,10.78560503
101780,Tellinidae,Macoploma,acolasta,(Dall 1921),mixed,unattached,mobile,infaunal,0,0,23.2379000772445,11.267248842
111793,Tellinidae,Macoploma,ecuadoriana,(Pilsbry & Olsson 1941),mixed,unattached,mobile,infaunal,0,0,73.851201750547,16.44182409
101787,Tellinidae,Macoploma,elytrum,(Keen 1958),mixed,unattached,mobile,infaunal,1,1,38.8329756778952,16.44182409
101788,Tellinidae,Macoploma,extenuata,(Dall 1900),mixed,unattached,mobile,infaunal,20,20,15.0996688705415,17.54340922
111647,Tellinidae,Macoploma,hesperus,(Dall 1908),mixed,unattached,mobile,infaunal,35,35,28.7749891398763,14.16168866
101756,Tellinidae,Macoploma,inclinata,"(Sowerby III, 1904)",mixed,unattached,mobile,infaunal,49,49,25.0399680510978,9.72486305
101793,Tellinidae,Macoploma,inornata,(Hanley 1844),mixed,unattached,mobile,infaunal,11,11,26.0768096208106,24.098666609
101794,Tellinidae,Macoploma,lamproleuca,(Pilsbry & Lowe 1932),mixed,unattached,mobile,infaunal,0,0,74.2159012611179,14.49458329
105992,Tellinidae,Macoploma,limula,(Dall 1895),mixed,unattached,mobile,infaunal,20,20,12.5857061780418,18.6026558
111648,Tellinidae,Macoploma,panamensis,(Dall 1900),mixed,unattached,mobile,infaunal,22,22,23.9332404826425,16.11349055
101799,Tellinidae,Macoploma,pulleyi,(Boyer 1969),mixed,unattached,mobile,infaunal,1,1,40.5948272566838,17.2306668
101801,Tellinidae,Macoploma,siliqua,(C.B. Adams 1852),mixed,unattached,mobile,infaunal,18,18,22.4499443206436,16.03421359
101802,Tellinidae,Macoploma,tageliformis,(Dall 1900),mixed,unattached,mobile,infaunal,15,15,45.2327315115946,17.72206152
101777,Tellinidae,Macoploma,tenta,(Say 1834),mixed,unattached,mobile,infaunal,1,1,29.9369337107193,29.902510216
101804,Tellinidae,Macoploma,yoldiformis,(Carpenter 1864),mixed,unattached,mobile,infaunal,0,0,18.7082869338697,20.533968328
103113,Tellinidae,Megangulus,bodegensis,(Hinds 1845),mixed,unattached,mobile,infaunal,0,0,46.3724055878062,28.514350018
103114,Tellinidae,Megangulus,luteus,(Wood 1828),mixed,unattached,mobile,infaunal,0,0,100.697567001393,27.204323098
105418,Tellinidae,Megangulus,venulosus,(Schrenck 1861),mixed,unattached,mobile,infaunal,0,0,80.6845710157772,28.256378772
105419,Tellinidae,Megangulus,zyonoensis,(Hatai & Nisiyama 1939),mixed,unattached,mobile,infaunal,6,6,82.1487674892326,27.25149998
103116,Tellinidae,Merisca,cristallina,(Spengler 1798),mixed,unattached,mobile,infaunal,0,0,28.3328431330144,19.04045898
103119,Tellinidae,Merisca,reclusa,Dall 1900,mixed,unattached,mobile,infaunal,0,0,21.2861457290887,16.44182409
103120,Tellinidae,Merisca,rhynchoscuta,Olsson 1961,mixed,unattached,mobile,infaunal,6,6,27.9866039383131,16.96133355
103121,Tellinidae,Merisca,ulloana,(Hertlein 1968),mixed,unattached,mobile,infaunal,10,10,11.9582607431014,16.44182409
103123,Tellinidae,Moerella,analogica,"(Sowerby III, 1904)",mixed,unattached,mobile,infaunal,5,5,21.6370053380776,8.61851308
103124,Tellinidae,Moerella,bertrandi,von Cosel 1995,mixed,unattached,mobile,infaunal,2,2,13.6747943311773,13.77372898
111717,Tellinidae,Moerella,boucheti,von Cosel 1995,mixed,unattached,mobile,infaunal,0,0,10.5118980208143,14.95173505
102988,Tellinidae,Moerella,canonica,(Salisbury 1934),mixed,unattached,mobile,infaunal,0,0,12.6688594593199,11.68766311
103286,Tellinidae,Moerella,distorta,(Poli 1795),mixed,unattached,mobile,infaunal,1,1,15.1986841535707,22.861666644
103129,Tellinidae,Moerella,donacina,(Linnaeus 1758),mixed,unattached,mobile,infaunal,0,0,19.4607296882722,28.591666596
103070,Tellinidae,Moerella,guildingii,(Hanley 1844),mixed,unattached,mobile,infaunal,8,8,39.7271947159625,10.96205306
103072,Tellinidae,Moerella,hilaris,(Hanley 1844),mixed,unattached,mobile,infaunal,0,0,15.556349186104,30.550758502
103132,Tellinidae,Moerella,huttoni,(E.A.Smith 1885),mixed,unattached,mobile,infaunal,1,1,15.8113883008419,14.513740292
112676,Tellinidae,Moerella,leloeuffi,von Cosel & Gofas 2018,mixed,unattached,mobile,infaunal,15,15,11.2583302491977,11.5963716
103139,Tellinidae,Moerella,modica,von Cosel 1995,mixed,unattached,mobile,infaunal,25,25,10.5915060307777,11.5963716
103141,Tellinidae,Moerella,nishimurai,(Kuroda & Habe in Habe  1958),mixed,unattached,mobile,infaunal,20,20,9.85900603509299,21.606017324
103293,Tellinidae,Moerella,pulchella,(Lamarck 1818),mixed,unattached,mobile,infaunal,1,1,21.8650405899463,22.861666644
103147,Tellinidae,Moerella,rubicincta,(Roemer 1870),mixed,unattached,mobile,infaunal,15,15,23.8117617995813,13.21199989
112298,Tellinidae,Moerella,ryalli,(Huber et al. in Huber 2015),mixed,unattached,mobile,infaunal,15,15,13.7666263114824,9.71571835
112299,Tellinidae,Moerella,tulipa,(Hanley 1844),mixed,unattached,mobile,infaunal,12,12,21.2978872191586,12.53391305
103149,Tellinidae,Moerella,vidalensis,(Sowerby III 1904),mixed,unattached,mobile,infaunal,23,23,13.5698194534784,12.68298093
112259,Tellinidae,Nitidotellina,australiensis,Huber 2015,mixed,unattached,mobile,infaunal,0,0,10.507140429251,11.21869543
103249,Tellinidae,Nitidotellina,brazieri,(Tate 1886),mixed,unattached,mobile,infaunal,5,5,11.7983049630021,15.47166663
112452,Tellinidae,Nitidotellina,fijiensis,"Huber, Langleit & Kreipl in Huber 2015",mixed,unattached,mobile,infaunal,113,113,17.2864108478307,4.01844883
113067,Tellinidae,Nitidotellina,hachiensis,Fukuda et al. 2022,mixed,unattached,mobile,infaunal,0,0,12.8685663537163,18.865244869
103150,Tellinidae,Nitidotellina,hokkaidoensis,(Habe 1961),mixed,unattached,mobile,infaunal,0,0,21.5429802952145,31.895291912
103138,Tellinidae,Nitidotellina,lux,(Hanley 1844),mixed,unattached,mobile,infaunal,5,5,19.3865933056842,30.582375582
103152,Tellinidae,Nitidotellina,minuta,(Lischke 1872),mixed,unattached,mobile,infaunal,0,0,10.5830052442584,31.758284882
112351,Tellinidae,Nitidotellina,n.sp. 1 of Huber 2015:652,Huber 2015,mixed,unattached,mobile,infaunal,10,10,13.1681433771052,20.60368675
103307,Tellinidae,Nitidotellina,natalensis,(Krauss in Philippi 1846),mixed,unattached,mobile,infaunal,10,10,14.2723508925475,9.94909815
103154,Tellinidae,Nitidotellina,pallidula,(Lischke 1871),mixed,unattached,mobile,infaunal,60,60,11.6619037896906,24.622174985
103079,Tellinidae,Nitidotellina,prismatica,(Sowerby III 1897),mixed,unattached,mobile,infaunal,1,1,17.7915710379944,7.84208136
112869,Tellinidae,Nitidotellina,sinica,Xu & Zhang 2018,mixed,unattached,mobile,infaunal,11.5,11.5,9.20597631976098,13.06285736
103155,Tellinidae,Nitidotellina,soyoae,(Habe 1958),mixed,unattached,mobile,infaunal,100,100,15.556349186104,20.808336409
103274,Tellinidae,Nitidotellina,subrosea,(Hanley 1844),mixed,unattached,mobile,infaunal,NA,NA,12,3.48225791
103277,Tellinidae,Nitidotellina,ticaonica,(Deshayes 1855),mixed,unattached,mobile,infaunal,3,3,11.5965512114594,6.53430002
103223,Tellinidae,Nitidotellina,unifasciata,"(Sowerby II, 1867)",mixed,unattached,mobile,infaunal,5,5,15.2315462117278,20.31424225
112336,Tellinidae,Nitidotellina,valdiviae,(Thiele & Jaeckel 1931),mixed,unattached,mobile,infaunal,10,10,14.8162073419617,6.81795179
103313,Tellinidae,Nitidotellina,valtonis,(Hanley 1844),mixed,unattached,mobile,infaunal,0,0,15.865686244219,31.201091862
103314,Tellinidae,Nitidotellina,vernalis,(Hanley 1844),mixed,unattached,mobile,infaunal,0,0,19.718012070186,5.97377765
112337,Tellinidae,Nitidotellina,willani,Huber et al. 2015,mixed,unattached,mobile,infaunal,0,0,11.7473401244707,13.22500038
103156,Tellinidae,Obtellina,bougei,"(Sowerby III, 1909)",mixed,unattached,mobile,infaunal,2,2,31.4988888692919,12.42712653
103157,Tellinidae,Obtellina,sericata,(Melvill 1898),mixed,unattached,mobile,infaunal,1,1,25.0998007960223,17.31007525
112022,Tellinidae,Omala,acuminata,(Hanley 1843),mixed,unattached,mobile,infaunal,2,2,34.389387898013,4.68885731
103158,Tellinidae,Omala,hyalina,(Gmelin 1791),mixed,unattached,mobile,infaunal,2,2,63.2455532033676,8.40244186
103159,Tellinidae,Oudardia,compressa,(Brocchi 1814),mixed,unattached,mobile,infaunal,15,15,19.8746069143518,22.861666644
112916,Tellinidae,Oudardia,coseli,Huber et al. in Huber 2015,mixed,unattached,mobile,infaunal,10,10,13.4283282652756,12.50524945
103160,Tellinidae,Oudardia,crosnieri,von Cosel 1995,mixed,unattached,mobile,infaunal,1.5,1.5,13.2211951048307,9.14050635
103204,Tellinidae,Oudardia,iris,(Say 1822),mixed,unattached,mobile,infaunal,0,0,11.7345643293648,19.43923825
103205,Tellinidae,Oudardia,sandix,(Boss 1968),mixed,unattached,mobile,infaunal,0,0,18.5741756210067,19.3763564
103207,Tellinidae,Oudardia,varilineata,(Pilsbry & Olsson 1943),mixed,unattached,mobile,infaunal,7,7,18.5741756210067,14.87562502
103208,Tellinidae,Oudardia,virgo,(Hanley 1844),mixed,unattached,mobile,infaunal,0,0,17.8544112196398,16.44182409
112016,Tellinidae,Pallidea,palliderosea,(Anton 1838),mixed,unattached,mobile,infaunal,1,1,68.4225839909602,9.17969959
103163,Tellinidae,Peronaea,madagascariensis,(Gmelin 1791),mixed,unattached,mobile,infaunal,0,0,71.6501919048372,12.61074385
103164,Tellinidae,Peronaea,manumissa,(Melvill 1898),mixed,unattached,mobile,infaunal,NA,NA,52.6497863243527,16.11900418
103260,Tellinidae,Peronaea,mars,(Hanley 1848),mixed,unattached,mobile,infaunal,2,2,38.8908729652601,8.22007107
112915,Tellinidae,Peronaea,planata afroccidentalis,von Cosel 1995,mixed,unattached,mobile,infaunal,10,10,65.1736142929023,11.5963716
103165,Tellinidae,Peronaea,planata planata,(Linnaeus 1758),mixed,unattached,mobile,infaunal,0,0,64,18.09020506
103166,Tellinidae,Peronaea,strigosa,(Gmelin 1791),mixed,unattached,mobile,infaunal,5,5,57.0526073023836,12.50524945
112767,Tellinidae,Peronidia,albicans,(Gmelin 1791),mixed,unattached,mobile,infaunal,0,0,31.387577160399,22.861666644
112696,Tellinidae,Pharaonella,amanyu,Kato et al. 2017,mixed,unattached,mobile,infaunal,0,0,53.665631459995,9.07502709
103168,Tellinidae,Pharaonella,astula,(Hedley 1917),mixed,unattached,mobile,infaunal,2,2,40.6939798987516,16.53250051
103169,Tellinidae,Pharaonella,aurea,(Perry 1811),mixed,unattached,mobile,infaunal,0,0,42.6614580154031,19.65217969
112447,Tellinidae,Pharaonella,cuspis,(Hanley 1844),mixed,unattached,mobile,infaunal,NA,NA,26.3248931621764,1.85535011
112602,Tellinidae,Pharaonella,dialeuca,(Deshayes 1855),mixed,unattached,mobile,infaunal,NA,NA,36.4186765272985,2.22032205
112603,Tellinidae,Pharaonella,miles,(Hanley 1844),mixed,unattached,mobile,infaunal,1,1,35.8203852575597,5.15493953
112604,Tellinidae,Pharaonella,pharaonis,(Hanley 1844),mixed,unattached,mobile,infaunal,2,2,52.7784046746394,18.24122648
112605,Tellinidae,Pharaonella,semilaevis,(Martens 1865),mixed,unattached,mobile,infaunal,1,1,51.1214240803208,12.55906088
103153,Tellinidae,Pharaonella,sieboldii,(Deshayes 1855),mixed,unattached,mobile,infaunal,0,0,39,24.976833164
112606,Tellinidae,Pharaonella,venusta,(Deshayes 1855),mixed,unattached,mobile,infaunal,5,5,42.4018867504737,3.43599318
103173,Tellinidae,Pharaonella,wallaceae,(Salisbury 1934),mixed,unattached,mobile,infaunal,NA,NA,32.101401838549,9.63791334
103174,Tellinidae,Phylloda,foliacea,(Linnaeus 1758),mixed,unattached,mobile,infaunal,2,2,87.6456502058145,23.38757563
103175,Tellinidae,Phyllodella,insculpta,(Hanley 1844),mixed,unattached,mobile,infaunal,5,5,36.2629287289375,15.78059592
103178,Tellinidae,Phyllodina,pristiphora,(Dall 1900),mixed,unattached,mobile,infaunal,12,12,34.2052627529741,14.49458329
103179,Tellinidae,Phyllodina,squamifera,(Deshayes 1855),mixed,unattached,mobile,infaunal,1,1,20.9647322902059,19.91667863
112778,Tellinidae,Phyllodina,tenuisculpta,(Sowerby II 1868),mixed,unattached,mobile,infaunal,12,12,19.5576072156079,9.36175843
112613,Tellinidae,Pinguitellina,altissima,(E. A. Smith 1906),mixed,unattached,mobile,infaunal,NA,5,14.9666295470958,4.9266226
103253,Tellinidae,Pinguitellina,cycladiformis,(Hanley 1844),mixed,unattached,mobile,infaunal,0,0,8.59069263796581,11.17078439
112614,Tellinidae,Pinguitellina,nucella,"Dall, Bartsch & Rehder 1938",mixed,unattached,mobile,infaunal,8,8,11.7388244726633,3.43599318
103184,Tellinidae,Pinguitellina,nux,(Hanley 1844),mixed,unattached,mobile,infaunal,0,0,13.4164078649987,21.425833064
103185,Tellinidae,Pinguitellina,pinguis,(Hanley 1844),mixed,unattached,mobile,infaunal,0,0,14.0978721798717,32.627575601
103186,Tellinidae,Pinguitellina,pudica,(Hanley 1844),mixed,unattached,mobile,infaunal,0,0,8.26680107417615,14.66172834
103187,Tellinidae,Pinguitellina,robusta,(Hanley 1844),mixed,unattached,mobile,infaunal,1,1,19.4422220952236,23.38757563
102903,Tellinidae,Pisostrigilla,interrupta,(Morch 1860),mixed,unattached,mobile,infaunal,7,7,7.64198926981712,10.89167259
102904,Tellinidae,Pisostrigilla,mirabilis,(Philippi 1841),mixed,unattached,mobile,infaunal,0,0,14.4395290781937,17.54340922
102905,Tellinidae,Pisostrigilla,pisiformis,(Linnaeus 1758),mixed,unattached,mobile,infaunal,5,5,14.4968962195361,14.5809717
112450,Tellinidae,Praetextellina,praemitis,(Roemer 1873),mixed,unattached,mobile,infaunal,5,5,34.2928563989645,26.423785624
101774,Tellinidae,Praetextellina,praetexta,(Martens 1865),mixed,unattached,mobile,infaunal,2,2,31.3687742827162,26.679502064
112451,Tellinidae,Praetextellina,shanghaensis,"(Sowerby II, 1869)",mixed,unattached,mobile,infaunal,9,9,32.6465924714969,29.888384939
103279,Tellinidae,Pristipagia,adamsii,(Bertin 1878),mixed,unattached,mobile,infaunal,3,3,22.0794021658196,17.93957597
112401,Tellinidae,Pristipagia,bertini,Huber et al. in Huber 2015,mixed,unattached,mobile,infaunal,0,0,17.9164728671689,19.993833527
112246,Tellinidae,Pristipagia,elaborata,(Sowerby III 1917),mixed,unattached,mobile,infaunal,0,0,11.4017542509914,7.3076501
103230,Tellinidae,Pristipagia,gemonia,Iredale 1936,mixed,unattached,mobile,infaunal,9,9,17.4355957741627,12.66802626
112599,Tellinidae,Pristipagia,kolabana,(Melvill 1893),mixed,unattached,mobile,infaunal,NA,NA,21.4242852856285,15.8935952
112600,Tellinidae,Pristipagia,n. sp. 1 of Huber et al.,Huber et al. in Huber 2015,mixed,unattached,mobile,infaunal,NA,5,13.5114766032436,3.44795682
112402,Tellinidae,Pristipagia,ojiensis,(Tokunaga 1906),mixed,unattached,mobile,infaunal,3,3,22.3606797749979,26.239431625
103295,Tellinidae,Pristipagia,radians,(Deshayes 1854),mixed,unattached,mobile,infaunal,0,0,18.0416185526687,16.80157899
103237,Tellinidae,Pristipagia,subtruncata,(Hanley 1844),mixed,unattached,mobile,infaunal,3,3,23.824147413916,4.89540234
112260,Tellinidae,Psammacoma,arafurensis,(E.A. Smith 1885,mixed,unattached,mobile,infaunal,10,10,54.4940363709645,13.52833334
101782,Tellinidae,Psammacoma,candida,(Lamarck 1818),mixed,unattached,mobile,infaunal,5,5,65.9571830811474,26.653133202
101789,Tellinidae,Psammacoma,fallax,(Bertin 1878),mixed,unattached,mobile,infaunal,10,10,46.3725134104245,22.663092032
102511,Tellinidae,Psammacoma,gubernaculum,(Hanley 1844),mixed,unattached,mobile,infaunal,2,2,51.7880295048962,20.31424225
101792,Tellinidae,Psammacoma,inexpectata,(von Cosel 1995),mixed,unattached,mobile,infaunal,30,30,37.9852602992266,12.40454379
101762,Tellinidae,Psammacoma,levior,"(Sowerby III, 1904)",mixed,unattached,mobile,infaunal,30,30,17.4355957741627,7.84208136
100071,Tellinidae,Psammacoma,myaeformis,(Sowerby II 1868),mixed,unattached,mobile,infaunal,NA,NA,9.71596624119289,11.46678568
111699,Tellinidae,Psammacoma,pseudofallax,von Cosel 1995,mixed,unattached,mobile,infaunal,95,95,43.144872232978,11.84076575
101781,Tellinidae,Psammotreta,brevifrons,(Say 1838),mixed,unattached,mobile,infaunal,0,0,45.7012034852475,19.3763564
101591,Tellinidae,Psammotreta,dombei,(Hanley 1844),mixed,unattached,mobile,infaunal,0,0,66.9142735146994,14.09457139
101791,Tellinidae,Psammotreta,grandis,(Hanley 1844),mixed,unattached,mobile,infaunal,0,0,82.1163808262395,11.5817259
103009,Tellinidae,Psammotreta,psammotella,(Lamarck 1818),mixed,unattached,mobile,infaunal,0,0,40.6078810084939,16.44182409
102507,Tellinidae,Psammotreta,pura,(Gould 1853),mixed,unattached,mobile,infaunal,0,0,51.5388203202208,16.44182409
103189,Tellinidae,Pseudarcopagia,botanica,(Hedley 1918),mixed,unattached,mobile,infaunal,1,1,39.2912203933652,18.105999963
112275,Tellinidae,Pseudarcopagia,decora,(Reeve 1853),mixed,unattached,mobile,infaunal,0,0,53.7146162603811,14.956384773
103190,Tellinidae,Pseudarcopagia,disculus,(Deshayes 1855),mixed,unattached,mobile,infaunal,0,0,39.7549996855741,14.513740292
103028,Tellinidae,Pseudarcopagia,ponsonbyi,"(Sowerby III, 1889)",mixed,unattached,mobile,infaunal,1,1,30.3521004215524,11.30984115
103040,Tellinidae,Pseudocadella,lubrica,(Gould 1861),mixed,unattached,mobile,infaunal,1,1,23.6643191323985,31.201091862
103043,Tellinidae,Pseudocadella,nuculoides,(Reeve 1854),mixed,unattached,mobile,infaunal,0,0,18.4390889145858,22.789615225
112106,Tellinidae,Pseudomacalia,antillarum,(d'Orbigny 1853),mixed,unattached,mobile,infaunal,2,2,18.7616630392937,17.72206152
112897,Tellinidae,Pseudopsammobia,philippinensis,(E. A. Smith 1916),mixed,unattached,mobile,infaunal,56,56,6.95413546028548,5.01225799
101270,Tellinidae,Pseudopsammobia,simplex,(Sowerby III 1894),mixed,unattached,mobile,infaunal,0,0,14.422205101856,14.07065983
103240,Tellinidae,Pseudotellidora,lamellosa,(Issel 1869),mixed,unattached,mobile,infaunal,5,5,7.48331477354788,16.4720005
103244,Tellinidae,Pseudotellidora,pellyana,(H. Adams 1873),mixed,unattached,mobile,infaunal,1,1,9.74679434480896,20.31424225
101805,Tellinidae,Pulvinus,micans,(Hanley 1844),mixed,unattached,mobile,infaunal,2,2,24.6576560118759,16.13196595
103193,Tellinidae,Quadrans,gargadia,(Linnaeus 1758),mixed,unattached,mobile,infaunal,0,0,43.8748219369606,18.05192038
103195,Tellinidae,Quadrans,spinosa,(Hanley 1844),mixed,unattached,mobile,infaunal,0,0,16.3676510226727,29.718333401
103196,Tellinidae,Quidnipagus,palatam,(Iredale 1929),mixed,unattached,mobile,infaunal,0,0,67.8822509939086,32.627575601
101806,Tellinidae,Rexithaerus,dexioptera,Baxter 1977,mixed,unattached,mobile,infaunal,22,22,32.2490309931942,16.668020518
101807,Tellinidae,Rexithaerus,expansa,(Carpenter 1864),mixed,unattached,mobile,infaunal,0,0,43.8486031704546,19.592625985
111911,Tellinidae,Rexithaerus,hokkaidoensis,Amano & Lutaenko in Amano et al. 1999,mixed,unattached,mobile,infaunal,1.5,1.5,50.8014763564997,23.573554172
101808,Tellinidae,Rexithaerus,indentata,(Carpenter 1864),mixed,unattached,mobile,infaunal,0,0,83.6660026534076,22.753921783
101809,Tellinidae,Rexithaerus,secta,(Conrad 1837),mixed,unattached,mobile,infaunal,0,0,104.498803820905,26.442756609
101810,Tellinidae,Rexithaerus,sectior,Oyama 1950,mixed,unattached,mobile,infaunal,10,10,57.4539815852653,24.033924671
101812,Tellinidae,Rostrimacoma,cancellata,"(Sowerby II, 1873)",mixed,unattached,mobile,infaunal,2,2,113.666177907063,9.44991625
112153,Tellinidae,Rostrimacoma,largillierti,(Philippi 1851),mixed,unattached,mobile,infaunal,5,5,79.081666649104,12.40454379
101764,Tellinidae,Salmacoma,litoralis,(Krauss 1848),mixed,unattached,mobile,infaunal,0,0,31.2537997689881,14.64269216
101798,Tellinidae,Salmacoma,nobilis,(Hanley 1844),mixed,unattached,mobile,infaunal,0,0,29.7610483686311,18.90769254
101815,Tellinidae,Salmacoma,vappa,Iredale 1929,mixed,unattached,mobile,infaunal,0,0,28.1424945589406,13.52833334
103201,Tellinidae,Scissula,candeana,(d'Orbigny 1853),mixed,unattached,mobile,infaunal,1,1,12.6491106406735,15.22428454
103206,Tellinidae,Scissula,similis,(Sowerby 1806),mixed,unattached,mobile,infaunal,0,0,24.6170672501823,14.61370882
101816,Tellinidae,Scissulina,dispar,(Conrad 1837),mixed,unattached,mobile,infaunal,0,0,28.8010416478293,18.83936288
103241,Tellinidae,Scutarcopagia,linguafelis,(Linnaeus 1758),mixed,unattached,mobile,infaunal,0,0,54.1433283055262,17.84893174
112434,Tellinidae,Scutarcopagia,monika,Huber et al. in Huber 2015,mixed,unattached,mobile,infaunal,13,13,26.4748937674923,1.52086069
112435,Tellinidae,Scutarcopagia,nelly,Huber et al. I n Huber 2015,mixed,unattached,mobile,infaunal,13,13,37.601063814738,9.73040089
103294,Tellinidae,Scutarcopagia,pulcherrima,(Sowerby 1825),mixed,unattached,mobile,infaunal,0,0,48.5232933754501,29.718333401
103032,Tellinidae,Scutarcopagia,scobinata,(Linnaeus 1758),mixed,unattached,mobile,infaunal,0,0,75.5142370682509,32.627575601
112593,Tellinidae,Scutarcopagia,semiaspera,(Deshayes 1855),mixed,unattached,mobile,infaunal,NA,5,49.8144557332508,11.35772777
112594,Tellinidae,Scutarcopagia,squamulosa,(A. Adams 1850),mixed,unattached,mobile,infaunal,NA,NA,38.7956183092885,4.64423589
103298,Tellinidae,Scutarcopagia,verrucosa,(Hanley 1844),mixed,unattached,mobile,infaunal,1,1,34.2928563989645,32.627575601
112725,Tellinidae,Semelangulus,adamsi,Huber et al. in Huber 2015,mixed,unattached,mobile,infaunal,1,1,5.29150262212918,16.4720005
112512,Tellinidae,Semelangulus,boucheti,Huber et al. in Huber 2015,mixed,unattached,mobile,infaunal,42,42,6.10163912403872,3.19077678
103209,Tellinidae,Semelangulus,brazieri,"(Sowerby II, 1869)",mixed,unattached,mobile,infaunal,0,0,10.1784085199996,6.41223532
103257,Tellinidae,Semelangulus,ellicensis,(Hedley 1899),mixed,unattached,mobile,infaunal,NA,NA,4.89897948556636,0.700661099999998
103211,Tellinidae,Semelangulus,fijiensis,"(Sowerby II, 1868)",mixed,unattached,mobile,infaunal,1,1,11.6687617166519,12.11485522
105905,Tellinidae,Semelangulus,lacrimadugongi,Kato & Ohsuga 2007,mixed,unattached,mobile,infaunal,NA,5,6,9.07502709
112513,Tellinidae,Semelangulus,liratus,Huber et al. in Huber 2015,mixed,unattached,mobile,infaunal,15,15,8.5848704125339,6.67273801
103214,Tellinidae,Semelangulus,mesodesmoides,Oliver & Zuschin 2000,mixed,unattached,mobile,infaunal,10,10,7.15541752799933,8.61518966
103215,Tellinidae,Semelangulus,miyatensis,(Yokoyama 1920),mixed,unattached,mobile,infaunal,10,10,7.07106781186548,26.653133202
111768,Tellinidae,Semelangulus,nebulosus,"(Dall, Bartsch & Rehder 1938)",mixed,unattached,mobile,infaunal,10,10,7.20208303201234,9.14698478
112514,Tellinidae,Semelangulus,parvulus,(Bertin 1878),mixed,unattached,mobile,infaunal,1,1,6.4249513616836,7.08615497
103216,Tellinidae,Semelangulus,rosamunda,(Melvill & Standen 1907),mixed,unattached,mobile,infaunal,64,64,7.16240183178799,20.31424225
103221,Tellinidae,Semelangulus,tenuiliratus,"(Sowerby II, 1867)",mixed,unattached,mobile,infaunal,0,0,12.328828005938,21.06885968
103222,Tellinidae,Semelangulus,tokubeii,(Habe 1961),mixed,unattached,mobile,infaunal,5,5,10.3227903204512,26.653133202
103224,Tellinidae,Semelangulus,vincentiana,(Tate 1891),mixed,unattached,mobile,infaunal,5,5,13.6381816969859,12.34666685
105127,Tellinidae,Semelina,campbellorum,Coan 2003,mixed,unattached,mobile,infaunal,5,5,6.3166446789415,15.78059592
102656,Tellinidae,Semelina,nuculoides,(Conrad 1841),mixed,unattached,mobile,infaunal,4,4,6.3718129288296,19.91667863
102657,Tellinidae,Semelina,subquadrata,(Carpenter 1857),mixed,unattached,mobile,infaunal,0,0,5.79655069847578,14.49458329
103271,Tellinidae,Senegona,senegambiensis,(Salisbury 1934),mixed,unattached,mobile,infaunal,3,3,84.7230783199005,9.65124968
103225,Tellinidae,Serratina,aequistriata,(Say 1824),mixed,unattached,mobile,infaunal,0,0,22.58982071642,19.91667863
103226,Tellinidae,Serratina,alerta,(Boss 1964),mixed,unattached,mobile,infaunal,30,30,13.6249770642009,22.667935206
112595,Tellinidae,Serratina,belcheriana,"(Sowerby II,1867)",mixed,unattached,mobile,infaunal,10,10,29.320470664708,6.37182133
103115,Tellinidae,Serratina,brevirostris,(Deshayes 1855),mixed,unattached,mobile,infaunal,0,0,15.2872495891184,14.49458329
103227,Tellinidae,Serratina,capsoides,(Lamarck 1818),mixed,unattached,mobile,infaunal,0,0,51.3809303146605,23.662346895
103228,Tellinidae,Serratina,charlottae,(E.A.Smith 1885),mixed,unattached,mobile,infaunal,18,18,30.2707779880201,14.513740292
112304,Tellinidae,Serratina,diaphana,(Deshayes 1855),mixed,unattached,mobile,infaunal,0,0,37.3767173518489,26.666904675
103026,Tellinidae,Serratina,fimbriata,(Hanley 1844),mixed,unattached,mobile,infaunal,0,0,37.7993386185526,12.76999998
112596,Tellinidae,Serratina,fissa,(Spengler 1798),mixed,unattached,mobile,infaunal,1,1,44.7749930206583,16.4720005
103258,Tellinidae,Serratina,jonasi,(Philippi 1847),mixed,unattached,mobile,infaunal,18,18,32.6389338061157,29.718333401
103117,Tellinidae,Serratina,martinicensis,(d'Orbigny in Sagra 1853),mixed,unattached,mobile,infaunal,0.5,0.5,10.816653826392,13.65232214
112535,Tellinidae,Serratina,monomera,(Habe 1961),mixed,unattached,mobile,infaunal,0,0,33.6820426933997,12.67658976
112597,Tellinidae,Serratina,n. sp. 1 of Huber et al.,Huber et al. in Huber 2015,mixed,unattached,mobile,infaunal,NA,5,34.2928563989645,10.78560503
112598,Tellinidae,Serratina,n. sp. 2 of Huber et al.,Huber et al. in Huber 2015,mixed,unattached,mobile,infaunal,NA,NA,114.157785542643,3.87876661
112987,Tellinidae,Serratina,n.sp. 3 of Huber et al. in Huber 2015, Huber et al. in Huber 2015,mixed,unattached,mobile,infaunal,NA,NA,24.3721152139079,8.96228489
100749,Tellinidae,Serratina,ostracea,(Lamarck 1818),mixed,unattached,mobile,infaunal,NA,NA,26.7423708747,6.97127618
103231,Tellinidae,Serratina,owenii,(Hanley 1844),mixed,unattached,mobile,infaunal,5,5,39.1152144312159,11.5963716
103232,Tellinidae,Serratina,perplexa,(Hanley 1844),mixed,unattached,mobile,infaunal,11,11,33.6202320039586,14.66172834
112307,Tellinidae,Serratina,pristis,(Lamarck 1818),mixed,unattached,mobile,infaunal,NA,5,58.8657795327642,20.60368675
112533,Tellinidae,Serratina,resecta,(Deshayes 1855),mixed,unattached,mobile,infaunal,0,0,50.7328296076613,11.66106073
103235,Tellinidae,Serratina,serrata,(Brocchi 1814),mixed,unattached,mobile,infaunal,1,1,39.9586035792043,22.861666644
112305,Tellinidae,Serratina,siamensis,(von Martens 1860),mixed,unattached,mobile,infaunal,0,0,40.2119385257662,12.11485522
111652,Tellinidae,Serratina,steinbecki,(Coan & Valentich-Scott 2010),mixed,unattached,mobile,infaunal,0,0,22.6892044814268,14.49458329
102906,Tellinidae,Simplistrigilla,serrata,(Morch 1860),mixed,unattached,mobile,infaunal,0,0,9.32737905308882,17.00945296
102907,Tellinidae,Simplistrigilla,surinamensis,Boss 1972,mixed,unattached,mobile,infaunal,15,15,10.9544511501033,19.73802633
102908,Tellinidae,Strigilla,carnaria,(Linnaeus 1758),mixed,unattached,mobile,infaunal,2,2,26.8566565305512,19.3763564
102909,Tellinidae,Strigilla,chroma,(Salisbury 1934),mixed,unattached,mobile,infaunal,0,0,23.8746727726266,21.11684227
102910,Tellinidae,Strigilla,cicercula,(Philippi 1846),mixed,unattached,mobile,infaunal,0,0,11.4367827643966,16.00794891
102912,Tellinidae,Strigilla,dichotoma,(Philippi 1846),mixed,unattached,mobile,infaunal,0,0,8.37854402626136,16.44182409
112294,Tellinidae,Strigilla,elegans,Huber 2015,mixed,unattached,mobile,infaunal,0,0,14.9130815058458,18.900896698
102914,Tellinidae,Strigilla,ervilia,(Philippi 1846),mixed,unattached,mobile,infaunal,0,0,10.2761860629321,10.89167259
102915,Tellinidae,Strigilla,gabbi,Olsson & McGinty 1958,mixed,unattached,mobile,infaunal,2,2,32.6726185054091,10.5928948
102916,Tellinidae,Strigilla,grossiana,(Hedley 1908),mixed,unattached,mobile,infaunal,NA,NA,22.4499443206436,11.2155173
102917,Tellinidae,Strigilla,producta,Tryon 1870,mixed,unattached,mobile,infaunal,2,2,13.8173803595327,9.70289489
102918,Tellinidae,Strigilla,pseudocarnaria,Boss 1969,mixed,unattached,mobile,infaunal,NA,NA,23.4520787991171,13.73157899
102919,Tellinidae,Strigilla,sincera,(Hanley 1844),mixed,unattached,mobile,infaunal,0,0,41.7312832297307,10.74142142
101744,Tellinidae,Sylvanus,anatinoides,"(Sowerby III, 1915)",mixed,unattached,mobile,infaunal,6,6,20.4939015319192,9.04490976
112160,Tellinidae,Sylvanus,ancilla,(Hanley 1844),mixed,unattached,mobile,infaunal,1,1,20.9866624311728,10.8087798
101167,Tellinidae,Sylvanus,assimilis,(Hanley 1844),mixed,unattached,mobile,infaunal,3,3,21.8485697472398,10.97763304
103213,Tellinidae,Sylvanus,lilium,(Hanley 1844),mixed,unattached,mobile,infaunal,0,0,29.6647939483827,23.662346895
112162,Tellinidae,Sylvanus,n.sp. 1 of Huber 2015:734,Huber 2015,mixed,unattached,mobile,infaunal,13,13,12.9209132804148,2.71461533
103245,Tellinidae,Tampaella,ampullacea,(Philippi 1844),mixed,unattached,mobile,infaunal,0,0,15.2420471066061,8.91318519
105988,Tellinidae,Tampaella,camachoi,(Macsotay & Campos 2001),mixed,unattached,mobile,infaunal,3,3,25.0970117743129,3.63762613
112289,Tellinidae,Tampaella,elevata,(Sowerby II 1868),mixed,unattached,mobile,infaunal,0,0,18.0554700852678,7.20760924
112288,Tellinidae,Tampaella,leei,Huber 2015,mixed,unattached,mobile,infaunal,2,2,23.584316822838,14.22133285
103004,Tellinidae,Tampaella,mera,(Say 1834),mixed,unattached,mobile,infaunal,0,0,18.3711730708738,13.7488947
103005,Tellinidae,Tampaella,meropsis,(Dall 1900),mixed,unattached,mobile,infaunal,0,0,20.4034310840113,21.29878819
103007,Tellinidae,Tampaella,paramera,(Boss 1964),mixed,unattached,mobile,infaunal,0,0,13.4629120178363,13.4329999
111655,Tellinidae,Tampaella,straminea,(Deshayes 1855),mixed,unattached,mobile,infaunal,1,1,17.4499283666151,16.44182409
103015,Tellinidae,Tampaella,tampaensis,(Conrad 1866),mixed,unattached,mobile,infaunal,0,0,21.7944947177034,15.13954553
103242,Tellinidae,Tellidora,burneti,(Broderip & Sowerby 1829),mixed,unattached,mobile,infaunal,0,0,44.2718872423573,16.44182409
103243,Tellinidae,Tellidora,cristata,(Recluz 1842),mixed,unattached,mobile,infaunal,0,0,32.6680271825527,18.68876133
112986,Tellinidae,Tellina,brasiliana,Spengler 1798,mixed,unattached,mobile,infaunal,50,50,76.6821361204812,8.73226859
111676,Tellinidae,Tellina,iheringi,Dall 1900,mixed,unattached,mobile,infaunal,5,5,25.4558441227157,5.4825773
103267,Tellinidae,Tellina,radiata,Linnaeus 1758,mixed,unattached,mobile,infaunal,0,0,78.6134848483388,19.08009618
101479,Tellinidae,Tellinangulus,aethiopicus,(Thiele & Jaeckel 1931),mixed,unattached,mobile,infaunal,50,50,5.80947501931113,8.73389537
112588,Tellinidae,Tellinella,cruciata,(Spengler 1798),mixed,unattached,mobile,infaunal,0,0,62.075115787246,32.627575601
103284,Tellinidae,Tellinella,crucigera,(Lamarck 1818),mixed,unattached,mobile,infaunal,0,0,42.4264068711929,16.42196976
103285,Tellinidae,Tellinella,cumingii,(Hanley 1844),mixed,unattached,mobile,infaunal,4,4,50.0579663989659,17.94966261
112592,Tellinidae,Tellinella,dissimilis,(Deshayes 1855),mixed,unattached,mobile,infaunal,1,1,32.1558703816271,17.0319202
103290,Tellinidae,Tellinella,listeri,(Roeding 1798),mixed,unattached,mobile,infaunal,0,0,73.0068489937759,19.91667863
111970,Tellinidae,Tellinella,mexicana,(Petit de la Saussaye 1841),mixed,unattached,mobile,infaunal,1,1,48.3735464897913,15.94622821
103292,Tellinidae,Tellinella,philippii,(Anton in Philippi 1844),mixed,unattached,mobile,infaunal,0,0,72.0513705629532,20.31424225
112591,Tellinidae,Tellinella,regina,(Salisbury 1934),mixed,unattached,mobile,infaunal,0,0,57.7243449508091,11.78905509
112433,Tellinidae,Tellinella,severnsi,Huber et al. in Huber 2015,mixed,unattached,mobile,infaunal,7,7,24.2363363568011,5.43516687
112589,Tellinidae,Tellinella,tithonia,(Gould 1850),mixed,unattached,mobile,infaunal,2,2,41.7193000900063,32.627575601
103299,Tellinidae,Tellinella,virgata,(Linnaeus 1758),mixed,unattached,mobile,infaunal,1,1,72.6159073481837,23.38757563
106445,Tellinidae,Tellinella,zacae,Hertlein & Strong 1949,mixed,unattached,mobile,infaunal,24,24,31.1126983722081,13.10606791
103301,Tellinidae,Tellinidella,princeps,(Hanley 1844),mixed,unattached,mobile,infaunal,0,0,65.496564795415,11.56766688
103302,Tellinidae,Tellinidella,purpurea,(Broderip & Sowerby 1829),mixed,unattached,mobile,infaunal,0,0,53.4640065838691,11.38271289
112646,Tellinidae,Tellinides,aequalis,(Deshayes 1855),mixed,unattached,mobile,infaunal,NA,NA,29.4,8.59505781
112554,Tellinidae,Tellinides,coccineus,(Gmelin 1791),mixed,unattached,mobile,infaunal,NA,NA,33.3934125240293,5.3965697
103306,Tellinidae,Tellinides,cockburnensis,(Kendrick  & Brearley 1984),mixed,unattached,mobile,infaunal,0,0,22.5628012445264,14.57138994
112647,Tellinidae,Tellinides,conspicuus,(Hanley in Sowerby II 1846),mixed,unattached,mobile,infaunal,NA,NA,43.5889894354067,11.37036807
112500,Tellinidae,Tellinides,kilburni,Huber et al. in Huber 2015,mixed,unattached,mobile,infaunal,0,0,34.1086499293068,12.76499003
103236,Tellinidae,Tellinides,margaritinus,(Lamarck 1818),mixed,unattached,mobile,infaunal,0,0,27.7812886670147,12.85736844
112648,Tellinidae,Tellinides,pseudochinensis,Huber et al. in Huber 2015,mixed,unattached,mobile,infaunal,0,0,35.2845575287547,15.36819057
112649,Tellinidae,Tellinides,roseotinctus,Huber et al. in Huber 2015,mixed,unattached,mobile,infaunal,0,0,38.9751202692179,4.60564348
103311,Tellinidae,Tellinides,sinuatus,(Spengler 1798),mixed,unattached,mobile,infaunal,0,0,53.6896638097129,6.77928585
112154,Tellinidae,Tellinides,striatus,(Gmelin 1791),mixed,unattached,mobile,infaunal,0,0,35.4355753445602,32.627575601
103312,Tellinidae,Tellinides,timorensis,Lamarck 1818,mixed,unattached,mobile,infaunal,0,0,47.1984109902018,18.09487573
112650,Tellinidae,Tellinides,tridentatus,(Anton 1837),mixed,unattached,mobile,infaunal,10,10,42.9675458922196,5.01225799
102513,Tellinidae,Tellinimactra,edentula,(Spengler 1798),mixed,unattached,mobile,infaunal,0,0,64.7881161942528,21.74860508
103280,Tellinidae,Tellinota,albinella,(Lamarck 1819),mixed,unattached,mobile,infaunal,10,10,48.3735464897913,15.19733343
103110,Tellinidae,Tellinota,imbellis,(Hanley 1844),mixed,unattached,mobile,infaunal,15,15,30.8220700148449,19.66166719
103316,Tellinidae,Temnoconcha,cognata,(C.B. Adams 1852),mixed,unattached,mobile,infaunal,0,0,52.0192272145598,16.11349055
112290,Tellinidae,Temnoconcha,galathaea,(Lamarck 1818),mixed,unattached,mobile,infaunal,15,15,36.0887794196479,14.5809717
103170,Tellinidae,Tonganaella,perna,(Spengler 1798),mixed,unattached,mobile,infaunal,0,0,65.6514280118871,23.662346895
103172,Tellinidae,Tonganaella,tongana,(Quoy & Gaimard 1835),mixed,unattached,mobile,infaunal,2,2,75.1159769955766,17.29550735
104319,Thraciidae,Asthenothaerus,diegensis,(Dall 1915),suspension,unattached,mobile,infaunal,0,0,9.49736805646701,17.94966261
104317,Thraciidae,Asthenothaerus,hemphillii,Dall 1886,suspension,unattached,mobile,infaunal,1,1,8.93308457365092,18.6026558
104320,Thraciidae,Asthenothaerus,maxwelli,Marshall 2002,suspension,unattached,mobile,infaunal,0,0,37.1483512420134,15.18046213
104318,Thraciidae,Asthenothaerus,villosior,Carpenter 1864,suspension,unattached,mobile,infaunal,0,0,8.18535277187245,17.19340653
104335,Thraciidae,Barythaerus,biconvexus,(Powell 1927),suspension,unattached,mobile,infaunal,27,27,4.1024382993532,12.887358372
104271,Thraciidae,Barythaerus,cuneatus,(Powell 1937),suspension,unattached,mobile,infaunal,68,68,4.74868402823351,14.513740292
104324,Thraciidae,Bushia,elegans,(Dall 1886),suspension,unattached,mobile,infaunal,73,73,11.1803398874989,7.76508353
104326,Thraciidae,Bushia,galapagana,(Dall 1915),suspension,unattached,mobile,infaunal,57,57,26.0729745138525,4.75436365
104325,Thraciidae,Bushia,panamensis,(Dall 1890),suspension,unattached,mobile,infaunal,94,94,12.5777581468241,3.41925625
104327,Thraciidae,Bushia,phillipsi,Coan 1990,suspension,unattached,mobile,infaunal,38,38,19.5984693279858,16.66799986
104406,Thraciidae,Cetothrax,adenensis,Melvill 1898,suspension,unattached,mobile,infaunal,17,17,26.4533551747222,20.31424225
111737,Thraciidae,Cetothrax,anchoralis,(Kilburn 1975),suspension,unattached,mobile,infaunal,NA,5,18.6359866924185,5.64900994
104280,Thraciidae,Cetothrax,condoni,Dall 1909,suspension,unattached,mobile,infaunal,16,16,71.7356257378438,18.176187178
104383,Thraciidae,Cetothrax,hainanensis,(Xu  1989),suspension,unattached,mobile,infaunal,0,0,35.7211421989835,28.669090831
112558,Thraciidae,Cetothrax,imperfecta,(Lamarck 1818),suspension,unattached,mobile,infaunal,0,0,37.1709564041605,12.06125175
112657,Thraciidae,Cetothrax,salsettensis,(Melvill 1893),suspension,unattached,mobile,infaunal,17,17,43.2666153055679,20.31424225
104310,Thraciidae,Crassithracia,devexa,(Sars 1878),suspension,unattached,mobile,infaunal,7,7,36.3318042491699,19.72833321
104282,Thraciidae,Crassithracia,meridionalis,(E. A. Smith 1885),suspension,unattached,mobile,infaunal,5,5,43.4902287876254,14.54907408
104311,Thraciidae,Crassithracia,myopsis,(Moller 1842),suspension,unattached,mobile,infaunal,2,2,35.213633723318,25.96533337
111898,Thraciidae,Crassithracia,ovata,(Xu 1989),suspension,unattached,mobile,infaunal,46,46,5.13809303146605,26.330291172
104281,Thraciidae,Crassithracia,septentrionalis,Jeffreys 1872,suspension,unattached,mobile,infaunal,9,9,28.0570846668003,25.78065205
112698,Thraciidae,Cyathodonta,cruziana,Dall 1915,suspension,unattached,mobile,infaunal,70,70,18.0277563773199,3.11494959
104331,Thraciidae,Cyathodonta,dubiosa,Dall 1915,suspension,unattached,mobile,infaunal,13,13,37.5819105421744,16.11349055
104333,Thraciidae,Cyathodonta,granulosa,(Adams & Reeve 1850),suspension,unattached,mobile,infaunal,NA,5,32.3589245803998,9.52583321
104329,Thraciidae,Cyathodonta,pedroana,Dall 1915,suspension,unattached,mobile,infaunal,9,9,32.2676308395891,19.32325762
112697,Thraciidae,Cyathodonta,plicata,(Deshayes 1832),suspension,unattached,mobile,infaunal,5,5,36.7423461417477,12.43967933
104422,Thraciidae,Cyathodonta,rugosa,(Lamarck 1818),suspension,unattached,mobile,infaunal,2,2,63.3640276497635,17.72206152
104332,Thraciidae,Cyathodonta,tumbeziana,Olsson 1961,suspension,unattached,mobile,infaunal,13,13,34.2666018157622,11.41462969
104330,Thraciidae,Cyathodonta,undulata,Conrad 1849,suspension,unattached,mobile,infaunal,0,0,44.9444101084885,16.44182409
104380,Thraciidae,Eximiothracia,angasiana,(E.A. Smith 1876),suspension,unattached,mobile,infaunal,30,30,17.9443584449264,8.86428865
104381,Thraciidae,Eximiothracia,lincolnensis,(Verco 1907),suspension,unattached,mobile,infaunal,16,16,6.16116872029975,14.981000183
104374,Thraciidae,Eximiothracia,modesta,(Angas 1868),suspension,unattached,mobile,infaunal,4,4,28.0624304008046,12.30388697
104375,Thraciidae,Eximiothracia,myodoroides,(E. A. Smith 1885),suspension,unattached,mobile,infaunal,50,50,16.1338154197945,14.981000183
104309,Thraciidae,Eximiothracia,speciosa,(Angas 1869),suspension,unattached,mobile,infaunal,7,7,21.920310216783,12.74704478
112284,Thraciidae,Eximiothracia,stutchburyi,Huber 2010,suspension,unattached,mobile,infaunal,NA,NA,10.6207344378814,6.41223532
104289,Thraciidae,Homoeodesma,challisiana,Dall 1915,suspension,unattached,mobile,infaunal,29,29,51.9615242270663,22.629899368
104283,Thraciidae,Homoeodesma,conradi,Couthouy 1839,suspension,unattached,mobile,infaunal,4,4,86.0813568666294,31.006055535
104284,Thraciidae,Homoeodesma,convexa,(Wood 1815),suspension,unattached,mobile,infaunal,30,30,58.38664230798,30.547952356
104285,Thraciidae,Homoeodesma,corbuloidea,Blainville 1827,suspension,unattached,mobile,infaunal,5,5,54.1118286514141,22.861666644
104286,Thraciidae,Homoeodesma,itoi,Habe 1962,suspension,unattached,mobile,infaunal,10,10,56.2849891178812,26.97566665
104287,Thraciidae,Homoeodesma,kakumana,(Yokoyama 1927),suspension,unattached,mobile,infaunal,4,4,95.9843737282272,27.25149998
112931,Thraciidae,Homoeodesma,n.sp. cf. corbuloidea Blainville 1827,of von Cosel & Gofas 2019,suspension,unattached,mobile,infaunal,20,20,27.2820453778671,3.66239672
104412,Thraciidae,Homoeodesma,stimpsoni,Dall 1886,suspension,unattached,mobile,infaunal,35,35,54.6808924579693,15.23510564
104290,Thraciidae,Homoeodesma,trapezoides,Conrad 1849,suspension,unattached,mobile,infaunal,11,11,57.0087712549569,22.769192738
104295,Thraciidae,Ixartia,cuneolus,Reeve 1859,suspension,unattached,mobile,infaunal,10,10,17.5499287747842,28.412257981
104291,Thraciidae,Ixartia,curta,Conrad 1837,suspension,unattached,mobile,infaunal,0,0,49.96298629986,30.153333588
104296,Thraciidae,Ixartia,distorta,(Montagu 1803),suspension,unattached,mobile,infaunal,0,0,23.0651251893416,30.547952356
104293,Thraciidae,Ixartia,morrisoni,Petit 1964,suspension,unattached,mobile,infaunal,1.5,1.5,17.9833256101312,18.6026558
104298,Thraciidae,Ixartia,similis,(Couthouy 1839),suspension,unattached,mobile,infaunal,1,1,26.8268522193715,19.949394069
104334,Thraciidae,Lampeia,adamsi,(MacGinitie 1959),suspension,unattached,mobile,infaunal,10,10,27.5259877206977,19.459478508
105415,Thraciidae,Lampeia,posteroresecta,Kamenev & Nadtochy 1998,suspension,unattached,mobile,infaunal,180,180,15.0784614599766,16.329997304
105414,Thraciidae,Lampeia,triangula,Kamenev & Nadtochy 1998,suspension,unattached,mobile,infaunal,144,144,12.0747670784989,12.71868244
104047,Thraciidae,Odoncineta,bereniceae,Coan 1990,suspension,unattached,mobile,infaunal,0,0,18.7082869338697,16.03421359
105113,Thraciidae,Odoncineta,capensis,(Sowerby 1889),suspension,unattached,mobile,infaunal,NA,5,32.0156211871642,9.17969959
104303,Thraciidae,Odoncineta,concinna,Reeve 1859,suspension,unattached,mobile,infaunal,10,10,20.8566536146142,31.476604892
104300,Thraciidae,Odoncineta,gracilis,Jeffreys 1865,suspension,unattached,mobile,infaunal,40,40,28.5657137141714,18.457541726
104304,Thraciidae,Odoncineta,koyamai,(Habe 1981),suspension,unattached,mobile,infaunal,50,50,17.4040225235432,14.39032112
111893,Thraciidae,Odoncineta,n. sp. cf. phaseolina,Coan 1990,suspension,unattached,mobile,infaunal,2.5,2.5,15.4919333848297,15.76757591
104301,Thraciidae,Odoncineta,phaseolina,(Lamarck 1818),suspension,unattached,mobile,infaunal,0,0,30.0099983338887,30.547952356
104308,Thraciidae,Odoncineta,roumei,Cosel 1995,suspension,unattached,mobile,infaunal,1,1,12.6237870704476,11.5963716
104305,Thraciidae,Odoncineta,squamosa,Carpenter 1856,suspension,unattached,mobile,infaunal,0,0,27.8208554864871,16.44182409
104302,Thraciidae,Odoncineta,villosiuscula,(MacGillivray 1827),suspension,unattached,mobile,infaunal,0,0,23.43074902772,28.988218366
104307,Thraciidae,Odoncineta,vitrea,(Hutton 1873),suspension,unattached,mobile,infaunal,15,15,24.4948974278318,28.804368642
104270,Thraciidae,Parvithracia,ampla,Marshall 2002,suspension,unattached,mobile,infaunal,173,173,5.9791303715507,14.513740292
104269,Thraciidae,Parvithracia,suteri,Finlay 1927,suspension,unattached,mobile,infaunal,33,33,4.87339717240448,14.513740292
113064,Thraciidae,Pelopina,rudis,(Reeve 1859),suspension,unattached,mobile,infaunal,NA,NA,23.3826859021798,2.48901419
104373,Thraciidae,Phragmorisma,watsoni,(E. A. Smith 1885),suspension,unattached,mobile,infaunal,26,26,54.527149201109,13.05489409
104321,Thraciidae,Pseudoasthenothaerus,huanghaiensis,(Xu 1989),suspension,unattached,mobile,infaunal,40,40,7.80832888651599,26.330291172
104274,Thraciidae,Pseudoasthenothaerus,lukini,Kamenev 2002,suspension,unattached,mobile,infaunal,65,65,10.2761860629321,23.024973552
104272,Thraciidae,Pseudoasthenothaerus,melchior,Marshall 2002,suspension,unattached,mobile,infaunal,88,88,9.88685996664259,5.01762231
104276,Thraciidae,Pseudoasthenothaerus,sematana,(Yokoyama 1922),suspension,unattached,mobile,infaunal,20,20,38.4187454245971,23.223273964
104275,Thraciidae,Pseudoasthenothaerus,sirenkoi,Kamenev 2002,suspension,unattached,mobile,infaunal,101,101,7.84856674813943,18.321800054
104328,Thraciidae,Pseudocyathodonta,draperi,(Coan 1990),suspension,unattached,mobile,infaunal,55,55,30.1297195473174,12.06506945
104323,Thraciidae,Skoglundia,colpoica,(Dall 1915),suspension,unattached,mobile,infaunal,0,0,22.0181743112366,14.49458329
104429,Thraciidae,Skoglundia,rushii,(Pilsbry 1897),suspension,unattached,mobile,infaunal,2,2,33.466401061363,20.773748412
104371,Thraciidae,Thracia,arienatoma,Oliver & Holmes 2004,suspension,unattached,mobile,infaunal,0,0,2.56904651573303,4.56530997
104417,Thraciidae,Thracia,pubescens,(Pulteney 1799),suspension,unattached,mobile,infaunal,1,1,88.9269363016628,26.516515127
104315,Thraciidae,Thracia,vegrandis,Marshall & Murdoch 1919,suspension,unattached,mobile,infaunal,9,9,20.9224759529077,14.513740292
104378,Thraciidae,Thracidentula,anatinoides,(Reeve 1859),suspension,unattached,mobile,infaunal,1,1,30.5941170815567,12.34249995
104390,Thraciidae,Thracidentula,perulae,Garrard 1961,suspension,unattached,mobile,infaunal,1,1,31.0678290197432,14.52301743
103665,Thraciidae,Thracidora,agulhasensis,(Thiele & Jaeckel 1931),suspension,unattached,mobile,infaunal,49,49,11.8321595661992,11.74872966
104389,Thraciidae,Thracidora,arenosa,(Hedley 1904),suspension,unattached,mobile,infaunal,73,73,3.56931365951495,12.89247336
104388,Thraciidae,Thracidora,flindersi,Cotton & Godfrey 1938,suspension,unattached,mobile,infaunal,73,73,10.1980390271856,7.7995385
104342,Thraciidae,Thracidora,japonica,Habe 1952,suspension,unattached,mobile,infaunal,100,100,16.6733320005331,18.986936917
105114,Thraciidae,Thraciopsis,agulhasensis,Barnard 1964,suspension,unattached,mobile,infaunal,106,106,7.74596669241483,7.50439632
104385,Thraciidae,Thraciopsis,angustata,(Angus 1867),suspension,unattached,mobile,infaunal,4,4,9.47100839404126,20.32236891
104387,Thraciidae,Thraciopsis,elongata,(Stutchbury 1830),suspension,unattached,mobile,infaunal,1,1,11.4332847423652,20.76552672
112285,Thraciidae,Thraciopsis,n.sp. 1 of Huber 2010a:786,Huber 2010,suspension,unattached,mobile,infaunal,NA,5,5.86515131944607,11.8105909
104386,Thraciidae,Thraciopsis,peroniana,Iredale 1924,suspension,unattached,mobile,infaunal,1,1,11.0199818511647,14.506703897
104384,Thraciidae,Thraciopsis,subrecta,Cotton & Godfrey 1938,suspension,unattached,mobile,infaunal,15,15,11.3137084989848,12.34666685
104339,Thraciidae,Trigonothracia,jinxingae,Xu 1980,suspension,unattached,mobile,infaunal,5,5,13.3491572767722,31.201091862
104337,Thraciidae,Trigonothracia,mimica,Marshall 2002,suspension,unattached,mobile,infaunal,15,15,3.46525612329017,11.913333255
104338,Thraciidae,Trigonothracia,pusilla,(Gould 1861),suspension,unattached,mobile,infaunal,7,7,9.81223725762886,29.835695702
111304,Thyasiridae,Adontorhina,cyclia,Berry 1947,non_suspension,unattached,mobile,infaunal,12,12,3,32.937926958
105140,Thyasiridae,Adontorhina,pisum,(Dall 1908),non_suspension,unattached,mobile,infaunal,27,27,2.59807621135332,15.307285778
111305,Thyasiridae,Adontorhina,similis,Barry & McCormack 2007,non_suspension,unattached,mobile,infaunal,30,30,1.84390889145858,16.560236626
111303,Thyasiridae,Adontorhina,sphaericosa,Scott 1986,non_suspension,unattached,mobile,infaunal,95,95,1.6,17.047419418
111306,Thyasiridae,Axinodon,redondoensis,(Burch 1941),non_suspension,unattached,mobile,infaunal,120,120,3,18.712963078
111311,Thyasiridae,Axinopsida,cordata,(Verrill & Bush 1898),non_suspension,unattached,mobile,infaunal,79,79,2,25.13703794
111310,Thyasiridae,Axinopsida,orbiculata,(Sars 1878),non_suspension,unattached,mobile,infaunal,2,2,8,21.44783332
111307,Thyasiridae,Axinopsida,serricata,(Carpenter 1864),non_suspension,unattached,mobile,infaunal,0,0,8,32.937926958
111308,Thyasiridae,Axinopsida,subquadrata,(A. Adams 1862),non_suspension,unattached,mobile,infaunal,5,5,4,29.318200552
111313,Thyasiridae,Axinulus,alleni,(Carrozza 1981),non_suspension,unattached,mobile,infaunal,147,147,1.39642400437689,22.861666644
111314,Thyasiridae,Axinulus,antarcticus,Zelaya 2010,non_suspension,unattached,mobile,infaunal,68,68,2.79821371592664,3.107540048
111312,Thyasiridae,Axinulus,croulinensis,(Jeffreys 1847),non_suspension,unattached,mobile,infaunal,20,20,6.48074069840786,30.711246791
112461,Thyasiridae,Axinulus,exintermedius,(Gaglini 1992),non_suspension,unattached,mobile,infaunal,90,90,1.74928556845359,16.71325212
111766,Thyasiridae,Axinulus,thackergeigeri,Valentich-Scott & Coan 2012,non_suspension,unattached,mobile,infaunal,46,46,1.84932420089069,11.65676307
111316,Thyasiridae,Axinus,grandis,(Verrill & Smith 1885),non_suspension,unattached,mobile,infaunal,155,155,23.9436839270819,26.206076932
112286,Thyasiridae,Channelaxinus,n.sp. 1 of Huber 2015:400,Huber 2015,non_suspension,unattached,mobile,infaunal,120,120,18.1777336321116,4.31594622
111800,Thyasiridae,Channelaxinus,oliveri,Valentich-Scott & Coan 2012,non_suspension,unattached,mobile,infaunal,9,9,14.422205101856,14.49458329
111317,Thyasiridae,Conchocele,bisecta,(Conrad 1849),non_suspension,unattached,mobile,infaunal,50,50,105.403984744411,29.880772722
111320,Thyasiridae,Conchocele,scarlatoi,Ivanova & Moskalets 1984,non_suspension,unattached,mobile,infaunal,10,10,64.0157793047933,21.559545432
111343,Thyasiridae,Genaxinus,cookianus,Fleming 1950,non_suspension,unattached,mobile,infaunal,55,55,1.05470374987482,14.513740292
111321,Thyasiridae,Genaxinus,eumyarius,(Sars 1870),non_suspension,unattached,mobile,infaunal,42,42,2.5,30.105734436
111344,Thyasiridae,Genaxinus,otagoensis,(Suter 1913),non_suspension,unattached,mobile,infaunal,27,27,4.5,12.887358372
111323,Thyasiridae,Leptaxinus,elegans,Okutani 1962,non_suspension,unattached,mobile,infaunal,100,100,4.47213595499958,18.986936917
111324,Thyasiridae,Leptaxinus,minutus,Verrill & Bush 1898,non_suspension,unattached,mobile,infaunal,14,14,1.87082869338697,23.68950899
111345,Thyasiridae,Maorithyas,flemingi,Powell 1955,non_suspension,unattached,mobile,infaunal,16,16,5.86941223633167,3.808395734
111346,Thyasiridae,Maorithyas,marama,Fleming 1950,non_suspension,unattached,mobile,infaunal,4,4,17.4928556845359,12.887358372
111326,Thyasiridae,Mendicula,ferruginosa,(Forbes 1844),non_suspension,unattached,mobile,infaunal,8,8,4.5,31.057174486
111327,Thyasiridae,Mendicula,ovata,(Verrill & Bush 1898),non_suspension,unattached,mobile,infaunal,27,27,1.49666295470958,17.927285764
110519,Thyasiridae,Mendicula,pygmaea,(Verrill & Bush 1898),non_suspension,unattached,mobile,infaunal,110,110,1.81659021245849,31.9481395
112864,Thyasiridae,Odontogena,borealis,Cowan 1964,non_suspension,unattached,mobile,infaunal,72.5,72.5,2.93938769133981,23.658709472
111329,Thyasiridae,Parathyasira,dearborni,(Nicol 1965),non_suspension,unattached,mobile,infaunal,68,68,6,3.562105266
111331,Thyasiridae,Parathyasira,dunbari,(Lubinsky 1976),non_suspension,unattached,mobile,infaunal,2,2,9.38083151964686,17.03983874
111332,Thyasiridae,Parathyasira,equalis,(Verrill & Bush 1898),non_suspension,unattached,mobile,infaunal,10,10,9.48683298050514,25.050854129
111334,Thyasiridae,Parathyasira,granulosa,(Monterosato 1874),non_suspension,unattached,mobile,infaunal,100,100,9.74679434480896,30.858787983
111333,Thyasiridae,Parathyasira,kawamurai,(Habe 1951),non_suspension,unattached,mobile,infaunal,50,50,15,19.391742749
111328,Thyasiridae,Parathyasira,magellanica,(Dall 1901),non_suspension,unattached,mobile,infaunal,40,40,7.19374728496908,16.495416618
111330,Thyasiridae,Parathyasira,neozelanica,(Iredale 1930),non_suspension,unattached,mobile,infaunal,60,60,9,14.513740292
111335,Thyasiridae,Parathyasira,resupina,Iredale 1930,non_suspension,unattached,mobile,infaunal,115,115,5.5,5.98302616
111336,Thyasiridae,Parathyasira,verconis,Cotton & Godfrey 1938,non_suspension,unattached,mobile,infaunal,91,91,8,12.34666685
111337,Thyasiridae,Philis,cumingi,Fischer 1861,non_suspension,unattached,mobile,infaunal,30,30,8.48528137423857,4.60139591
112394,Thyasiridae,Philis,kanamarui,(Habe 1951),non_suspension,unattached,mobile,infaunal,30,30,8.48528137423857,21.860570739
111363,Thyasiridae,Prothyasira,adelaideana,Iredale 1930,non_suspension,unattached,mobile,infaunal,182,182,16.6583312489577,14.981000183
111347,Thyasiridae,Prothyasira,peregrina,Iredale 1930,non_suspension,unattached,mobile,infaunal,4,4,9.32737905308882,12.887358372
111362,Thyasiridae,Prothyasira,peroniana,Iredale 1930,non_suspension,unattached,mobile,infaunal,18,18,13.6930639376292,14.506703897
110516,Thyasiridae,Prothyasira,waikanae,(Fleming 1950),non_suspension,unattached,mobile,infaunal,NA,NA,7.64852927038918,6.05286824
112475,Thyasiridae,Thyasira,barbarensis,(Dall 1890),non_suspension,unattached,mobile,infaunal,30,30,18,32.937926958
112015,Thyasiridae,Thyasira,biplicata,(Philippi 1836),non_suspension,unattached,mobile,infaunal,61,61,8.48528137423857,24.359554629
111319,Thyasiridae,Thyasira,compacta,Ishizaki 1942,non_suspension,unattached,mobile,infaunal,NA,NA,19.4422220952236,18.986936917
111340,Thyasiridae,Thyasira,debilis,(Thiele 1912),non_suspension,unattached,mobile,infaunal,1,1,5.69912273951,14.2190323
111341,Thyasiridae,Thyasira,falklandica,(E.A. Smith 1885),non_suspension,unattached,mobile,infaunal,5.5,5.5,18.4932420089069,12.616254452
111338,Thyasiridae,Thyasira,flexuosa,(Montagu 1803),non_suspension,unattached,mobile,infaunal,10,10,17.2858323490655,30.547952356
111318,Thyasiridae,Thyasira,fuegiensis,(Dall 1890),non_suspension,unattached,mobile,infaunal,15,15,26.3,12.951874944
111349,Thyasiridae,Thyasira,gouldii,(Philippi 1845),non_suspension,unattached,mobile,infaunal,2,2,10,24.82449989
111367,Thyasiridae,Thyasira,marionensis,(E.A. Smith 1885),non_suspension,unattached,mobile,infaunal,31,31,4.24264068711928,3.498563649
111355,Thyasiridae,Thyasira,miyadii,(Habe 1981),non_suspension,unattached,mobile,infaunal,10,10,7.48331477354788,27.205999877
111360,Thyasiridae,Thyasira,obsoleta,(Verrill & Bush 1898),non_suspension,unattached,mobile,infaunal,4,4,4,28.591666596
111366,Thyasiridae,Thyasira,patagonica,Zelaya 2010,non_suspension,unattached,mobile,infaunal,16,16,5.39907399467724,8.850800028
111368,Thyasiridae,Thyasira,phrygiana,Miloslavskaya 1977,non_suspension,unattached,mobile,infaunal,36,36,3.3,16.151315622
111365,Thyasiridae,Thyasira,polygonia,(Gould 1861),non_suspension,unattached,mobile,infaunal,40,40,8,9.62374998
111359,Thyasiridae,Thyasira,sarsii,(Philippi 1845),non_suspension,unattached,mobile,infaunal,85,85,24.4948974278318,20.916621369
111361,Thyasiridae,Thyasira,succisa,(Jeffreys 1876),non_suspension,unattached,mobile,infaunal,145,145,3.3466401061363,28.341666639
111350,Thyasiridae,Thyasira,tokunagai,Kuroda & Habe 1951,non_suspension,unattached,mobile,infaunal,5,5,10,29.966744742
111339,Thyasiridae,Thyasira,tomeana,Dall 1901,non_suspension,unattached,mobile,infaunal,17,17,13.729530217746,11.99627564
111357,Thyasiridae,Thyasira,trisinuata,(d'Orbigny 1853),non_suspension,unattached,mobile,infaunal,22,22,18,30.763450385
111364,Thyasiridae,Thyasira,unilateralis,Barnard 1964b,non_suspension,unattached,mobile,infaunal,77,77,8.5146931829632,7.72632459
100744,Trapezidae,Coralliophaga,coralliophaga,(Gmelin 1791),suspension,attached,mobile,infaunal,0,0,34.6410161513775,35.130334242
100745,Trapezidae,Coralliophaga,decussata,(Reeve 1843),suspension,attached,mobile,infaunal,NA,NA,17.5499287747842,10.02556682
100747,Trapezidae,Coralliophaga,lithophagella,(Lamarck 1819),suspension,attached,mobile,infaunal,2,2,42.6028168082816,30.810729145
101339,Trapezidae,Glossocardia,agassizii,(Dall 1886),suspension,attached,mobile,infaunal,50,50,23.6981011897578,16.20817262
101340,Trapezidae,Glossocardia,obesa,(Reeve 1843),suspension,attached,mobile,infaunal,3,3,52.7446679769624,23.38757563
101341,Trapezidae,Glossocardia,stoliczkana,(Prashad 1932),suspension,attached,mobile,infaunal,8,8,21.2023583593901,20.745591367
103410,Trapezidae,Neotrapezium,liratum,(Reeve 1843),suspension,attached,mobile,infaunal,0,0,29.3428015022424,31.201091862
103411,Trapezidae,Neotrapezium,sublaevigatum,(Lamarck 1819),suspension,attached,mobile,infaunal,0,0,43.6233882223745,32.627575601
103412,Trapezidae,Trapezium,bicarinatum,(Schumacher 1817),suspension,attached,mobile,infaunal,8,8,39.4525030891577,32.627575601
112706,Trapezidae,Trapezium,gilvum,(von Martens 1872),suspension,attached,mobile,infaunal,0,0,101.641576138901,18.83936288
103413,Trapezidae,Trapezium,oblongum,(Linnaeus 1758),suspension,attached,mobile,infaunal,0,0,52.4118307255146,32.627575601
102050,Trigoniidae,Neotrigonia,bednalli,(Verco 1907),suspension,unattached,mobile,infaunal,22,22,25.9807621135332,12.34666685
102051,Trigoniidae,Neotrigonia,gemma,Iredale 1924,suspension,unattached,mobile,infaunal,72,72,15.7,16.57552616
111728,Trigoniidae,Neotrigonia,jacksoni,Morrison 2011,suspension,unattached,mobile,infaunal,0,0,41.1169064984223,18.11629991
102052,Trigoniidae,Neotrigonia,kaiyomaruae,Habe & Nomoto 1976,suspension,unattached,mobile,infaunal,12,12,39.3039438224716,11.95381283
102053,Trigoniidae,Neotrigonia,lamarckii,(Gray 1838),suspension,unattached,mobile,infaunal,18,18,30,11.2155173
102054,Trigoniidae,Neotrigonia,margaritacea,(Lamarck 1804),suspension,unattached,mobile,infaunal,0,0,50.5667875190821,12.636926023
102055,Trigoniidae,Neotrigonia,strangei,A. Adams 1850,suspension,unattached,mobile,infaunal,3,3,24.2950612265127,12.34249995
102056,Trigoniidae,Neotrigonia,uniophora,(Gray 1847),suspension,unattached,mobile,infaunal,1,1,25,13.52833334
111369,Ungulinidae,Cycladicama,abbreviata,(Gould 1861),suspension,unattached,mobile,infaunal,10,10,29.0654433993359,27.856333237
111370,Ungulinidae,Cycladicama,coreensis,(A. Adams & Reeve 1850),suspension,unattached,mobile,infaunal,10,10,36.5583095889293,30.477194
111371,Ungulinidae,Cycladicama,cumingii,(Hanley 1846),suspension,unattached,mobile,infaunal,10,10,30.5632131818629,7.56134635
111458,Ungulinidae,Cycladicama,excentrica,(Iredale 1936),suspension,unattached,mobile,infaunal,4.8,4.8,23,13.48257585
110533,Ungulinidae,Cycladicama,luciniformis,Valenciennes in Rousseau 1854,suspension,unattached,mobile,infaunal,NA,NA,35.7323382946037,3.34092775
111375,Ungulinidae,Cycladicama,oblonga,(Hanley 1846),suspension,unattached,mobile,infaunal,0,0,47.4341649025257,19.07682468
112566,Ungulinidae,Cycladicama,philippinarum,(Deshayes 1855),suspension,unattached,mobile,infaunal,10,10,36.7983695290973,14.14442167
111378,Ungulinidae,Cycladicama,tsuchii,(Yamamoto & Habe 1959),suspension,unattached,mobile,infaunal,10,10,10.3923048454133,30.550758502
111442,Ungulinidae,Diplodonta,amboinense,E.A. Smith 1885,suspension,unattached,mobile,infaunal,2,2,18.2756668824971,6.08665614
111380,Ungulinidae,Diplodonta,auriculata,"Sowerby III, 1905",suspension,unattached,mobile,infaunal,10,10,19.9749843554382,6.54355701
111381,Ungulinidae,Diplodonta,barhampurensis,Preston 1915,suspension,unattached,mobile,infaunal,3,3,14.2412253686261,4.99078982
111383,Ungulinidae,Diplodonta,brocchii,(Deshayes 1850),suspension,unattached,mobile,infaunal,1,1,20.4450483002609,22.861666644
111387,Ungulinidae,Diplodonta,danieli,Klein 1967,suspension,unattached,mobile,infaunal,20,20,22.262075374951,15.34599988
111390,Ungulinidae,Diplodonta,enigmatica,Cosel 1995,suspension,unattached,mobile,infaunal,18,18,16.689218076351,11.5963716
112011,Ungulinidae,Diplodonta,guaraniana,(d'Orbigny 1846),suspension,unattached,mobile,infaunal,0.9,0.9,18.4932420089069,23.134561579
111399,Ungulinidae,Diplodonta,insulsa,Preston 1908,suspension,unattached,mobile,infaunal,NA,NA,9.21954445729289,3.08660345
111400,Ungulinidae,Diplodonta,intermedia,Biondi Giunti 1859,suspension,unattached,mobile,infaunal,20,20,12,6.80046266
111401,Ungulinidae,Diplodonta,lateralis,E.A. Smith 1876,suspension,unattached,mobile,infaunal,22,22,19.627022188809,9.77548922
112562,Ungulinidae,Diplodonta,n.sp. 1 of Huber 2015:817,Huber 2015,suspension,unattached,mobile,infaunal,8,8,18.2669099740487,3.50570545
111405,Ungulinidae,Diplodonta,notata,(Dall & Simpson 1901),suspension,unattached,mobile,infaunal,1,1,15.6,19.08009618
111409,Ungulinidae,Diplodonta,patagonica,(d'Orbigny 1842),suspension,unattached,mobile,infaunal,36,36,17.4355957741627,20.801866706
111410,Ungulinidae,Diplodonta,planissima,Kilburn 1996,suspension,unattached,mobile,infaunal,50,50,26.351470547201,6.17978897
111411,Ungulinidae,Diplodonta,portesiana,(d'Orbigny 1842),suspension,unattached,mobile,infaunal,0,0,18.4390889145858,12.76143736
111414,Ungulinidae,Diplodonta,rosacea,Thiele 1930,suspension,unattached,mobile,infaunal,10,10,16.2849623886578,12.94410212
111415,Ungulinidae,Diplodonta,rotundata,(Montagu 1803),suspension,unattached,mobile,infaunal,0,0,26,28.242961288
111472,Ungulinidae,Diplodonta,scalpta,E.A. Smith 1885,suspension,unattached,mobile,infaunal,3,3,11.8414526135943,6.13666662
111476,Ungulinidae,Diplodonta,sublateralis,E.A. Smith 1884,suspension,unattached,mobile,infaunal,2,2,31.7121427847441,12.47685981
111422,Ungulinidae,Diplodonta,subrotunda,Issel 1869,suspension,unattached,mobile,infaunal,5,5,26.9814751264641,20.31424225
112563,Ungulinidae,Diplodonta,subrugosa,Dunker 1858,suspension,unattached,mobile,infaunal,NA,NA,17.1647895413838,1.98599994
111424,Ungulinidae,Diplodonta,undata,Cosel 1995,suspension,unattached,mobile,infaunal,20,20,22.7780596188525,4.88397733
111384,Ungulinidae,Felania,circularis,(Dunker 1846),suspension,unattached,mobile,infaunal,0,0,34.7994252826106,12.50524945
111388,Ungulinidae,Felania,dautzenbergi,(Thiele in Thiele & Jaeckel 1931),suspension,unattached,mobile,infaunal,20,20,10.2225241501304,12.43967933
111425,Ungulinidae,Felania,diaphana,(Gmelin 1791),suspension,unattached,mobile,infaunal,50,50,39.496835316263,12.43967933
111429,Ungulinidae,Felania,knudseni,(Nickles 1955),suspension,unattached,mobile,infaunal,32,32,25.7495631030897,8.3112495
112674,Ungulinidae,Felania,nizeryi,von Cosel & Gofas 2018,suspension,unattached,mobile,infaunal,0,0,28.6789121132584,11.5963716
111426,Ungulinidae,Felaniella,annandalei,(Preston 1914),suspension,unattached,mobile,infaunal,3,3,6.48074069840786,4.99078982
111427,Ungulinidae,Felaniella,candeana,(d'Orbigny 1853),suspension,unattached,mobile,infaunal,18,18,25,14.5809717
111385,Ungulinidae,Felaniella,cornea,(Reeve 1850),suspension,unattached,mobile,infaunal,0,0,21,14.54355274
112559,Ungulinidae,Felaniella,cuneata,(Spengler 1798),suspension,unattached,mobile,infaunal,1,1,18.2482875908947,20.31424225
112560,Ungulinidae,Felaniella,dolabrata,(Gould 1861),suspension,unattached,mobile,infaunal,25,25,20,12.87589888
111418,Ungulinidae,Felaniella,sericata,(Reeve 1850),suspension,unattached,mobile,infaunal,0,0,27.6983754036225,19.00784482
111431,Ungulinidae,Felaniella,sowerbyi,Kuroda & Habe 1951,suspension,unattached,mobile,infaunal,0,0,8.74642784226795,27.205999877
111433,Ungulinidae,Felaniella,usta,(Gould 1861),suspension,unattached,mobile,infaunal,10,10,28.3936612644442,30.483181729
111434,Ungulinidae,Felaniella,vilardeboana,(d'Orbigny 1846),suspension,unattached,mobile,infaunal,25,25,25,20.297866779
111450,Ungulinidae,Foveamysia,soror,(C. B. Adams 1852),suspension,unattached,mobile,infaunal,0,0,19.4935886896179,19.89553489
111379,Ungulinidae,Gen. nov. U1,aleutica,(Dall 1901),suspension,unattached,mobile,infaunal,0,0,30.854497241083,16.659134573
111432,Ungulinidae,Gen. nov. U1,torelli,(Jeffreys 1876),suspension,unattached,mobile,infaunal,10,10,25.9807621135332,9.186373646
111372,Ungulinidae,Lamysia,jousseaumei,(Lamy 1921),suspension,unattached,mobile,infaunal,3,3,18.4390889145858,9.65124968
111439,Ungulinidae,Microstagon,adamsi,(Angas 1867),suspension,unattached,mobile,infaunal,5,5,12.9614813968157,22.296000523
111435,Ungulinidae,Microstagon,alfredensis,(Bartsch 1915),suspension,unattached,mobile,infaunal,70,70,1.54919333848297,7.7151682
111440,Ungulinidae,Microstagon,jacksoniensis,(Angas 1868),suspension,unattached,mobile,infaunal,NA,NA,10.4880884817015,12.74704478
111438,Ungulinidae,Microstagon,japonicum,(Habe 1961),suspension,unattached,mobile,infaunal,30,30,2.79821371592664,18.986936917
111436,Ungulinidae,Microstagon,lacrima,Kilburn 1996,suspension,unattached,mobile,infaunal,3,3,5.83266662856707,8.64095391
112282,Ungulinidae,Microstagon,n.sp. 1 of Huber 2015:828,Huber 2015,suspension,unattached,mobile,infaunal,NA,NA,6.89927532426414,2.49884296
111437,Ungulinidae,Microstagon,obliqua,(Philippi 1846),suspension,unattached,mobile,infaunal,6,6,6.48074069840786,12.73620367
100838,Ungulinidae,Microstagon,subrotunda,(Cotton 1930),suspension,unattached,mobile,infaunal,20,20,3.24961536185438,11.3562198
111423,Ungulinidae,Microstagon,trigonum,(Scacchi 1836),suspension,unattached,mobile,infaunal,7,7,12.7279220613579,22.861666644
111465,Ungulinidae,Neodiplodonta,conspicua,(E.A. Smith 1885),suspension,unattached,mobile,infaunal,11,11,3.74165738677394,10.82696974
111393,Ungulinidae,Neodiplodonta,genethlia,(Mellvill 1898),suspension,unattached,mobile,infaunal,13,13,15,20.31424225
111720,Ungulinidae,Neodiplodonta,sinica,Xu 2011,suspension,unattached,mobile,infaunal,2,2,10.7470926301023,12.00333331
111441,Ungulinidae,Phlyctiderma,caelata,(Reeve 1850),suspension,unattached,mobile,infaunal,0,0,23.4946802489415,11.5817259
112564,Ungulinidae,Phlyctiderma,elenense,Olsson 1961,suspension,unattached,mobile,infaunal,0,0,8.73842090998139,4.90814445
111445,Ungulinidae,Phlyctiderma,japonicum,(Pilsbry 1895),suspension,unattached,mobile,infaunal,0,0,18.9736659610103,30.422715001
111448,Ungulinidae,Phlyctiderma,semiasperum,(Philippi 1836),suspension,unattached,mobile,infaunal,0,0,13.1814263264641,25.524379655
111449,Ungulinidae,Phlyctiderma,semirugosa,(Dall 1889),suspension,unattached,mobile,infaunal,0,0,13.490737563232,16.44182409
111452,Ungulinidae,Timothynus,holosphaera,(Mellvill 1899),suspension,unattached,mobile,infaunal,0,0,9.48683298050514,20.31424225
111453,Ungulinidae,Timothynus,inezensis,(Hertlein & Strong 1946),suspension,unattached,mobile,infaunal,10,10,20.1990098767242,16.44182409
111454,Ungulinidae,Timothynus,pinnaculum,Kilburn 1996,suspension,unattached,mobile,infaunal,75,75,12.6214103807776,13.89215925
111455,Ungulinidae,Timothynus,pseudoglobosa,Kilburn 1996,suspension,unattached,mobile,infaunal,45,45,15.8886752122384,8.23520215
111456,Ungulinidae,Timothynus,rehderi,(Altena 1968),suspension,unattached,mobile,infaunal,2.5,2.5,18.4932420089069,18.56209065
111382,Ungulinidae,Transkeia,bogii,(van Aartsen 2004),suspension,unattached,mobile,infaunal,9,9,9.35414346693485,16.4720005
111503,Ungulinidae,Transkeia,bullata,(Dunker 1865),suspension,unattached,mobile,infaunal,15,15,33.0517775618801,15.75297852
111466,Ungulinidae,Transkeia,corpulenta,(E.A. Smith 1885),suspension,unattached,mobile,infaunal,11,11,4.39886348958455,7.26718712
111389,Ungulinidae,Transkeia,dubia,(Prashad 1932),suspension,unattached,mobile,infaunal,12,12,9.09505360072166,14.21708317
111467,Ungulinidae,Transkeia,ethima,(Mellvill & Standen 1899),suspension,unattached,mobile,infaunal,NA,NA,10.4880884817015,11.35772777
111394,Ungulinidae,Transkeia,globosa,(Forsskal 1775),suspension,unattached,mobile,infaunal,0,0,34.3627705518632,20.31424225
111396,Ungulinidae,Transkeia,gurjanovae,(Zorina 1978),suspension,unattached,mobile,infaunal,10,10,9.14330356052997,14.55399361
111404,Ungulinidae,Transkeia,nevilli,(Sowerby III 1905),suspension,unattached,mobile,infaunal,NA,NA,16,4.60564348
111413,Ungulinidae,Transkeia,raveyensis,(Sturany 1899),suspension,unattached,mobile,infaunal,5,5,20.4450483002609,20.31424225
111417,Ungulinidae,Transkeia,satparaensis,(Preston 1915),suspension,unattached,mobile,infaunal,0,0,24.454038521275,20.31424225
111463,Ungulinidae,Transkeia,scleractinica,(Kilburn 1996),suspension,unattached,mobile,infaunal,8,8,16.7854103315945,9.74607829
111419,Ungulinidae,Transkeia,subcostata,(Odhner 1919),suspension,unattached,mobile,infaunal,NA,5,7.75886589650833,4.38054541
111475,Ungulinidae,Transkeia,subglobosa,(E.A. Smith 1885),suspension,unattached,mobile,infaunal,0,0,7.94229186066591,13.15970626
111420,Ungulinidae,Transkeia,subgranulosa,(E.A. Smith 1885),suspension,unattached,mobile,infaunal,5,5,18.5472369909914,6.71801286
111461,Ungulinidae,Ungulina,alba,Rang 1829,suspension,unattached,mobile,infaunal,0,0,23.4520787991171,11.5963716
110592,Ungulinidae,Ungulina,rubra,de Roissy 1804,suspension,unattached,mobile,infaunal,1,1,35.4964786985977,22.861666644
111470,Ungulinidae,Zemysia,ohtai,(Kase & Miyauchi in Kase et al. 1996),suspension,unattached,mobile,infaunal,23,23,39.4208066888541,24.64588315
111471,Ungulinidae,Zemysia,rakiura,Powell 1939,suspension,unattached,mobile,infaunal,0,0,9.82852990024449,17.198924302
111474,Ungulinidae,Zemysia,subcrassa,(E.A. Smith 1884),suspension,unattached,mobile,infaunal,11,11,14.4913767461894,11.48000008
111481,Ungulinidae,Zemysia,tasmanica,(Tenison-Woods 1877),suspension,unattached,mobile,infaunal,8,8,29.4957624075053,16.169750013
111478,Ungulinidae,Zemysia,zelandica,(Gray 1835),suspension,unattached,mobile,infaunal,1,1,25.4950975679639,14.513740292
111468,Ungulinidae,Zemysina,globularis,(Lamarck 1818),suspension,unattached,mobile,infaunal,15,15,23.4520787991171,14.164500053
111479,Ungulinidae,Zemysina,globus,(Finlay 1927),suspension,unattached,mobile,infaunal,1,1,26.6908223927252,14.513740292
111395,Ungulinidae,Zemysina,gouldi,(Yokoyama 1920),suspension,unattached,mobile,infaunal,10,10,15,29.025524581
111397,Ungulinidae,Zemysina,impolita,(Berry 1953),suspension,unattached,mobile,infaunal,0,0,30.9838667696593,13.402564627
111469,Ungulinidae,Zemysina,inconspicua,(Philippi 1845),suspension,unattached,mobile,infaunal,0,0,23.3666428910958,23.403833379
111373,Ungulinidae,Zemysina,lunaris,(Yokoyama 1927),suspension,unattached,mobile,infaunal,5,5,9,29.362242305
111408,Ungulinidae,Zemysina,orbella,(Gould 1851),suspension,unattached,mobile,infaunal,0,0,35.4682957019364,21.29878819
112561,Ungulinidae,Zemysina,pisiformis,(Deshayes 1855),suspension,unattached,mobile,infaunal,1,1,9.78161540850999,2.49134337
111377,Ungulinidae,Zemysina,semiasperoides,(Nomura 1932),suspension,unattached,mobile,infaunal,1,1,26.4575131106459,30.704516871
112262,Ungulinidae,Zemysina,sphaericula,(Deshayes 1855),suspension,unattached,mobile,infaunal,15,15,19.6468827043885,16.57552616
111480,Ungulinidae,Zemysina,striatula,(Finlay 1927),suspension,unattached,mobile,infaunal,0,0,18.2071414560331,14.513740292
111421,Ungulinidae,Zemysina,subquadrata,(Carpenter 1856),suspension,unattached,mobile,infaunal,0,0,36.5978141423774,17.86951008
102397,Veneridae,Agriopoma,catharia,(Dall 1902),suspension,unattached,mobile,infaunal,13,13,61.308237619426,16.96133355
102398,Veneridae,Agriopoma,mexicanus,(Hertlein & Strong 1948),suspension,unattached,mobile,infaunal,4,4,52.4228003830394,10.3804288
100108,Veneridae,Agriopoma,texasiana,(Dall 1892),suspension,unattached,mobile,infaunal,7,7,70.925594815976,17.24462114
100112,Veneridae,Ameghinomya,antiqua,(King & Broderip 1832),suspension,unattached,mobile,infaunal,0,0,87.2737073808601,27.813769269
100114,Veneridae,Amiantis,callosa,(Conrad 1837),suspension,unattached,mobile,infaunal,0,0,119.691269522885,16.70362115
100226,Veneridae,Anomalocardia,cuneimeris,(Conrad 1846),suspension,unattached,mobile,infaunal,0,0,20.7364413533277,17.54340922
112784,Veneridae,Anomalocardia,flexuosa,(Linnaeus 1767),suspension,unattached,mobile,infaunal,0,0,36.503424496888,20.987615078
111891,Veneridae,Anomalocardia,puella,(Pfeiffer in Philippi 1846),suspension,unattached,mobile,infaunal,0,0,15.1986841535707,12.14340922
100231,Veneridae,Anomalodiscus,squamosus,(Linnaeus 1758),suspension,unattached,mobile,infaunal,0,0,39.0576496988746,23.238447042
112779,Veneridae,Antigona,gladstonensis,(Angas 1872),suspension,unattached,mobile,infaunal,0,0,59.791303715507,13.52833334
100232,Veneridae,Antigona,lamellaris,(Schumacher 1797),suspension,unattached,mobile,infaunal,5,5,61.8926489980838,32.627575601
102924,Veneridae,Antigona,magnifica,Hanley 1843,suspension,unattached,mobile,infaunal,9,9,134.208196471005,4.64875801
102221,Veneridae,Antigona,resticulata,"(Sowerby II, 1853)",suspension,unattached,mobile,infaunal,0,0,107.301444538273,13.6316665
111962,Veneridae,Antigona,sowerbyi,(Deshayes 1853),suspension,unattached,mobile,infaunal,0,0,93.0161276338679,22.445833244
102482,Veneridae,Antinioche,beili,(Olsson 1961),suspension,unattached,mobile,infaunal,0,0,53.064112166322,10.89167259
106402,Veneridae,Aphrodora,birsti,(Preston 1905),suspension,unattached,mobile,infaunal,20,20,31.0805405358401,5.46362479
101038,Veneridae,Aphrodora,crocea,(Deshayes 1853),suspension,unattached,mobile,infaunal,10,10,42.9883705204094,7.88045931
111636,Veneridae,Aphrodora,hungerfordi,"(Sowerby III, 1888)",suspension,unattached,mobile,infaunal,20,20,19.9749843554382,27.856333237
105431,Veneridae,Aphrodora,kurodai,(Matsubara 2007),suspension,unattached,mobile,infaunal,10,10,35.3857315877459,22.142500284
112961,Veneridae,Aphrodora,n.sp. 2 of Huber 2010a,Huber 2010,suspension,unattached,mobile,infaunal,22,22,34.2230916195483,13.6316665
102418,Veneridae,Aphrodora,nipponica,(Kuroda & Habe 1971),suspension,unattached,mobile,infaunal,10,10,23.6698119975635,23.215666721
102419,Veneridae,Aphrodora,noguchii,Habe 1958,suspension,unattached,mobile,infaunal,30,30,27.495454169735,23.037544056
106386,Veneridae,Aphrodora,pudicissima,(E.A. Smith 1891),suspension,unattached,mobile,infaunal,18,18,21.4476105895272,20.60368675
112424,Veneridae,Aphrodora,pygmaea,"(Sowerby III, 1914)",suspension,unattached,mobile,infaunal,NA,NA,6,6.77428956
110603,Veneridae,Aphrodora,sulcata,(Zorina 1978),suspension,unattached,mobile,infaunal,10,10,11.5931013969516,14.82950664
102396,Veneridae,Aphrodora,yerburyi,(E.A. Smith 1891),suspension,unattached,mobile,infaunal,NA,NA,28.9344085821708,20.60368675
101023,Veneridae,Asa,adami,(Nickles 1955),suspension,unattached,mobile,infaunal,18,18,21.8997716883076,13.69124961
111627,Veneridae,Asa,afra,(Gmelin 1791),suspension,unattached,mobile,infaunal,3,3,48.5604777571226,12.43967933
101025,Veneridae,Asa,alta,(Dunker 1849),suspension,unattached,mobile,infaunal,NA,5,38.5,20.31424225
101083,Veneridae,Asa,aspera,(Reeve 1850),suspension,unattached,mobile,infaunal,0,0,23.4946802489415,19.73384628
101085,Veneridae,Asa,caerulea,(Reeve 1850),suspension,unattached,mobile,infaunal,15,15,68.9420046125727,18.105999963
112708,Veneridae,Asa,circularis,Roemer 1862,suspension,unattached,mobile,infaunal,NA,5,39.1918358845308,13.52833334
101035,Veneridae,Asa,contracta,(Philippi 1845),suspension,unattached,mobile,infaunal,NA,5,29.3938769133981,20.31424225
101037,Veneridae,Asa,cretacea,(Reeve 1850),suspension,unattached,mobile,infaunal,0,0,38.0381387557278,14.99863878
112278,Veneridae,Asa,crocea,(Deshayes 1853),suspension,unattached,mobile,infaunal,0,0,47.9895822028073,22.296000523
103608,Veneridae,Asa,dautzenbergi,Fischer-Piette & Delmas 1967,suspension,unattached,mobile,infaunal,NA,5,27.495454169735,6.61384612
101090,Veneridae,Asa,exasperata,(Philippi 1847),suspension,unattached,mobile,infaunal,0,0,41.3448908572752,16.05709184
101048,Veneridae,Asa,fibula,(Reeve 1850),suspension,unattached,mobile,infaunal,NA,5,39.496835316263,15.75297852
101050,Veneridae,Asa,glauca,(Reeve 1850),suspension,unattached,mobile,infaunal,NA,5,30.5998366008709,13.49304857
101092,Veneridae,Asa,gruneri,(Philippi 1847),suspension,unattached,mobile,infaunal,0,0,44.497190922574,17.47656537
101055,Veneridae,Asa,kaspiewi,Fischer-Piette & Delmas 1967,suspension,unattached,mobile,infaunal,NA,5,29.086079144498,13.22500038
112945,Veneridae,Asa,kuiperi,Fischer-Piette & Delmas 1967,suspension,unattached,mobile,infaunal,NA,NA,35.4398081258914,5.46611101
112652,Veneridae,Asa,labiosa,(Roemer 1862),suspension,unattached,mobile,infaunal,NA,5,49.4974746830583,17.93957597
112943,Veneridae,Asa,luedersii,Roemer 1862,suspension,unattached,mobile,infaunal,NA,5,65.3380440478593,15.30833335
101019,Veneridae,Asa,lupinus,(Linnaeus 1758),suspension,unattached,mobile,infaunal,0,0,39.7492138287036,30.547952356
112762,Veneridae,Asa,minor,Deshayes in Maillard 1863,suspension,unattached,mobile,infaunal,NA,NA,11,4.82453236
101064,Veneridae,Asa,nedigna,(Iredale 1930),suspension,unattached,mobile,infaunal,0,0,30,15.99366167
101065,Veneridae,Asa,orbignyi,(Dunker 1845),suspension,unattached,mobile,infaunal,2,2,53.5906708299122,18.10124946
110308,Veneridae,Asa,queenslandica,Healy & Lamprell 1992,suspension,unattached,mobile,infaunal,9,9,36.0977838654951,12.85165196
101099,Veneridae,Asa,sericea,(Reeve 1850),suspension,unattached,mobile,infaunal,10,10,65.8967374002689,22.642346715
112942,Veneridae,Asa,tebblei,Fischer-Piette & Delmas 1967,suspension,unattached,mobile,infaunal,NA,NA,17.8988826466905,1.4381029
101076,Veneridae,Asa,tenella,Roemer 1860,suspension,unattached,mobile,infaunal,0,0,38.2099463490856,11.12764706
112941,Veneridae,Asa,tenuilirata,Dunker 1865,suspension,unattached,mobile,infaunal,NA,NA,32.1900605777622,4.60564348
101103,Veneridae,Asa,tumida,(Gray 1838),suspension,unattached,mobile,infaunal,0,0,55.7610975501738,13.52833334
100694,Veneridae,Asaphinoides,madreporica,(Jousseaume 1895),suspension,unattached,mobile,infaunal,NA,5,21.9089023002066,20.31424225
101021,Veneridae,Austrodosinia,anus,(Philippi 1848),suspension,unattached,mobile,infaunal,1,1,79.2401413426301,14.513740292
100315,Veneridae,Austrovenus,stutchburyi,(Wood 1828),suspension,unattached,mobile,infaunal,0,0,82.9677045602685,14.513740292
100403,Veneridae,Bassina,jacksonii,(E. A. Smith 1885),suspension,unattached,mobile,infaunal,7,7,26.7861904719577,12.85960395
100405,Veneridae,Bassina,pachyphylla,(Jonas 1838),suspension,unattached,mobile,infaunal,0,0,68.1358936244326,17.255545463
101020,Veneridae,Bonartemis,altior,(Deshayes 1853),suspension,unattached,mobile,infaunal,16,16,37.4459610639118,30.92183917
111785,Veneridae,Bonartemis,amamiensis,Okutani 2005,suspension,unattached,mobile,infaunal,107,107,24.1867732448956,9.51228889
101030,Veneridae,Bonartemis,carpentariana,(Lamprell & Healy 1997),suspension,unattached,mobile,infaunal,4,4,39.0461265684575,11.35772777
112968,Veneridae,Bonartemis,cingulifera,(Roemer 1862),suspension,unattached,mobile,infaunal,18,18,38.4979220218442,9.28771922
101036,Veneridae,Bonartemis,contusa,(Reeve 1850),suspension,unattached,mobile,infaunal,0,0,40,10.44277816
111904,Veneridae,Bonartemis,cunninghami,Huber 2010,suspension,unattached,mobile,infaunal,0,0,33.9852909359329,11.46924109
101039,Veneridae,Bonartemis,deshayesii,(Adams 1856),suspension,unattached,mobile,infaunal,11,11,49.1151707723795,13.71609799
103610,Veneridae,Bonartemis,eduardi,(Fischer-Piette & Delmas 1967),suspension,unattached,mobile,infaunal,NA,NA,35.9861084308932,8.14219142
101047,Veneridae,Bonartemis,extranea,(Iredale 1927),suspension,unattached,mobile,infaunal,5,5,26,13.52833334
101022,Veneridae,Bonartemis,histrio,(Gmelin 1791),suspension,unattached,mobile,infaunal,3,3,45.9891291502677,32.627575601
101052,Veneridae,Bonartemis,iwakawai,Oyama & Habe in Habe 1971,suspension,unattached,mobile,infaunal,0,0,37.4165738677394,20.745591367
101053,Veneridae,Bonartemis,juvenilis,(Gmelin 1791),suspension,unattached,mobile,infaunal,0,0,35.4682957019364,23.238447042
101057,Veneridae,Bonartemis,laminata,(Reeve 1850),suspension,unattached,mobile,infaunal,10,10,27.495454169735,14.55399361
106248,Veneridae,Bonartemis,sanata,(Fischer-Piette & Delmas 1967),suspension,unattached,mobile,infaunal,NA,NA,23.4946802489415,3.63177307
101071,Veneridae,Bonartemis,scalaris,(Menke 1850),suspension,unattached,mobile,infaunal,0,0,90.5538513813742,14.51304875
111905,Veneridae,Bonartemis,stabilis,Iredale 1929,suspension,unattached,mobile,infaunal,0,0,34.4963766213207,13.52833334
101543,Veneridae,Bonartemis,victoriae,(Gatliff & Gabriel 1914),suspension,unattached,mobile,infaunal,9,9,46.1380537084086,12.85736844
100475,Veneridae,Callanaitis,disjecta,(Perry 1811),suspension,unattached,mobile,infaunal,1,1,64.296189622714,16.169750013
100476,Veneridae,Callanaitis,hiraseana,(Kuroda 1930),suspension,unattached,mobile,infaunal,20,20,17.3205080756888,28.274999941
100477,Veneridae,Callanaitis,yatei,(Gray 1835),suspension,unattached,mobile,infaunal,NA,NA,58.5576638878294,14.513740292
100481,Veneridae,Callista,chinensis,(Holten 1802),suspension,unattached,mobile,infaunal,5,5,63.8701808358173,34.40643638
100482,Veneridae,Callista,chione,(Linnaeus 1758),suspension,unattached,mobile,infaunal,1,1,94.4055083138691,23.759935142
101586,Veneridae,Callista,florida,(Lamarck 1818),suspension,unattached,mobile,infaunal,2,2,42.0537750980813,20.31424225
100484,Veneridae,Callista,multiradiata,"(Sowerby II, 1851)",suspension,unattached,mobile,infaunal,NA,5,91.1183845335287,19.67090913
100485,Veneridae,Callista,pilsbryi,Habe 1960,suspension,unattached,mobile,infaunal,5,5,20.0461966467457,20.978369228
100486,Veneridae,Callista,politissima,Kuroda 1945,suspension,unattached,mobile,infaunal,2,2,41.5441933367348,28.143833401
100502,Veneridae,Callista,roseotincta,(E. A. Smith 1885),suspension,unattached,mobile,infaunal,15,15,20.2903918148467,13.52833334
100487,Veneridae,Callista,semisulcata,"(Sowerby II, 1851)",suspension,unattached,mobile,infaunal,NA,NA,43.5315977193578,11.35772777
102484,Veneridae,Callithaca,tenerrima,(Carpenter in Gould & Carpenter 1857),suspension,unattached,mobile,infaunal,0,0,136.235090927411,21.211694968
100503,Veneridae,Callocardia,guttata,A. Adams 1864,suspension,unattached,mobile,infaunal,80,80,27.021102864243,27.369800422
100600,Veneridae,Chamelea,gallina,(Linnaeus 1758),suspension,unattached,mobile,infaunal,2,2,44.8174073324194,16.40493486
100601,Veneridae,Chamelea,striatula,(daCosta 1778),suspension,unattached,mobile,infaunal,1,1,39.6862696659689,30.547952356
100615,Veneridae,Chione,californiensis,(Broderip & Sowerby 1835),suspension,unattached,mobile,infaunal,0,0,78.1076180663576,18.67915172
100616,Veneridae,Chione,cancellata,(Linnaeus 1767),suspension,unattached,mobile,infaunal,0,0,34.3193822788231,14.5809717
100617,Veneridae,Chione,compta,(Broderip & Sowerby 1835),suspension,unattached,mobile,infaunal,15,15,48.9080770425499,16.23174417
112947,Veneridae,Chione,dysera,(Linnaeus 1758),suspension,unattached,mobile,infaunal,2,2,42.680206185069,15.46880391
100618,Veneridae,Chione,elevata,(Say 1822),suspension,unattached,mobile,infaunal,0.5,0.5,33.0983383268707,19.73802633
100619,Veneridae,Chione,guatulcoensis,Hertlein & Strong 1948,suspension,unattached,mobile,infaunal,0,0,20.899760764181,14.49458329
100623,Veneridae,Chione,mazyckii,Dall 1902,suspension,unattached,mobile,infaunal,2,2,25.2586618806302,18.56209065
105998,Veneridae,Chione,minor,Nowell-Usticke 1969,suspension,unattached,mobile,infaunal,NA,5,10.2225241501304,5.66518175
100629,Veneridae,Chione,subimbricata,(Sowerby I 1835),suspension,unattached,mobile,infaunal,0,0,49.067300720541,15.65299997
100631,Veneridae,Chione,tumens,Verrill 1870,suspension,unattached,mobile,infaunal,0,0,45.6815061047685,16.44182409
100632,Veneridae,Chione,undatella,(Sowerby I 1835),suspension,unattached,mobile,infaunal,0,0,66,18.67915172
103326,Veneridae,Chioneryx,cardioides,(Lamarck 1818),suspension,unattached,mobile,infaunal,3,3,13.2476412994918,16.57552616
103341,Veneridae,Chioneryx,grus,(Holmes 1858),suspension,unattached,mobile,infaunal,1,1,17.3205080756888,19.73802633
103350,Veneridae,Chioneryx,pygmaea,(Lamarck 1818),suspension,unattached,mobile,infaunal,0,0,17.1464281994822,19.91667863
103359,Veneridae,Chioneryx,squamosa,(Carpenter 1857),suspension,unattached,mobile,infaunal,0,0,11.9373363863133,16.96133355
100603,Veneridae,Chionista,fluctifraga,(Sowerby II 1853),suspension,unattached,mobile,infaunal,0,0,83.5852857864349,18.67915172
100604,Veneridae,Chionopsis,amathusia,(Philippi 1844),suspension,unattached,mobile,infaunal,0,0,67.0208922650243,14.49458329
100605,Veneridae,Chionopsis,crenifera,(Sowerby 1835),suspension,unattached,mobile,infaunal,15,15,33.2610883766602,8.8426509
100606,Veneridae,Chionopsis,gnidia,(Broderip & Sowerby 1829),suspension,unattached,mobile,infaunal,0,0,115.931013969516,17.82958357
100610,Veneridae,Chionopsis,ornatissima,(Broderip & Sowerby I 1835),suspension,unattached,mobile,infaunal,13,13,53.4190977085911,6.76153568
100626,Veneridae,Chionopsis,pinchoti,Pilsbry & Olsson 1951,suspension,unattached,mobile,infaunal,NA,5,22.410934831015,1.74223207
100666,Veneridae,Choristodon,robustus,(Sowerby 1834),suspension,unattached,mobile,infaunal,0,0,38.3484028350595,19.89553489
106249,Veneridae,Circe,lirata,(Roemer 1869),suspension,unattached,mobile,infaunal,5,5,33.9852909359329,15.75297852
100680,Veneridae,Circe,plicatina,(Lamarck 1816),suspension,unattached,mobile,infaunal,0,0,53.497663500381,18.64517556
112311,Veneridae,Circe,quoyi,(Hanley 1846),suspension,unattached,mobile,infaunal,0,0,56.0178542966437,19.96500015
100682,Veneridae,Circe,scripta,(Linnaeus 1758),suspension,unattached,mobile,infaunal,0,0,63.6377246607702,23.38757563
111958,Veneridae,Circe,undatina,(Lamarck 1818),suspension,unattached,mobile,infaunal,0,0,48.1144468948776,22.917859745
100688,Veneridae,Circenita,callipyga,(Born 1778),suspension,unattached,mobile,infaunal,0,0,42.7083130081252,20.31424225
112155,Veneridae,Circenita,paralytica,(Römer 1861),suspension,unattached,mobile,infaunal,NA,NA,29.1604183783429,9.19323258
112156,Veneridae,Circenita,varia,(Forsskal 1775),suspension,unattached,mobile,infaunal,0,0,38.3259703073516,16.20928593
100690,Veneridae,Circomphalus,foliaceolamellosus,(Dillwyn 1817),suspension,unattached,mobile,infaunal,10,10,79.6316519984359,12.43967933
100693,Veneridae,Claudiconcha,japonica,(Dunker 1882),suspension,unattached,immobile,infaunal,0,0,24.4948974278318,24.619353665
100695,Veneridae,Claudiconcha,monstrosa,(Gmelin 1791),suspension,unattached,immobile,infaunal,0,0,22.8035085019828,25.837181319
103496,Veneridae,Claudiconcha,quadrasi,(Hidalgo 1886),suspension,unattached,immobile,infaunal,NA,NA,19.7484176581315,4.07879421
102256,Veneridae,Claudiconcha,scotti,(Coan 1997),suspension,unattached,immobile,infaunal,0,0,13.076696830622,9.59301199
100698,Veneridae,Clausinella,fasciata,(da Costa 1778),suspension,unattached,mobile,infaunal,2,2,27.9284800875379,30.547952356
103504,Veneridae,Clausinella,punctigera,(Dautzenberg & Fischer 1906),suspension,unattached,mobile,infaunal,2,2,26.8685689979947,12.50524945
112617,Veneridae,Clementia,asiatica,(Melvill 1899),suspension,unattached,mobile,infaunal,5,5,13.856406460551,8.01495025
100701,Veneridae,Clementia,papyracea,(Gmelin 1791),suspension,unattached,mobile,infaunal,0,0,90.2622844825013,35.130334242
100709,Veneridae,Compsomyax,subdiaphana,(Carpenter 1864),suspension,unattached,mobile,infaunal,2,2,74.3303437365925,22.784521078
100710,Veneridae,Comus,platyaulax,(Tomlin 1924),suspension,unattached,mobile,infaunal,1,1,33.2565782966318,10.69588757
100740,Veneridae,Cooperella,atlantica,Rehder 1943,suspension,unattached,mobile,infaunal,3,3,13.6235090927411,15.73073224
112083,Veneridae,Cooperella,riosi,Huber 2010,suspension,unattached,mobile,infaunal,0,0,14.422205101856,18.82377717
100742,Veneridae,Cooperella,subdiaphana,(Carpenter 1864),suspension,unattached,mobile,infaunal,0,0,19.1295582803158,30.153333588
100478,Veneridae,Costacallista,accincta,Roemer 1866,suspension,unattached,mobile,infaunal,2,2,30.338094864378,10.37123303
100491,Veneridae,Costacallista,erycina,(Linnaeus 1758),suspension,unattached,mobile,infaunal,5,5,73.0068489937759,10.1888309
112018,Veneridae,Costacallista,erycinella,(Lamarck 1818),suspension,unattached,mobile,infaunal,6,6,67.7495387438173,14.99863878
100492,Veneridae,Costacallista,eucymata,(Dall 1890),suspension,unattached,mobile,infaunal,15,15,34.4093010681705,19.91667863
112364,Veneridae,Costacallista,grata,(Deshayes 1853),suspension,unattached,mobile,infaunal,1,1,81.160211926781,19.99387755
100115,Veneridae,Costacallista,hagenowi,(Dunker 1853),suspension,unattached,mobile,infaunal,6,6,64.2193117372025,15.52705371
100495,Veneridae,Costacallista,planatella,(Lamarck 1818),suspension,unattached,mobile,infaunal,0,0,73.7455083377964,15.88666677
111951,Veneridae,Costacallista,spuma,(Roeding 1798),suspension,unattached,mobile,infaunal,0,0,71.068980575213,23.97810188
112339,Veneridae,Costellipitar,acuminatus,"(Sowerby II, 1851)",suspension,unattached,mobile,infaunal,NA,NA,12.9614813968157,4.8361819
102334,Veneridae,Costellipitar,chordatus,(Roemer 1869),suspension,unattached,mobile,infaunal,10,10,14.1774468787578,34.40643638
101588,Veneridae,Costellipitar,cor,(Hanley 1844),suspension,unattached,mobile,infaunal,11,11,22.5831795812724,11.92624927
102411,Veneridae,Costellipitar,inconstans,(Hedley 1923),suspension,unattached,mobile,infaunal,2,2,18.4932420089069,11.65375054
102335,Veneridae,Costellipitar,indecoroides,(Yokoyama 1928),suspension,unattached,mobile,infaunal,10,10,14.6458185158768,16.27550717
112681,Veneridae,Costellipitar,longior,von Cosel & Gofas 2018,suspension,unattached,mobile,infaunal,18,18,20.9255824291703,8.95813556
102337,Veneridae,Costellipitar,madecassinus,(Fischer-Piette & Delmas 1967),suspension,unattached,mobile,infaunal,0,0,30.3282046946403,13.24969375
102338,Veneridae,Costellipitar,manillae,"(Sowerby II, 1851)",suspension,unattached,mobile,infaunal,5,5,20.794229968912,13.93769374
102339,Veneridae,Costellipitar,minutus,(Koch in Philippi 1844),suspension,unattached,mobile,infaunal,11,11,14.422205101856,6.78297826
102384,Veneridae,Costellipitar,peliferus,(von Cosel 1995),suspension,unattached,mobile,infaunal,3,3,30.8017856625229,14.95173505
112844,Veneridae,Costellipitar,pura,(Deshayes 1853),suspension,unattached,mobile,infaunal,18,18,25.377155080899,9.14474673
102428,Veneridae,Costellipitar,regularis,(E. A. Smith 1885),suspension,unattached,mobile,infaunal,5,5,17.9192633777173,11.48668735
102395,Veneridae,Costellipitar,tumidus,(Sowerby III 1895),suspension,unattached,mobile,infaunal,NA,NA,17.2336879396141,16.11900418
101221,Veneridae,Crista,aequivocum,(Holten 1802),suspension,unattached,mobile,infaunal,0,0,37.6257890282715,18.05192038
101222,Veneridae,Crista,australe,(Sowerby II 1851),suspension,unattached,mobile,infaunal,0,0,19.2353840616713,13.22500038
101223,Veneridae,Crista,barandae,(Hidalgo 1885),suspension,unattached,mobile,infaunal,0,0,18.3303027798234,18.63217951
101224,Veneridae,Crista,catillus,Hedley 1909,suspension,unattached,mobile,infaunal,9,9,14.9666295470958,11.65375054
101227,Veneridae,Crista,divaricatum,(Gmelin 1791),suspension,unattached,mobile,infaunal,0,0,45.2963574694478,32.627575601
100677,Veneridae,Crista,numulinum,(Lamarck 1818),suspension,unattached,mobile,infaunal,0,0,28.7749891398763,12.94410212
100683,Veneridae,Crista,speciosum,(Roemer 1869),suspension,unattached,mobile,infaunal,NA,NA,29.9833287011299,8.73389537
100230,Veneridae,Cryptonema,producta,(Kuroda & Habe 1951),suspension,unattached,mobile,infaunal,0,0,31.1483546917008,17.8193627
112616,Veneridae,Cyclina,flavida,Deshayes 1853,suspension,unattached,mobile,infaunal,15,15,68.4447222216586,29.82686064
112615,Veneridae,Cyclina,orientalis,(Sowerby II 1852),suspension,unattached,mobile,infaunal,10,10,76.2,3.26596643
100841,Veneridae,Cyclina,sinensis,(Gmelin 1791),suspension,unattached,mobile,infaunal,0,0,68.3129563113762,26.679502064
100842,Veneridae,Cyclinella,jadisi,Olsson 1961,suspension,unattached,mobile,infaunal,0,0,68.5835986224112,15.88000044
100843,Veneridae,Cyclinella,producta,(Carpenter 1856),suspension,unattached,mobile,infaunal,0,0,43.3,16.96133355
100844,Veneridae,Cyclinella,subquadrata,(Hanley 1844),suspension,unattached,mobile,infaunal,0,0,81.3,17.82958357
100845,Veneridae,Cyclinella,tenuis,(Recluz 1852),suspension,unattached,mobile,infaunal,0.3,0.3,48.9897948556636,28.992631673
102931,Veneridae,Cyclosunetta,concinna,(Dunker 1865),suspension,unattached,mobile,infaunal,0,0,29.6575454142786,8.92283343
111952,Veneridae,Dorisca,amica,(E.A. Smith 1885),suspension,unattached,mobile,infaunal,33,33,7.96931615635871,26.928646232
100685,Veneridae,Dorisca,consola,(Iredale 1936),suspension,unattached,mobile,infaunal,82,82,12.2898331965898,9.43166667
100674,Veneridae,Dorisca,jucunda,(E.A. Smith 1885),suspension,unattached,mobile,infaunal,5,5,8.39464114777993,22.445833244
105084,Veneridae,Dorisca,kilburni,(Drivas & Jay 1990),suspension,unattached,mobile,infaunal,12,12,6.48074069840786,6.66270187
103598,Veneridae,Dorisca,melvilli,(Lynge 1909),suspension,unattached,mobile,infaunal,5,5,4,5.97377765
100676,Veneridae,Dorisca,nana,(Melvill 1898),suspension,unattached,mobile,infaunal,20,20,22.5277606521376,17.70477552
101411,Veneridae,Dorisca,subtrigona,(Zhuang 1964),suspension,unattached,mobile,infaunal,52,52,11.2,7.88910744
112777,Veneridae,Dosina,mactracea,(Broderip 1835),suspension,unattached,mobile,infaunal,0,0,58.0172388174411,14.513740292
101010,Veneridae,Dosinella,angulosa,(Philippi 1847),suspension,unattached,mobile,infaunal,0,0,47.7493455452533,16.05709184
112861,Veneridae,Dosinella,areolata,(Roemer 1870),suspension,unattached,mobile,infaunal,NA,5,38,13.6316665
101084,Veneridae,Dosinella,caelata,(Reeve 1851),suspension,unattached,mobile,infaunal,3,3,29.2403830344269,20.31424225
101011,Veneridae,Dosinella,corrugata,(Reeve 1850),suspension,unattached,mobile,infaunal,3,3,56.2494444417009,30.05386072
101041,Veneridae,Dosinella,dilecta,(A. Adams 1856),suspension,unattached,mobile,infaunal,5,5,26.4952825989835,8.73389537
112946,Veneridae,Dosinella,funiculata,Roemer 1862,suspension,unattached,mobile,infaunal,NA,5,132.338958738536,5.43294443
111517,Veneridae,Dosinella,grata,(Deshayes 1853),suspension,unattached,mobile,infaunal,9,9,52.4213696883246,14.137112487
101012,Veneridae,Dosinella,hepatica,(Lamarck 1818),suspension,unattached,mobile,infaunal,0,0,31.2432392686802,18.84666678
101059,Veneridae,Dosinella,lucinalis,(Lamarck 1818),suspension,unattached,mobile,infaunal,0,0,31.1384007296457,13.6316665
101013,Veneridae,Dosinella,malzinii,Fischer-Piette & Delmas 1967,suspension,unattached,mobile,infaunal,NA,NA,29.2232783924049,6.77428956
101014,Veneridae,Dosinella,orbiculata,(Dunker 1877),suspension,unattached,mobile,infaunal,20,20,33.9411254969543,22.642346715
111946,Veneridae,Dosinella,penicillata,(Reeve 1850),suspension,unattached,mobile,infaunal,2,2,61.2960031323413,29.156362172
112860,Veneridae,Dosinella,prostrata,(Linnaeus 1758),suspension,unattached,mobile,infaunal,0,0,53.4789678284838,8.83673911
101098,Veneridae,Dosinella,pubescens,(Philippi 1847),suspension,unattached,mobile,infaunal,46,46,54.9636243346452,25.392536149
101017,Veneridae,Dosinella,subalata,(Smith 1916),suspension,unattached,mobile,infaunal,2,2,26.4952825989835,22.218446862
111947,Veneridae,Dosinella,trailli,(A. Adams 1855),suspension,unattached,mobile,infaunal,0,0,53.6842621258782,5.81395417
101034,Veneridae,Dosinia,concentrica,(Born 1778),suspension,unattached,mobile,infaunal,0,0,109.169043231128,19.91667863
101042,Veneridae,Dosinia,discus,(Reeve 1850),suspension,unattached,mobile,infaunal,0,0,87.9044367480959,29.241565562
101043,Veneridae,Dosinia,dunkeri,(Philippi 1844),suspension,unattached,mobile,infaunal,0,0,59.648973168027,16.28424262
101069,Veneridae,Dosinia,herbariorum,Fischer-Piette & Delmas 1967,suspension,unattached,mobile,infaunal,NA,NA,12.7,6.48228326
112944,Veneridae,Dosinia,levissima,Fischer-Piette & Delmas 1967,suspension,unattached,mobile,infaunal,0,0,39.1407715815619,10.68233329
101058,Veneridae,Dosinia,lochi,Healy & Lamprell 1992,suspension,unattached,mobile,infaunal,NA,5,27.8337924113837,7.26718712
101061,Veneridae,Dosinia,mira,Smith 1885,suspension,unattached,mobile,infaunal,0,0,56.7097875150313,13.52833334
101068,Veneridae,Dosinia,ponderosa,(Gray 1838),suspension,unattached,mobile,infaunal,0,0,147.490677671506,16.96133355
101072,Veneridae,Dosinia,semiobliterata,Deshayes 1853,suspension,unattached,mobile,infaunal,0,0,61.9919349593155,9.29912479
110749,Veneridae,Dosinia,truncata,Zhuang 1964,suspension,unattached,mobile,infaunal,NA,NA,28.8270706107991,11.42761724
101104,Veneridae,Dosinorbis,bilunulatus,(Gray 1838),suspension,unattached,mobile,infaunal,10,10,88.6482938358094,28.698333221
101105,Veneridae,Dosinorbis,biscoctus,(Reeve 1850),suspension,unattached,mobile,infaunal,1,1,38.3744706803885,31.645737032
101106,Veneridae,Dosinorbis,hayashii,Habe 1976,suspension,unattached,mobile,infaunal,10,10,54.9598944686032,18.986936917
100704,Veneridae,Egesta,solida,Dall 1902,suspension,unattached,mobile,infaunal,15,15,75.1378732730705,14.49458329
101145,Veneridae,Eucallista,purpurata,(Lamarck 1818),suspension,unattached,mobile,infaunal,0,0,80.9166237555671,19.627619039
101146,Veneridae,Eumarcia,fumigata,(Sowerby 1853),suspension,unattached,mobile,infaunal,0,0,45.4770271675711,19.866999853
101838,Veneridae,Eumarcia,paupercula,"(Holten, 1802)",suspension,unattached,mobile,infaunal,0,0,36.2973828257631,14.8641209
101148,Veneridae,Eurhomalea,rufa,(Lamarck 1818),suspension,unattached,mobile,infaunal,0,0,128.452325786651,12.89239383
103363,Veneridae,Eutivela,dentaria,(Lamarck 1818),suspension,unattached,mobile,infaunal,0,0,54.6790636349965,19.689058019
102592,Veneridae,Ezocallista,brevisiphonata,(Carpenter 1864),suspension,unattached,mobile,infaunal,1,1,123.874936932375,28.341534072
104081,Veneridae,Fallartemis,conglobata,(Roemer 1862),suspension,unattached,mobile,infaunal,0,0,36.2601709869107,11.35772777
101056,Veneridae,Fallartemis,lambata,(Gould 1835),suspension,unattached,mobile,infaunal,0,0,28.9827534923789,14.513740292
101081,Veneridae,Fallartemis,sculpta,(Hanley 1845),suspension,unattached,mobile,infaunal,0,0,46.9041575982343,18.48833338
101226,Veneridae,Gafrarium,dispar,(Dillwyn 1817),suspension,unattached,mobile,infaunal,0,0,29.758360169875,32.627575601
112489,Veneridae,Gafrarium,hartei,Huber 2010,suspension,unattached,mobile,infaunal,0,0,32.1869538788622,6.9577356
101231,Veneridae,Gafrarium,obliquissimum,(E. A. Smith 1885),suspension,unattached,mobile,infaunal,15,15,3.74165738677394,4.32123897
101232,Veneridae,Gafrarium,pectinatum,(Linnaeus 1758),suspension,unattached,mobile,infaunal,0,0,37.2733148512445,32.627575601
101235,Veneridae,Gafrarium,tumidum,(Roeding 1798),suspension,unattached,mobile,infaunal,0,0,44.4486220258851,20.47833343
101305,Veneridae,Gemma,gemma,(Totten 1834),suspension,unattached,mobile,infaunal,0,0,4.01870625948202,31.618305035
112783,Veneridae,Globivenus,banaconensis,Poppe et al. 2018,suspension,unattached,mobile,infaunal,10,10,57.0985989320228,2.78617987
101323,Veneridae,Globivenus,capricornea,(Hedley 1908),suspension,unattached,mobile,infaunal,16,16,48.2700735445887,12.00578426
101324,Veneridae,Globivenus,effossa,(Bivona 1836),suspension,unattached,mobile,infaunal,50,50,39.1407715815619,22.861666644
101325,Veneridae,Globivenus,embrithes,(Melvill & Standen 1899),suspension,unattached,mobile,infaunal,5,5,46.7974358271904,13.6316665
101326,Veneridae,Globivenus,fordii,(Yates 1890),suspension,unattached,mobile,infaunal,7,7,73.7827893210876,21.952706892
101327,Veneridae,Globivenus,foresti,(Fischer-Piette & Testud 1967),suspension,unattached,mobile,infaunal,36,36,18.9736659610103,7.62503771
111855,Veneridae,Globivenus,helenae,(Fischer-Piette 1975),suspension,unattached,mobile,infaunal,NA,NA,30.6724632202893,3.6200002
101328,Veneridae,Globivenus,isocardia,(Verrill 1870),suspension,unattached,mobile,infaunal,8,8,121.218397943547,15.38939997
112938,Veneridae,Globivenus,kempfi,(Fischer-Piette & Testud 1970),suspension,unattached,mobile,infaunal,10,10,31.977492084277,2.38659075
121939,Veneridae,Globivenus,lepidoglypta,(Dall 1902),suspension,unattached,mobile,infaunal,50,50,51.5412456194066,6.46464284
112924,Veneridae,Globivenus,libellus,"(de Rayneval, Van den Hecke & Ponzi 1854)",suspension,unattached,mobile,infaunal,35,35,30,6.3735972
101329,Veneridae,Globivenus,listeroides,(Fischer-Piette & Testud 1967),suspension,unattached,mobile,infaunal,10,10,30.7001628660175,17.72206152
101330,Veneridae,Globivenus,magdalenae,(Dall 1902),suspension,unattached,mobile,infaunal,35,35,51.1165335287909,15.05650534
112776,Veneridae,Globivenus,mindoroensis,(E.A. Smith 1916),suspension,unattached,mobile,infaunal,NA,NA,35.9861084308932,3.86136679
112630,Veneridae,Globivenus,orientalis,(Cox 1930),suspension,unattached,mobile,infaunal,5,5,50.9607692249636,12.55906088
103509,Veneridae,Globivenus,pereffossa,(Dautzenberg & Fischer 1906),suspension,unattached,mobile,infaunal,55,55,26,10.61902446
101331,Veneridae,Globivenus,rigida,(Dillwyn 1817),suspension,unattached,mobile,infaunal,0.3,0.3,103.836891324808,19.91667863
101332,Veneridae,Globivenus,rugatina,(Heilprin 1887),suspension,unattached,mobile,infaunal,18,18,36.7804295787855,19.73802633
112940,Veneridae,Globivenus,snellii,(Fischer-Piette 1975),suspension,unattached,mobile,infaunal,16,16,28,5.5820673
100691,Veneridae,Globivenus,strigillina,(Dall 1902),suspension,unattached,mobile,infaunal,37,37,41.8927201313068,19.91667863
101333,Veneridae,Globivenus,toreuma,(Gould 1850),suspension,unattached,mobile,infaunal,0,0,47.1487009365051,27.673133382
112357,Veneridae,Gomphina,habei,Huber 2010,suspension,unattached,mobile,infaunal,5,5,21.7412051183921,20.226611388
101401,Veneridae,Gomphina,maorum,E.A. Smith 1902,suspension,unattached,mobile,infaunal,NA,5,14.422205101856,12.106406823
101398,Veneridae,Gomphina,moerchi,(Angas 1872),suspension,unattached,mobile,infaunal,5,5,24.3721152139079,6.81795179
101399,Veneridae,Gomphina,neastartoides,(Yokoyama 1922),suspension,unattached,mobile,infaunal,10,10,13.6821051011897,25.641668984
111841,Veneridae,Gomphina,queenslandica,(Huber 2010),suspension,unattached,mobile,infaunal,0,0,32.2490309931942,11.89499982
101400,Veneridae,Gomphina,undulosa,(Lamarck 1818),suspension,unattached,mobile,infaunal,0,0,38.3288403163988,21.06885968
101403,Veneridae,Gouldia,californica,Dall 1917,suspension,unattached,mobile,infaunal,0,0,7.74596669241483,15.89884954
101404,Veneridae,Gouldia,cerina,(C.B. Adams 1845),suspension,unattached,mobile,infaunal,1,1,13.3341666406266,19.91667863
101407,Veneridae,Gouldia,insularis,(Dall & Simpson 1901),suspension,unattached,mobile,infaunal,30,30,6.79337912971152,6.5937274
101409,Veneridae,Gouldia,minima,(Montagu 1803),suspension,unattached,mobile,infaunal,5,5,18.0249826629598,28.381249566
101412,Veneridae,Gouldiopa,australis,(Angas 1853),suspension,unattached,mobile,infaunal,9,9,7.64198926981712,15.40861843
101413,Veneridae,Gouldiopa,francisensis,Cotton & Godfrey 1938,suspension,unattached,mobile,infaunal,27,27,4.39886348958455,12.34666685
101414,Veneridae,Granicorium,citrinum,Lamprell & Healy 1999,suspension,unattached,mobile,infaunal,30,30,26.1247009552263,6.63676913
101415,Veneridae,Granicorium,indutum,Hedley 1906,suspension,unattached,mobile,infaunal,26,26,51.7480434412742,16.20230656
101478,Veneridae,Humilaria,kennerleyi,(Reeve 1863),suspension,unattached,mobile,infaunal,0,0,86.6314030822542,19.592625985
102340,Veneridae,Hyphantosoma,aletes,Hertlein & Strong 1948,suspension,unattached,mobile,infaunal,15,15,49.4044532405734,16.17446967
102341,Veneridae,Hyphantosoma,caperi,Lamprell & Healy 1997,suspension,unattached,mobile,infaunal,3,3,23.6786823957753,11.35772777
111776,Veneridae,Hyphantosoma,crassum,Raines & Huber 2012,suspension,unattached,mobile,infaunal,40,40,41.8927201313068,5.24500001
102342,Veneridae,Hyphantosoma,festoui,Harte 1993,suspension,unattached,mobile,infaunal,60,60,22.6384628453435,8.59462798
102409,Veneridae,Hyphantosoma,healyi,(Lamprell & Stanisic 1996),suspension,unattached,mobile,infaunal,24,24,16.4089914376235,11.11000002
102344,Veneridae,Hyphantosoma,intricatum,"(Dautzenberg, 1907)",suspension,unattached,mobile,infaunal,4,4,51.4742654148653,12.11485522
102414,Veneridae,Hyphantosoma,limatula,"(Sowerby II, 1851)",suspension,unattached,mobile,infaunal,4,4,42.9408896041989,29.718333401
102346,Veneridae,Hyphantosoma,nancyae,(Lamprell & Whitehead 1990),suspension,unattached,mobile,infaunal,5,5,32.6435292209651,13.71609799
106424,Veneridae,Hyphantosoma,pollicaris,(Carpenter 1864),suspension,unattached,mobile,infaunal,0,0,75.1997340420829,16.44182409
102347,Veneridae,Hyphantosoma,spoori,(Lamprell & Whitehead 1990),suspension,unattached,mobile,infaunal,3,3,34.7275107083707,18.38328981
111777,Veneridae,Hyphantosoma,tenue,Raines & Huber 2012,suspension,unattached,mobile,infaunal,40,40,22.9085137012422,5.24500001
102348,Veneridae,Hysteroconcha,brevispinosus,(Sowerby 1851),suspension,unattached,mobile,infaunal,0,0,44.0363486224732,7.53433421
102349,Veneridae,Hysteroconcha,dione,(Linnaeus 1758),suspension,unattached,mobile,infaunal,2,2,49.5790278242726,9.85577358
102350,Veneridae,Hysteroconcha,lupanaria,(Lesson 1830),suspension,unattached,mobile,infaunal,0,0,90.4433524367601,15.88000044
102351,Veneridae,Hysteroconcha,multispinosus,"(Sowerby II, 1851)",suspension,unattached,mobile,infaunal,8,8,40.6826744450264,12.20895835
102352,Veneridae,Hysteroconcha,roseus,(Broderip & Sowerby 1829),suspension,unattached,mobile,infaunal,6,6,54.0666255651303,11.38271289
100614,Veneridae,Iliochione,subrugosa,(Wood 1828),suspension,unattached,mobile,infaunal,0,0,44.497190922574,16.2046156
101485,Veneridae,Irus,carditoides,(Lamarck 1818),suspension,attached,mobile,infaunal,0,0,39.5555305867587,18.105999963
101492,Veneridae,Irus,crenatus,(Lamarck 1818),suspension,attached,mobile,infaunal,0,0,44.2153819388683,22.296000523
101487,Veneridae,Irus,cumingii,(Deshayes 1854),suspension,attached,mobile,infaunal,0,0,33.4065861769801,20.76552672
101488,Veneridae,Irus,irus,(Linnaeus 1758),suspension,attached,mobile,infaunal,0,0,18.3847763108502,30.972424107
101489,Veneridae,Irus,ishibashianus,Kuroda & Habe 1952,suspension,attached,mobile,infaunal,0,0,22.9085137012422,29.759543132
101490,Veneridae,Irus,macrophylla,(Deshayes 1855),suspension,attached,mobile,infaunal,0,0,25.7875939164553,34.40643638
101491,Veneridae,Irus,mitis,(Deshayes 1854),suspension,attached,mobile,infaunal,0,0,22.8368123870211,31.201091862
112420,Veneridae,Irus,vertumnalium,(Melvill 1918),suspension,attached,mobile,infaunal,NA,5,24.0831891575846,14.30095352
101497,Veneridae,Irusella,lamellifera,(Conrad 1837),suspension,unattached,mobile,infaunal,0,0,48.2618897267813,16.309408715
101532,Veneridae,Katelysia,peronii,(Lamarck 1818),suspension,unattached,mobile,infaunal,0,0,36.3318042491699,14.981000183
101533,Veneridae,Katelysia,rhytiphora,(Lamy 1935),suspension,unattached,mobile,infaunal,0,0,51.9615242270663,14.277518583
101534,Veneridae,Katelysia,scalarina,(Lamarck 1818),suspension,unattached,mobile,infaunal,0,0,43.9545219516718,14.164500053
101542,Veneridae,Kereia,greyi,Zittel 1864,suspension,unattached,mobile,infaunal,9,9,50.1996015920445,12.106406823
100700,Veneridae,Kyrina,granulifera,(Sowerby II 1852),suspension,unattached,mobile,infaunal,7,7,20.077101384413,3.64161389
101545,Veneridae,Kyrina,kyrina,Jousseaume 1894,suspension,unattached,mobile,infaunal,NA,5,14.7020406746819,20.60368675
100004,Veneridae,Kyrina,ponsonbyi,(Sowerby 1892),suspension,unattached,mobile,infaunal,NA,5,22.085289221561,19.11526803
112618,Veneridae,Kyrina,pseudolima,(Souverbie in Souverbie & Montrouzier 1862),suspension,unattached,mobile,infaunal,NA,NA,28.0624304008046,6.77428956
112619,Veneridae,Kyrina,texta,(Deshayes 1853),suspension,unattached,mobile,infaunal,NA,NA,27.6097808756245,5.01663642
100673,Veneridae,Laevicirce,hongkongensis,Jiang & Xu 1992,suspension,unattached,mobile,infaunal,0,0,6.4249513616836,9.78166665
105422,Veneridae,Laevicirce,soyoae,Habe 1951,suspension,unattached,mobile,infaunal,50,50,6.34507683168612,28.412257981
112565,Veneridae,Lajonkairia,cancellata,(Gmalin 1791),suspension,unattached,mobile,infaunal,3,3,22.9782505861521,22.861666644
111998,Veneridae,Lajonkairia,digitale,(E.A. Smith 1916),suspension,unattached,mobile,infaunal,13,13,7,7.49732771
101579,Veneridae,Lajonkairia,divaricata,(Lischke 1872),suspension,unattached,mobile,infaunal,5,5,17.1813852759316,19.944471587
105138,Veneridae,Lajonkairia,elegans,(H. Adams 1870),suspension,unattached,mobile,infaunal,50,50,14.9666295470958,17.93957597
101580,Veneridae,Lajonkairia,lajonkairii,(Payraudeau 1808),suspension,unattached,mobile,infaunal,NA,5,23.9791576165636,22.861666644
101581,Veneridae,Lajonkairia,substriata,(Montagu 1808),suspension,unattached,mobile,infaunal,10,10,22.4499443206436,22.861666644
102353,Veneridae,Lamelliconcha,alternata,(Broderip 1851),suspension,unattached,mobile,infaunal,0,0,51.3030213535226,16.44182409
102354,Veneridae,Lamelliconcha,callicomata,(Dall 1902),suspension,unattached,mobile,infaunal,12,12,42.142615011411,11.09382478
101582,Veneridae,Lamelliconcha,circinata,(Born 1778),suspension,unattached,mobile,infaunal,1,1,49.743944355067,15.83976986
102355,Veneridae,Lamelliconcha,concinna,(Sowerby 1835),suspension,unattached,mobile,infaunal,0,0,46.1172418949789,16.44182409
106425,Veneridae,Lamelliconcha,frizzelli,Hertlein & Strong 1948,suspension,unattached,mobile,infaunal,35,35,38.7246691399681,15.78059592
102357,Veneridae,Lamelliconcha,paytensis,(d'Orbigny 1845),suspension,unattached,mobile,infaunal,3,3,33.8821486921948,12.7642856
102358,Veneridae,Lamelliconcha,tortuosa,(Broderip 1835),suspension,unattached,mobile,infaunal,0,0,45.1663591625449,10.74142142
102359,Veneridae,Lamelliconcha,unicolor,(Sowerby 1835),suspension,unattached,mobile,infaunal,0,0,54.5607917831111,10.07539237
102360,Veneridae,Lamelliconcha,vinaceus,Olsson 1961,suspension,unattached,mobile,infaunal,0,0,36.7695526217005,14.49458329
101587,Veneridae,Lepidocardia,floridella,(Gray 1838),suspension,unattached,mobile,infaunal,22,22,25.0643172657864,12.50524945
102486,Veneridae,Leukoma,asperrima,(Broderip & Sowerby I 1835),suspension,unattached,mobile,infaunal,0,0,54.3433528593884,17.18226211
102491,Veneridae,Leukoma,columbiensis,(Sowerby I 1835),suspension,unattached,mobile,infaunal,0,0,55.4797260267208,15.22318186
102494,Veneridae,Leukoma,crassicosta,(Deshayes 1835),suspension,unattached,mobile,infaunal,0,0,42.6520808402122,14.513740292
102485,Veneridae,Leukoma,ecuadoriana,(Olsson 1961),suspension,unattached,mobile,infaunal,0,0,48.7278154650914,11.56766688
102495,Veneridae,Leukoma,euglypta,"(Sowerby III, 1914)",suspension,unattached,mobile,infaunal,0,0,42.1604079676656,30.811878672
106004,Veneridae,Leukoma,granulata,(Gmelin 1791),suspension,unattached,mobile,infaunal,0,0,29.4091822395659,12.21194065
102498,Veneridae,Leukoma,grata,(Say 1831),suspension,unattached,mobile,infaunal,0,0,48.7278154650914,17.29433352
111794,Veneridae,Leukoma,histrionica,(Sowerby 1835),suspension,unattached,mobile,infaunal,0,0,51.3575700359742,14.49458329
102492,Veneridae,Leukoma,jedoensis,(Lischke 1874),suspension,unattached,mobile,infaunal,0,0,55.1760817746241,29.610730662
106437,Veneridae,Leukoma,laciniata,(Carpenter 1864),suspension,unattached,mobile,infaunal,0,0,86.9234145670774,21.952706892
102488,Veneridae,Leukoma,metodon,(Pilsbry & Lowe 1932),suspension,unattached,mobile,infaunal,0,0,41.4728827066554,14.13406238
102489,Veneridae,Leukoma,pectorina,(Lamarck 1818),suspension,unattached,mobile,infaunal,1,1,41.9523539268061,13.6103454
102499,Veneridae,Leukoma,pertincta,(Dall 1902),suspension,unattached,mobile,infaunal,NA,5,38.6264158316559,4.66035289
111640,Veneridae,Leukoma,restorationensis,(Frizzell 1930),suspension,unattached,mobile,infaunal,0,0,92.0869154657707,14.457499986
102074,Veneridae,Leukoma,schencki,(Nomura 1937),suspension,unattached,mobile,infaunal,0,0,39.4208066888541,24.634772374
102496,Veneridae,Leukoma,staminea,(Conrad 1837),suspension,unattached,mobile,infaunal,0,0,74.5077177210522,32.422265115
100630,Veneridae,Leukoma,subrostrata,(Lamarck 1818),suspension,unattached,mobile,infaunal,0,0,30.6267856622271,11.33282406
111641,Veneridae,Leukoma,sugillata,(Reeve 1863),suspension,unattached,mobile,infaunal,NA,NA,37.4165738677394,8.40050733
102497,Veneridae,Leukoma,thaca,(Molina 1782),suspension,unattached,mobile,infaunal,0,0,72.8285658241325,18.403560821
101659,Veneridae,Lioconcha,annettae,Lamprell & Whitehead 1990,suspension,unattached,mobile,infaunal,0.3,0.3,38.2253842361329,13.52833334
103603,Veneridae,Lioconcha,berthaulti,Lamprell & Healy 2002,suspension,unattached,mobile,infaunal,10,10,29.2557686619238,11.32899319
101668,Veneridae,Lioconcha,caledonensis,(Harte & Lamprell 1999),suspension,unattached,mobile,infaunal,34,34,17.2046505340853,6.77428956
101660,Veneridae,Lioconcha,castrensis,(Linnaeus 1758),suspension,unattached,mobile,infaunal,0,0,56.8715218716714,32.627575601
101661,Veneridae,Lioconcha,fastigiata,"(Sowerby II, 1851)",suspension,unattached,mobile,infaunal,0,0,40.156319552469,22.445833244
103605,Veneridae,Lioconcha,gordoni,(E.A. Smith 1885),suspension,unattached,mobile,infaunal,5,5,15.1601451180389,5.48370839
112490,Veneridae,Lioconcha,hartei,Huber 2010,suspension,unattached,mobile,infaunal,10,10,34.7985631887295,8.03977226
101662,Veneridae,Lioconcha,hieroglyphica,(Conrad 1837),suspension,unattached,mobile,infaunal,1,1,38.8844441904472,7.69511515
112017,Veneridae,Lioconcha,kovalisi,de Prins 2013,suspension,unattached,mobile,infaunal,1,1,28.0356915377524,12.30261924
112954,Veneridae,Lioconcha,lamprelli,Moolenbeek et al. 2008,suspension,unattached,mobile,infaunal,5,5,43.6756224912708,11.96033319
103601,Veneridae,Lioconcha,macaulayi,Lamprell & Healy 2002,suspension,unattached,mobile,infaunal,3,3,38.7019379359742,7.24770659
101670,Veneridae,Lioconcha,melharteae,(Lamprell & Stanisic 1996),suspension,unattached,mobile,infaunal,10,10,20.6591384137868,8.0385801
101664,Veneridae,Lioconcha,ornata,(Dillwyn 1817),suspension,unattached,mobile,infaunal,0,0,27.6152131985252,23.38757563
101671,Veneridae,Lioconcha,philippinarum,(Hanley 1844),suspension,unattached,mobile,infaunal,2,2,25.8373760277626,32.627575601
101665,Veneridae,Lioconcha,polita,(Roeding 1798),suspension,unattached,mobile,infaunal,0,0,43.0058135604944,14.56138192
101672,Veneridae,Lioconcha,richerdeforgesi,(Lamprell & Stanisic 1996),suspension,unattached,mobile,infaunal,30,30,10.9201648339208,8.19694947
111686,Veneridae,Lioconcha,rumphii,"Van der Meij, Moolenbeek & Dekker 2010",suspension,unattached,mobile,infaunal,4,4,47.6707457462121,6.02706329
103604,Veneridae,Lioconcha,schioettei,Lamprell & Healy 2002,suspension,unattached,mobile,infaunal,2,2,38.8765996455451,13.71609799
103600,Veneridae,Lioconcha,sowerbyi,(Deshayes 1853),suspension,unattached,mobile,infaunal,0,0,38.725702059485,20.745591367
101667,Veneridae,Lioconcha,tigrina,(Lamarck 1818),suspension,unattached,mobile,infaunal,5,5,40.2492235949962,9.26586993
101673,Veneridae,Lioconcha,trimaculata,(Lamarck 1818),suspension,unattached,mobile,infaunal,1,1,26.3818119165458,30.836311742
112006,Veneridae,Liocyma,chinensis,"Zhang , Xu & Leng 2010",suspension,unattached,mobile,infaunal,0,0,2.9649957841454,26.637895714
101674,Veneridae,Liocyma,fluctuosa,(Gould 1841),suspension,unattached,mobile,infaunal,0,0,43.3566603879958,28.963240721
100634,Veneridae,Lirophora,discrepans,(Sowerby I 1835),suspension,unattached,mobile,infaunal,1,1,34.9428104193123,11.87096115
100636,Veneridae,Lirophora,mariae,(d Orbigny 1845),suspension,unattached,mobile,infaunal,6,6,31.9562200518146,17.82958357
100637,Veneridae,Lirophora,obliterata,(Dall 1902),suspension,unattached,mobile,infaunal,18,18,31.3049516849971,17.21765146
100638,Veneridae,Lirophora,paphia,(Linnaeus 1767),suspension,unattached,mobile,infaunal,1,1,45.1663591625449,18.82377717
100639,Veneridae,Lirophora,peruviana,(Sowerby I 1835),suspension,unattached,mobile,infaunal,0,0,49.5903216363838,19.392818302
106001,Veneridae,Lirophora,riomaturensis,(Maury 1925),suspension,unattached,mobile,infaunal,11,11,28.6181760425084,3.89766755
112950,Veneridae,Lirophora,varicosa,(Sowerby II 1853),suspension,unattached,mobile,infaunal,0,0,22.3606797749979,19.91667863
105423,Veneridae,Macridiscus,melanaegis,(Roemer 1861),suspension,unattached,mobile,infaunal,0,0,78.1845253231098,29.72564694
111715,Veneridae,Macridiscus,multifarius,"Kong, Matsukuma & Lutaenko 2012",suspension,unattached,mobile,infaunal,0,0,52.4513107557857,30.550758502
105424,Veneridae,Macridiscus,semicancellata,(Koch in Philippi 1844),suspension,unattached,mobile,infaunal,0,0,46.2601340248815,30.012575665
101820,Veneridae,Macrocallista,nimbosa,(Lightfoot 1786),suspension,unattached,mobile,infaunal,0,0,133.781912080819,19.43923825
102105,Veneridae,Marcia,apaturia,(Roemer 1864),suspension,unattached,mobile,infaunal,NA,NA,29.8496231131986,5.39506501
112570,Veneridae,Marcia,carneola,(Lamarck 1818),suspension,unattached,mobile,infaunal,NA,5,26.0921444116807,2.49134337
112571,Veneridae,Marcia,cordata,(Forsskal 1775),suspension,unattached,mobile,infaunal,0,0,54.7722557505166,20.31424225
101531,Veneridae,Marcia,hiantina,(Lamarck 1818),suspension,unattached,mobile,infaunal,0,0,58.501282037234,18.83936288
101833,Veneridae,Marcia,japonica,(Gmelin 1791),suspension,unattached,mobile,infaunal,0,0,48.3197682113646,22.445833244
101835,Veneridae,Marcia,opima,(Gmelin 1791),suspension,unattached,mobile,infaunal,0,0,56.4358042380899,20.31424225
101837,Veneridae,Marcia,recens,(Holton 1802),suspension,unattached,mobile,infaunal,0,0,55.6021582314931,17.47656537
101846,Veneridae,Megapitaria,aurantiaca,(Sowerby 1831),suspension,unattached,mobile,infaunal,0,0,119.281557669239,16.44182409
101821,Veneridae,Megapitaria,maculata,(Linnaeus 1758),suspension,unattached,mobile,infaunal,0,0,85.7348820492569,19.91667863
101847,Veneridae,Megapitaria,squalida,(Sowerby 1835),suspension,unattached,mobile,infaunal,0,0,124.213525833542,16.44182409
101851,Veneridae,Mercenaria,campechiensis,(Gmelin 1791),suspension,unattached,mobile,infaunal,0,0,146.699693251213,29.540353642
101853,Veneridae,Mercenaria,mercenaria,(Linnaeus 1758),suspension,unattached,mobile,infaunal,0,0,139.642400437689,31.319516955
102600,Veneridae,Mercenaria,stimpsoni,(Gould 1861),suspension,unattached,mobile,infaunal,2,2,89.4427190999916,27.25149998
112955,Veneridae,Meretrix,astricta,(Reeve 1864),suspension,unattached,mobile,infaunal,0,0,57.2187032359175,5.43294443
112711,Veneridae,Meretrix,attenuata,Dunker 1863,suspension,unattached,mobile,infaunal,1,1,56.6992063436518,8.61625042
112709,Veneridae,Meretrix,aurora,Hornell 1917,suspension,unattached,mobile,infaunal,NA,5,51.9133894096696,5.9476191
105107,Veneridae,Meretrix,casta,(Gmelin 1791),suspension,unattached,mobile,infaunal,0,0,62.5581329644675,14.99863878
101855,Veneridae,Meretrix,lamarckii,Deshayes 1853,suspension,unattached,mobile,infaunal,0,0,94.3991525385689,26.653133202
101856,Veneridae,Meretrix,lusoria,(Roeding 1798),suspension,unattached,mobile,infaunal,0,0,105.453781345194,30.32488317
101857,Veneridae,Meretrix,lyrata,(Sowerby II 1851),suspension,unattached,mobile,infaunal,0,0,59.141356088612,17.0319202
101858,Veneridae,Meretrix,meretrix,(Linnaeus 1758),suspension,unattached,mobile,infaunal,0,0,70.746024623296,23.38757563
112710,Veneridae,Meretrix,morphina,(Lamarck 1818),suspension,unattached,mobile,infaunal,0,0,66,8.51054275
101859,Veneridae,Meretrix,petechialis,Lamarck 1818,suspension,unattached,mobile,infaunal,0,0,115.316954521007,30.477194
105927,Veneridae,Meretrix,planisulcata,"(Sowerby II, 1851)",suspension,unattached,mobile,infaunal,NA,5,37.1483512420134,14.99863878
112712,Veneridae,Meretrix,subtrigona,(Dunker 1857),suspension,unattached,mobile,infaunal,NA,5,55.3172667437573,8.11411101
112679,Veneridae,Microcirce,anteai,von Cosel & Gofas 2018,suspension,unattached,mobile,infaunal,20,20,3.9,9.14050635
101864,Veneridae,Microcirce,consternans,Oliver & Zuschin 2001,suspension,unattached,mobile,infaunal,8,8,3.14642654451045,20.31424225
101865,Veneridae,Microcirce,dilecta,(Gould 1861),suspension,unattached,mobile,infaunal,10,10,4,35.130334242
101997,Veneridae,Mysia,marchali,von Cosel 1995,suspension,unattached,mobile,infaunal,2,2,20.6913025206245,12.50524945
101998,Veneridae,Mysia,pellucida,(Tate 1891),suspension,unattached,mobile,infaunal,20,20,12.2474487139159,11.3562198
101999,Veneridae,Mysia,undata,(Pennant 1777),suspension,unattached,mobile,infaunal,3,3,28.9827534923789,30.547952356
102021,Veneridae,Nanopitar,pilula,Rehder 1943,suspension,unattached,mobile,infaunal,0,0,5.94978991225741,14.13626844
103488,Veneridae,Notirus,exoticus,(Lamarck 1818),suspension,unattached,mobile,infaunal,2,2,15.5080624192708,9.61594116
112281,Veneridae,Notirus,interstriatus,"(Sowerby II, 1854)",suspension,unattached,mobile,infaunal,2,2,22.8823075759417,17.831666763
101493,Veneridae,Notirus,reflexus,(Gray 1849),suspension,unattached,mobile,infaunal,NA,5,27.2763633939717,14.513740292
100497,Veneridae,Notocallista,disrupta,"(Sowerby II, 1853)",suspension,unattached,mobile,infaunal,4,4,40.5585995813465,16.90105247
112963,Veneridae,Notocallista,festiva,(Sowerby II 1851),suspension,unattached,mobile,infaunal,NA,5,52.1919534027996,12.66033313
100493,Veneridae,Notocallista,impar,(Lamarck 1818),suspension,unattached,mobile,infaunal,0,0,63.608175575157,13.6316665
100498,Veneridae,Notocallista,kingii,(Gray 1826),suspension,unattached,mobile,infaunal,0,0,56,12.85736844
112531,Veneridae,Notocallista,piperita,"(Sowerby II, 1851)",suspension,unattached,mobile,infaunal,10,10,42.4264068711929,8.97938509
100116,Veneridae,Notocallista,umbonella,(Lamarck 1818),suspension,unattached,mobile,infaunal,0,0,70.427267446636,20.31424225
102073,Veneridae,Notopaphia,elegans,(Deshayes 1854),suspension,unattached,mobile,infaunal,0,0,31.3687742827162,12.106406823
101495,Veneridae,Notopaphia,grisea,(Lamarck 1818),suspension,unattached,mobile,infaunal,0,0,23.5584379787795,16.30119296
102075,Veneridae,Nutricola,confusa,(Gray 1982),suspension,unattached,mobile,infaunal,5,5,7.45721127500086,13.112419475
102076,Veneridae,Nutricola,cymata,(Dall 1913),suspension,unattached,mobile,infaunal,16,16,6.48074069840786,15.55688105
103403,Veneridae,Nutricola,humilis,(Carpenter 1857),suspension,unattached,mobile,infaunal,0,0,6.14817045957576,15.84157504
102077,Veneridae,Nutricola,lordi,(Baird 1863),suspension,unattached,mobile,infaunal,0,0,7.93725393319377,31.059556585
102078,Veneridae,Nutricola,ovalis,(Dall 1902),suspension,unattached,mobile,infaunal,20,20,8.36660026534076,13.088254092
102079,Veneridae,Nutricola,tantilla,(Gould 1853),suspension,unattached,mobile,infaunal,0,0,8.18535277187245,20.826364144
103373,Veneridae,Pachydesma,stultorum,(Mawe 1854),suspension,unattached,mobile,infaunal,0,0,150.620051785943,20.732088782
101852,Veneridae,Panchione,kellettii,(Hinds 1845),suspension,unattached,mobile,infaunal,27,27,70.0019999714294,14.49458329
102104,Veneridae,Paphia,amabilis,(Philippi 1847),suspension,unattached,mobile,infaunal,10,10,73.0794772832975,24.128999974
102110,Veneridae,Paphia,crassisulca,(Lamarck 1818),suspension,unattached,mobile,infaunal,0,0,47.2440472440709,13.6316665
111712,Veneridae,Paphia,declivis,"(Sowerby II, 1852)",suspension,unattached,mobile,infaunal,5,5,54.6991773247094,4.1398112
102112,Veneridae,Paphia,euglypta,(Philippi 1847),suspension,unattached,mobile,infaunal,10,10,69.1953755680248,30.32488317
102117,Veneridae,Paphia,inflata,(Deshayes 1853),suspension,unattached,mobile,infaunal,0,0,64.9455156265619,16.63785176
111919,Veneridae,Paphia,kreipli,Huber 2010,suspension,unattached,mobile,infaunal,1,1,60.0119988002399,17.79012031
102119,Veneridae,Paphia,lirata,(Philippi 1847),suspension,unattached,mobile,infaunal,20,20,65.2187856372687,18.53602992
111918,Veneridae,Paphia,philippiana,Huber 2010,suspension,unattached,mobile,infaunal,10,10,43.6002293571949,27.097778372
112279,Veneridae,Paphia,polita,"(Sowerby II, 1852",suspension,unattached,mobile,infaunal,0,0,34.8546983920389,21.06885968
102120,Veneridae,Paphia,rotundata,(Linnaeus 1758),suspension,unattached,mobile,infaunal,10,10,71.3582510996451,7.84504455
102121,Veneridae,Paphia,schnelliana,(Dunker 1865),suspension,unattached,mobile,infaunal,10,10,85.8382199256252,25.392536149
102122,Veneridae,Paphia,semirugata,(Philippi 1847),suspension,unattached,mobile,infaunal,0,0,50.0733462033445,15.75297852
112553,Veneridae,Paphia,sulcosa,(Philippi 1847),suspension,unattached,mobile,infaunal,NA,5,52.9048201962732,2.95006375
102126,Veneridae,Paphia,vernicosa,(Gould 1861),suspension,unattached,mobile,infaunal,5,5,73.0802298846959,31.523758642
101496,Veneridae,Paphonotia,elliptica,(Sowerby I 1834),suspension,unattached,mobile,infaunal,0,0,34.4673758792282,15.87062497
101494,Veneridae,Paphonotia,fernandesiana,(Stempell 1899),suspension,unattached,mobile,infaunal,20,20,10,5.9077063
102139,Veneridae,Parastarte,triquetra,(Conrad 1846),suspension,unattached,mobile,infaunal,0,0,3.74165738677394,17.54340922
102097,Veneridae,Paratapes,textile,(Gmelin 1791),suspension,unattached,mobile,infaunal,1,1,59.6556786902974,32.627575601
102098,Veneridae,Paratapes,undulatus,(Born 1778),suspension,unattached,mobile,infaunal,1,1,54.9909083394701,34.40643638
100670,Veneridae,Parmulophora,crocea,(Gray 1838),suspension,unattached,mobile,infaunal,NA,NA,44.3634985094729,10.63300643
100671,Veneridae,Parmulophora,intermedia,(Reeve 1863),suspension,unattached,mobile,infaunal,2,2,48.2907858705985,14.97618621
100681,Veneridae,Parmulophora,rivularis,(Born 1778),suspension,unattached,mobile,infaunal,3,3,57.1314274283428,16.4720005
112862,Veneridae,Parmulophora,rugifera,(Lamarck 1818),suspension,unattached,mobile,infaunal,0,0,50.37856687124,20.60368675
100684,Veneridae,Parmulophora,tumefacta,"(Sowerby II, 1851)",suspension,unattached,mobile,infaunal,0,0,58.5914669555218,12.06125175
102174,Veneridae,Parvicirce,donacina,von Cosel 1995,suspension,unattached,mobile,infaunal,1,1,3.14006369362152,9.44991625
101028,Veneridae,Pectunculus,amphidesmoides,(Reeve 1850),suspension,unattached,mobile,infaunal,3,3,53.4415568635496,27.673133382
101045,Veneridae,Pectunculus,erythraea,Roemer 1860,suspension,unattached,mobile,infaunal,2,2,60.9672042987047,18.24122648
101079,Veneridae,Pectunculus,exoleta,(Linnaeus 1758),suspension,unattached,mobile,infaunal,1,1,58.4807660688538,30.547952356
101080,Veneridae,Pectunculus,incisa,(Reeve 1850),suspension,unattached,mobile,infaunal,0,0,79.3977329651168,18.48833338
101095,Veneridae,Pectunculus,maoriana,(Oliver 1923),suspension,unattached,mobile,infaunal,1,1,45.9467082607666,14.513740292
102402,Veneridae,Pelecyora,bullata,"(Sowerby II, 1851)",suspension,unattached,mobile,infaunal,0,0,33.2280002407608,13.92500019
101031,Veneridae,Pelecyora,ceylonica,(Dunker 1858),suspension,unattached,mobile,infaunal,NA,5,33.9852909359329,20.31424225
112567,Veneridae,Pelecyora,corculum,(Roemer 1870),suspension,unattached,mobile,infaunal,10,10,24.6188951823594,27.471243532
103607,Veneridae,Pelecyora,eudeli,(Fischer-Piette & Delmas 1967),suspension,unattached,mobile,infaunal,0,0,25,16.22622398
112568,Veneridae,Pelecyora,excisa,(Roeding 1798),suspension,unattached,mobile,infaunal,0,0,39.496835316263,5.1238116
106247,Veneridae,Pelecyora,exilium,"(Sowerby III, 1909)",suspension,unattached,mobile,infaunal,0,0,20.976176963403,4.27333333
103606,Veneridae,Pelecyora,insularum,(Fischer-Piette & Delmas 1967),suspension,unattached,mobile,infaunal,NA,5,45.3466647064588,9.52583321
101051,Veneridae,Pelecyora,isocardia,(Dunker 1845),suspension,unattached,mobile,infaunal,0,0,25,21.193749667
110321,Veneridae,Pelecyora,jukesbrowniana,(Preston 1915),suspension,unattached,mobile,infaunal,NA,5,25.9566947048348,9.05139015
112406,Veneridae,Pelecyora,nana,(Reeve 1850),suspension,unattached,mobile,infaunal,0,0,27.459060435492,22.663092032
102207,Veneridae,Pelecyora,trigona,(Reeve 1853),suspension,unattached,mobile,infaunal,0,0,39.2474202973902,8.92283343
112569,Veneridae,Pelecyora,tripla,(Roemer 1860),suspension,unattached,mobile,infaunal,0,0,35.7281401698997,5.61562493
112264,Veneridae,Periglypta,albocancellata,(Huber 2010),suspension,unattached,mobile,infaunal,0,0,110.298685395611,16.80157899
102212,Veneridae,Periglypta,corbis,(Lamarck 1818),suspension,unattached,mobile,infaunal,3,3,83.3186653757728,17.74858742
102213,Veneridae,Periglypta,crispata,(Deshayes 1853),suspension,unattached,mobile,infaunal,6,6,72.6636084983398,13.52833334
102216,Veneridae,Periglypta,lacerata,(Hanley 1844),suspension,unattached,mobile,infaunal,3,3,99.4484791236146,15.58384638
102217,Veneridae,Periglypta,listeri,(Gray 1838),suspension,unattached,mobile,infaunal,0,0,100,17.72206152
102218,Veneridae,Periglypta,multicostata,(Sowerby I 1835),suspension,unattached,mobile,infaunal,0,0,147.963846935662,16.03421359
102220,Veneridae,Periglypta,puerpera,(Linnaeus 1771),suspension,unattached,mobile,infaunal,0,0,74.7261667690776,32.627575601
104098,Veneridae,Periglypta,purpurea,(Linnaeus 1771),suspension,unattached,mobile,infaunal,0,0,80,18.54202384
102222,Veneridae,Periglypta,reticulata,(Linnaeus 1758),suspension,unattached,mobile,infaunal,0,0,85.5920557061226,32.627575601
102232,Veneridae,Petricola,botula,Olsson 1961,suspension,unattached,mobile,infaunal,0,0,11.478240283249,10.89167259
102233,Veneridae,Petricola,carditoides,(Conrad 1837),suspension,unattached,mobile,infaunal,0,0,54.9909083394701,28.514350018
102236,Veneridae,Petricola,exarata,(Carpenter 1857),suspension,unattached,mobile,infaunal,0,0,11.6189500386223,14.49458329
112303,Veneridae,Petricola,habei,Huber 2010,suspension,unattached,mobile,infaunal,0,0,23.7697286480094,29.498422962
112135,Veneridae,Petricola,insignis,(Deshayes 1854),suspension,unattached,mobile,infaunal,0,0,40.8362583986339,16.44182409
102237,Veneridae,Petricola,lapicida,(Gmelin 1791),suspension,unattached,mobile,infaunal,0,0,41.5150575092941,35.130334242
102238,Veneridae,Petricola,linguafelis,(Carpenter 1857),suspension,unattached,mobile,infaunal,0,0,6.09097693313642,12.20895835
112769,Veneridae,Petricola,ramirezi,Araya & Osorio 2019,suspension,unattached,mobile,infaunal,0,0,10.6051874099424,4.8231247
102257,Veneridae,Petricolaria,cognata,(C.B. Adams 1852),suspension,unattached,mobile,infaunal,0,0,42.8952211790544,17.19340653
105108,Veneridae,Petricolaria,cultellus,Deshayes 1853,suspension,unattached,mobile,infaunal,NA,NA,34.9471028842163,4.60305356
105971,Veneridae,Petricolaria,donnae,(Petuch 1998),suspension,unattached,mobile,infaunal,0,0,17.5499287747842,2.72707235
102258,Veneridae,Petricolaria,gracilis,(Deshayes 1853),suspension,unattached,mobile,infaunal,NA,5,26.9762858822337,11.28870746
102259,Veneridae,Petricolaria,pholadiformis,(Lamarck 1818),suspension,unattached,mobile,infaunal,0,0,50.5964425626941,31.593803917
112925,Veneridae,Petricolaria,serrata,(Deshayes 1853),suspension,unattached,mobile,infaunal,0,0,26.6645832519468,16.40724955
102260,Veneridae,Petricolaria,stellae,(Narchi 1975),suspension,unattached,mobile,infaunal,0,0,26.292584505902,18.75306857
102242,Veneridae,Petricolirus,aequistriatus,"(Sowerby II, 1874)",suspension,unattached,mobile,infaunal,0,0,28.6959927516021,24.428390795
102243,Veneridae,Petricolirus,californiensis,(Pilsbry & Lowe 1932),suspension,unattached,mobile,infaunal,0,0,30.469657037781,21.610269024
102244,Veneridae,Petricolirus,concinna,(Sowerby 1834),suspension,unattached,mobile,infaunal,0,0,19.3649167310371,10.43790953
102245,Veneridae,Petricolirus,dactylus,(Sowerby 1823),suspension,unattached,mobile,infaunal,0,0,41.3249319418677,24.136818438
102246,Veneridae,Petricolirus,denticulata,(Sowerby 1834),suspension,unattached,mobile,infaunal,0,0,30.4663749074287,16.44182409
102247,Veneridae,Petricolirus,rugosa,(Sowerby 1834),suspension,unattached,mobile,infaunal,0,0,55.7494394590654,24.562818229
101082,Veneridae,Phacosoma,abyssicola,(Habe 1961),suspension,unattached,mobile,infaunal,50,50,42.4264068711929,20.311750146
101086,Veneridae,Phacosoma,canaliculata,(Sowerby II 1852),suspension,unattached,mobile,infaunal,0,0,28.0463901420486,12.142258
101089,Veneridae,Phacosoma,cumingii,(Reeve 1850),suspension,unattached,mobile,infaunal,0,0,42.1477164268718,19.76363937
101049,Veneridae,Phacosoma,gabonensis,von Cosel 1989,suspension,unattached,mobile,infaunal,3,3,58.4723011348108,6.9177598
101093,Veneridae,Phacosoma,japonica,(Reeve 1850),suspension,unattached,mobile,infaunal,0,0,82.3771813064759,31.201091862
101096,Veneridae,Phacosoma,nipponica,"(Okutani, Tagawa & Horikawa 1989)",suspension,unattached,mobile,infaunal,10,10,67.4536878161602,22.642346715
101097,Veneridae,Phacosoma,physema,(Roemer 1870),suspension,unattached,mobile,infaunal,0,0,35.4964786985977,28.047999861
112653,Veneridae,Phacosoma,scabriuscula,(Philippi 1847),suspension,unattached,mobile,infaunal,NA,5,54.4332618901348,13.07097836
101101,Veneridae,Phacosoma,subrosea,(Gray 1835),suspension,unattached,mobile,infaunal,0,0,56.4010638197543,12.106406823
101102,Veneridae,Phacosoma,troscheli,(Lischke 1873),suspension,unattached,mobile,infaunal,1,1,65.9317829275077,29.880238
102401,Veneridae,Pitar,affinis,(Gmelin 1791),suspension,unattached,mobile,infaunal,0,0,50.1326241084586,9.04142891
102362,Veneridae,Pitar,alabastrum,(Reeve 1863),suspension,unattached,mobile,infaunal,96,96,35.3959743473746,8.73389537
102363,Veneridae,Pitar,albidus,(Gmelin 1791),suspension,unattached,mobile,infaunal,2,2,52.7977272238114,12.21194065
112853,Veneridae,Pitar,albinus,(Lamarck 1818),suspension,unattached,mobile,infaunal,NA,5,47.8571833688528,4.14991754
102364,Veneridae,Pitar,arestus,(Dall & Simpson 1901),suspension,unattached,mobile,infaunal,6,6,57.4978260458602,8.27075202
106002,Veneridae,Pitar,bermudezi,Macsotay & Campos 2001,suspension,unattached,mobile,infaunal,37,37,42.0196382659347,3.89766755
102366,Veneridae,Pitar,berryi,Keen 1971,suspension,unattached,mobile,infaunal,7,7,51.7010638188423,14.49458329
112854,Veneridae,Pitar,bucculentus,(Roemer 1867),suspension,unattached,mobile,infaunal,NA,5,56.2569106865992,5.73083249
102406,Veneridae,Pitar,citrinus,(Lamarck 1818),suspension,unattached,mobile,infaunal,0,0,55.5337735076593,19.65217969
102368,Veneridae,Pitar,consanguineus,(C.B. Adams 1852),suspension,unattached,mobile,infaunal,0,0,43.5212591729605,14.98932762
102407,Veneridae,Pitar,coxeni,(Smith 1885),suspension,unattached,mobile,infaunal,6,6,11.6833214455479,10.25241485
102408,Veneridae,Pitar,curnowae,Lamprell & Healy 1997,suspension,unattached,mobile,infaunal,0,0,39.0980817943796,11.65375054
102369,Veneridae,Pitar,elatus,(Sowerby III 1908),suspension,unattached,mobile,infaunal,5,5,43.3589667773576,11.5963716
112855,Veneridae,Pitar,erubescens,(Dunker 1853),suspension,unattached,mobile,infaunal,2,2,40.6681693711433,11.12012195
102372,Veneridae,Pitar,fluctuatus,"(Sowerby II, 1851)",suspension,unattached,mobile,infaunal,0,0,17.4928556845359,4.90814445
102373,Veneridae,Pitar,fulminatus,(Menke 1828),suspension,unattached,mobile,infaunal,1.2,1.2,47.4230956391503,19.91667863
102410,Veneridae,Pitar,hebraeus,(Lamarck 1818),suspension,unattached,mobile,infaunal,0,0,36,20.60368675
102374,Veneridae,Pitar,helenae,Olsson 1961,suspension,unattached,mobile,infaunal,0,0,30.2886117212394,16.44182409
102375,Veneridae,Pitar,hoffstetteri,Fischer-Piette 1969,suspension,unattached,mobile,infaunal,40,40,20.9045449603669,4.39471926
102376,Veneridae,Pitar,inconspicuus,(Broderip & Sowerby 1835),suspension,unattached,mobile,infaunal,10,10,36.9459064038223,12.80689511
112856,Veneridae,Pitar,indecorus,(Philippi 1848),suspension,unattached,mobile,infaunal,4,4,31.9374388453426,4.9266226
111950,Veneridae,Pitar,inflatus,"(Sowerby II, 1851)",suspension,unattached,mobile,infaunal,0,0,61.1555394056826,27.699502244
102413,Veneridae,Pitar,kathiewayae,Lamprell & Kilburn 1999,suspension,unattached,mobile,infaunal,8,8,48.5185531523767,8.838287
112247,Veneridae,Pitar,laetus,(Linnaeus 1758),suspension,unattached,mobile,infaunal,0,0,44.9197061432953,18.83936288
102415,Veneridae,Pitar,lineolatus,"(Sowerby II, 1854)",suspension,unattached,mobile,infaunal,0,0,27.4197009465822,23.926260044
102417,Veneridae,Pitar,medipictus,Lamprell & Kilburn 1999,suspension,unattached,mobile,infaunal,50,50,29.8097299551673,12.77766622
111902,Veneridae,Pitar,mediterraneus,(Aradas & Benoit 1872),suspension,unattached,mobile,infaunal,10,10,27.8208554864871,23.801666656
102379,Veneridae,Pitar,morrhuanus,Dall 1902,suspension,unattached,mobile,infaunal,1,1,37.2491610643783,29.090454537
102380,Veneridae,Pitar,newcombianus,(Gabb 1865),suspension,unattached,mobile,infaunal,45,45,40.8044115262063,11.03768668
112680,Veneridae,Pitar,nicklesi,von Cosel & Gofas 2018,suspension,unattached,mobile,infaunal,15,15,26.5518360947035,12.43967933
105077,Veneridae,Pitar,obliquatus,(Hanley 1844),suspension,unattached,mobile,infaunal,0,0,59.1903708385072,17.8193627
103405,Veneridae,Pitar,omissa,(Pilsbry & Lowe 1932),suspension,unattached,mobile,infaunal,13,13,10.8443533693808,9.29912479
102420,Veneridae,Pitar,osmundus,(Iredale 1936),suspension,unattached,mobile,infaunal,0,0,35.3270434653114,12.34249995
102382,Veneridae,Pitar,pallescens,(Broderip & Sowerby 1835),suspension,unattached,mobile,infaunal,20,20,31.0241841149771,4.46525026
102383,Veneridae,Pitar,palmeri,Fischer-Piette & Testud 1967,suspension,unattached,mobile,infaunal,5,5,41.251666632998,13.6103454
102403,Veneridae,Pitar,pellucidus,(Lamarck 1819),suspension,unattached,mobile,infaunal,0,0,40.4722126896961,13.52833334
102385,Veneridae,Pitar,perfragilis,Pilsbry & Lowe 1932,suspension,unattached,mobile,infaunal,6,6,24.2487113059643,16.44182409
112857,Veneridae,Pitar,phoenicopterus,(Roemer 1867),suspension,unattached,mobile,infaunal,NA,NA,21.3541565040626,4.32123897
102423,Veneridae,Pitar,potteri,Healy & Lamprell 1992,suspension,unattached,mobile,infaunal,0,0,52.1152568831815,13.52833334
102424,Veneridae,Pitar,prora,(Conrad 1837),suspension,unattached,mobile,infaunal,0,0,59.3548650070068,13.52833334
102425,Veneridae,Pitar,queenslandicus,Lamprell & Healy 1997,suspension,unattached,mobile,infaunal,9,9,21.012853209405,13.22500038
102426,Veneridae,Pitar,rectodorsalis,Lamprell & Kilburn 1999,suspension,unattached,mobile,infaunal,40,40,30.3209498531956,4.84893953
102388,Veneridae,Pitar,rudis,(Poli 1795),suspension,unattached,mobile,infaunal,0,0,27.6043474836845,23.801666656
102389,Veneridae,Pitar,rufescens,(Deshayes 1854),suspension,unattached,mobile,infaunal,NA,5,40.348482003664,7.56134635
102390,Veneridae,Pitar,simpsoni,(Dall 1895),suspension,unattached,mobile,infaunal,0,0,18.4390889145858,18.27247776
102429,Veneridae,Pitar,sophiae,(Angas 1877),suspension,unattached,mobile,infaunal,5,5,21.8650405899463,16.83583347
102392,Veneridae,Pitar,subarestus,(Dall 1912),suspension,unattached,mobile,infaunal,NA,NA,20.4939015319192,1.90216626
102433,Veneridae,Pitar,subpellucidus,"(Sowerby II, 1851)",suspension,unattached,mobile,infaunal,10,10,36.8239052790439,18.83936288
102434,Veneridae,Pitar,sulfureus,Pilsbry 1904,suspension,unattached,mobile,infaunal,0,0,28.6302287800849,27.673133382
112277,Veneridae,Pitar,tahitensis,(Philippi 1851),suspension,unattached,mobile,infaunal,5,5,40.2808887687449,7.56134635
102435,Veneridae,Pitar,thornleyae,Lamprell & Healy 1997,suspension,unattached,mobile,infaunal,0,0,42.1710801379334,11.35772777
102393,Veneridae,Pitar,tomeanus,(Dall 1902),suspension,unattached,mobile,infaunal,15,15,21.6794833886788,12.34274349
102436,Veneridae,Pitar,trevori,Lamprell & Whitehead 1990,suspension,unattached,mobile,infaunal,0,0,32.86335345031,13.52833334
102394,Veneridae,Pitar,tumens,(Gmelin 1791),suspension,unattached,mobile,infaunal,1,1,55.0454357780915,13.21818182
100802,Veneridae,Pitar,virgo,(Gray 1838),suspension,unattached,mobile,infaunal,0,0,46.9041575982343,12.50524945
102440,Veneridae,Pitarenus,cordatus,(Schwengel 1951),suspension,unattached,mobile,infaunal,7,7,45.3486493734929,17.72206152
106003,Veneridae,Pitarenus,zonatus,(Dall 1902),suspension,unattached,mobile,infaunal,3,3,26.8098862362376,19.73802633
112501,Veneridae,Placamen,altum,"(Sowerby II, 1853)",suspension,unattached,mobile,infaunal,3,3,23.3306665142683,4.64875801
102441,Veneridae,Placamen,berrii,(Wood 1828),suspension,unattached,mobile,infaunal,0,0,43.2145808726638,13.82548437
100697,Veneridae,Placamen,chloroticum,(Philippi 1849),suspension,unattached,mobile,infaunal,0,0,41.2,16.53250051
102443,Veneridae,Placamen,flindersi,(Cotton & Godfrey 1938),suspension,unattached,mobile,infaunal,10,10,24.1350367722943,11.15869415
112248,Veneridae,Placamen,foliaceum,(Philippi 1846),suspension,unattached,mobile,infaunal,5,5,25.3803073267445,34.40643638
102444,Veneridae,Placamen,gilvum,(Philippi 1836),suspension,unattached,mobile,infaunal,0,0,26.290682760248,11.66106073
102445,Veneridae,Placamen,gravescens,(Menke 1758),suspension,unattached,mobile,infaunal,0,0,36.7695526217005,13.19444423
102446,Veneridae,Placamen,isabellina,(Philippi 1849),suspension,unattached,mobile,infaunal,0,0,30.4959013639538,17.8193627
112365,Veneridae,Placamen,lamellatum,(Röding 1798),suspension,unattached,mobile,infaunal,0,0,45,31.744393557
100699,Veneridae,Placamen,lamellosum,"(""Chemnitz"" Sowerby 1825)",suspension,unattached,mobile,infaunal,0,0,33.570820663189,13.6316665
102447,Veneridae,Placamen,placidum,(Philippi 1844),suspension,unattached,mobile,infaunal,5,5,28.6705423736629,18.75604364
112502,Veneridae,Placamen,retroversum,(Deshayes 1853),suspension,unattached,mobile,infaunal,NA,5,30.7766144986742,10.79599971
112503,Veneridae,Placamen,roseotinctum,(Baird in Brenchley 1873),suspension,unattached,mobile,infaunal,3,3,27.0162913813129,6.67305054
103374,Veneridae,Planitivela,lessonii,(Deshayes 1830),suspension,unattached,mobile,infaunal,0,0,62.6099033699941,15.10862491
103376,Veneridae,Planitivela,planulata,(Broderip & Sowerby 1830),suspension,unattached,mobile,infaunal,0,0,59.8456347614427,13.75348195
102956,Veneridae,Polititapes,aureus,(Gmelin 1791),suspension,unattached,mobile,infaunal,0,0,40.8166632639171,26.249935026
103483,Veneridae,Polititapes,durus,(Gmelin 1791),suspension,unattached,mobile,infaunal,0,0,63.3987381577899,13.69124961
103491,Veneridae,Polititapes,lucens,(Locard 1777),suspension,unattached,mobile,infaunal,1,1,23.2379000772445,22.861666644
112982,Veneridae,Polititapes,parvovalis,Zettler & Alf 2021,suspension,unattached,mobile,infaunal,26,26,2.82488937836511,7.23191404
103497,Veneridae,Polititapes,rhomboides,(Pennant 1777),suspension,unattached,mobile,infaunal,0,0,54.9117473770413,30.547952356
106404,Veneridae,Privigna,pilsbryi,"Dall, Bartsch & Rehder 1938",suspension,unattached,mobile,infaunal,NA,NA,3.6,2.71780784
102109,Veneridae,Protapes,brownianus,(Preston 1906),suspension,unattached,mobile,infaunal,5,5,30.5122926047847,14.82950664
102099,Veneridae,Protapes,cor,"(Sowerby II, 1858)",suspension,unattached,mobile,infaunal,NA,5,63.2455532033676,20.27306019
102100,Veneridae,Protapes,gallus,(Gmelin 1791),suspension,unattached,mobile,infaunal,0,0,58.064274730681,22.56142189
112460,Veneridae,Protapes,monstrosus,(Roemer 1870),suspension,unattached,mobile,infaunal,NA,5,67.6387462923434,11.88533389
102101,Veneridae,Protapes,rhamphodes,(Oliver & Glover 1996),suspension,unattached,mobile,infaunal,0,0,41.1436507859961,20.31424225
112266,Veneridae,Protapes,roemeri,Huber 2010,suspension,unattached,mobile,infaunal,0,0,43.0116263352131,13.52833334
112491,Veneridae,Protapes,swenneni,Huber 2010,suspension,unattached,mobile,infaunal,16,16,30.8480145228182,6.71801286
112408,Veneridae,Protapes,ziczac,(Linnaeus 1758),suspension,unattached,mobile,infaunal,0,0,65.366658167601,20.31424225
105938,Veneridae,Proteopitar,patagonicus,(d'Orbigny 1842),suspension,unattached,mobile,infaunal,10,10,66.180057419135,26.698409038
102483,Veneridae,Protocallithaca,adamsii,(Reeve 1863),suspension,unattached,mobile,infaunal,1,1,75.1265598839718,28.256378772
102209,Veneridae,Proxichione,chemnitzii,(Hanley 1844),suspension,unattached,mobile,infaunal,5,5,83.6181798414675,27.097778372
111622,Veneridae,Proxichione,elimatula,Darragh 2010,suspension,unattached,mobile,infaunal,106,106,88.1816307401944,7.68769213
112530,Veneridae,Proxichione,laqueata,"(Sowerby II, 1853)",suspension,unattached,mobile,infaunal,1,1,92.1954445729289,18.64517556
100233,Veneridae,Proxichione,materna,Iredale 1929,suspension,unattached,mobile,infaunal,1,1,105.715183393872,11.26607154
100234,Veneridae,Proxichione,persimilis,Iredale 1929,suspension,unattached,mobile,infaunal,2,2,42.8952211790544,16.83583347
110484,Veneridae,Proxichione,somwangi,(Huber 2010),suspension,unattached,mobile,infaunal,40,40,81.6671292503906,3.72716218
112313,Veneridae,Puberella,crenata,(Gmelin 1791),suspension,unattached,mobile,infaunal,5,5,67.0820393249937,14.5809717
100621,Veneridae,Puberella,intapurpurea,(Conrad 1849),suspension,unattached,mobile,infaunal,2,2,42.5,19.91667863
100612,Veneridae,Puberella,lilacina,(Carpenter 1864),suspension,unattached,mobile,infaunal,0,0,66.5078942682747,16.44182409
100608,Veneridae,Puberella,montezuma,(Pilsbry & Lowe 1932),suspension,unattached,mobile,infaunal,0,0,39.8352858656744,4.46342015
100611,Veneridae,Puberella,pulicaria,(Broderip & Sowerby 1835),suspension,unattached,mobile,infaunal,0,0,54.495871403254,17.00945296
111954,Veneridae,Redicirce,plebeia,(Hanley 1844),suspension,unattached,mobile,infaunal,NA,NA,27.7330128186607,3.48225791
100687,Veneridae,Redicirce,sulcata,(Gray 1838),suspension,unattached,mobile,infaunal,0,0,38,32.627575601
102574,Veneridae,Retrotapes,exalbidus,(Dillwyn 1817),suspension,unattached,mobile,infaunal,5,5,95.4777460982401,28.047391259
102575,Veneridae,Retrotapes,lenticularis,(Sowerby 1835),suspension,unattached,mobile,infaunal,6,6,76.4198926981712,16.180643935
112951,Veneridae,Roemeriana,adunca,(Roemer 1869),suspension,unattached,mobile,infaunal,NA,NA,31.0161248385416,9.04142891
112952,Veneridae,Roemeriana,alfredense,(Bartsch 1915),suspension,unattached,mobile,infaunal,0,0,32.8365649847849,12.82326516
101225,Veneridae,Roemeriana,discors,(Gmelin 1791),suspension,unattached,mobile,infaunal,0,0,38.6781592116274,9.77548922
112953,Veneridae,Roemeriana,savignyi,(Jonas 1846),suspension,unattached,mobile,infaunal,2,2,47.4868402823351,17.93957597
112407,Veneridae,Ruditapes,aspera,(Quoy & Gaimard 1835),suspension,unattached,mobile,infaunal,0,0,33.0454232837166,32.221092042
102576,Veneridae,Ruditapes,bruguieri,(Hanley 1845),suspension,unattached,mobile,infaunal,NA,5,32.1869538788622,9.48399391
102577,Veneridae,Ruditapes,decussatus,(Linnaeus 1758),suspension,unattached,mobile,infaunal,0,0,66.3927706907913,28.988218366
102128,Veneridae,Ruditapes,largillierti,(Philippi 1847),suspension,unattached,mobile,infaunal,0,0,62.6099033699941,14.513740292
102578,Veneridae,Ruditapes,philippinarum,(Adams & Reeve 1850),suspension,unattached,mobile,infaunal,0,0,58.3266662856707,35.130334242
102230,Veneridae,Rupellaria,angolensis,(von Cosel 1995),suspension,unattached,mobile,infaunal,1,1,12.6491106406735,11.70038285
102248,Veneridae,Rupellaria,bicolor,(Sowerby 1854),suspension,unattached,mobile,infaunal,5,5,20.1246117974981,14.96214859
102249,Veneridae,Rupellaria,fabagella,(Lamarck 1818),suspension,unattached,mobile,infaunal,0,0,27.3861278752583,32.627575601
102254,Veneridae,Rupellaria,hertzana,(Coan 1997),suspension,unattached,mobile,infaunal,0,0,6.14817045957576,17.94966261
105972,Veneridae,Rupellaria,inversa,Macsotay & Campos 2001,suspension,unattached,mobile,infaunal,0,0,24.0935676063135,4.48591273
102239,Veneridae,Rupellaria,lithophaga,(Retzius 1786),suspension,unattached,mobile,infaunal,0,0,26.1258492684927,23.801666656
102255,Veneridae,Rupellaria,olssoni,(Bernard 1983),suspension,unattached,mobile,infaunal,0,0,24.2487113059643,13.56272725
102585,Veneridae,Samarangia,quadrangularis,(Adams & Reeve 1850),suspension,unattached,mobile,infaunal,3,3,91.7959694104267,32.627575601
102593,Veneridae,Saxidomus,gigantea,(Deshayes 1839),suspension,unattached,mobile,infaunal,0,0,117.200682591869,21.234408813
102594,Veneridae,Saxidomus,nuttalli,Conrad 1837,suspension,unattached,mobile,infaunal,0,0,130.698125464752,13.134556523
102595,Veneridae,Saxidomus,purpurata,"(Sowerby II, 1852)",suspension,unattached,mobile,infaunal,0,0,107.452361537567,28.37014434
100496,Veneridae,Striacallista,diemenensis,(Hanley 1844),suspension,unattached,mobile,infaunal,0,0,34.4093010681705,12.636926023
100500,Veneridae,Striacallista,multistriata,(Sowerby II 1851),suspension,unattached,mobile,infaunal,9,9,29.0086194087206,14.513740292
100501,Veneridae,Striacallista,phasianella,(Deshayes 1853),suspension,unattached,mobile,infaunal,0,0,19.8464102547539,17.84893174
112276,Veneridae,Sunemeroe,adelinae,(Angas 1868),suspension,unattached,mobile,infaunal,7,7,24.2487113059643,13.6316665
111709,Veneridae,Sunemeroe,bruggeni,Fischer-Piette 1974,suspension,unattached,mobile,infaunal,18,18,30.1662062579967,15.90584319
112957,Veneridae,Sunemeroe,cumingii,(E. A. Smith 1891),suspension,unattached,mobile,infaunal,5,5,34.322004603461,28.047999861
112302,Veneridae,Sunemeroe,kirai,Huber 2010,suspension,unattached,mobile,infaunal,1,1,22.3606797749979,22.218446862
102934,Veneridae,Sunemeroe,langfordi,(Habe 1953),suspension,unattached,mobile,infaunal,10,10,21.5777663348179,26.653133202
102933,Veneridae,Sunemeroe,menstrualis,(Menke 1843),suspension,unattached,mobile,infaunal,0,0,74.5396538763093,20.311750146
111955,Veneridae,Sunemeroe,subquadrata,"(Sowerby II, 1851)",suspension,unattached,mobile,infaunal,0,0,42.4264068711929,13.19444423
112959,Veneridae,Sunemeroe,sunettina,(Jousseaume 1891),suspension,unattached,mobile,infaunal,0,0,30.1662062579967,20.31424225
102930,Veneridae,Sunemeroe,vaginalis,(Menke 1843),suspension,unattached,mobile,infaunal,20,20,29.4022108012306,17.747941233
102922,Veneridae,Sunetta,donacina,(Gmelin 1791),suspension,unattached,mobile,infaunal,1,1,45.2866426223009,20.60368675
102923,Veneridae,Sunetta,effossa,(Hanley 1842),suspension,unattached,mobile,infaunal,1,1,42.4264068711929,20.31424225
102925,Veneridae,Sunetta,meroe,(Linnaeus 1758),suspension,unattached,mobile,infaunal,15,15,42.9045452137649,17.67786392
102928,Veneridae,Sunetta,scripta,(Linnaeus 1758),suspension,unattached,mobile,infaunal,1,1,32.5699247773156,10.1888309
102935,Veneridae,Sunettina,solanderii,(Gray 1825),suspension,unattached,mobile,infaunal,0,0,43.5021838532274,11.06347976
102955,Veneridae,Tapes,araneosus,(Philippi 1847),suspension,unattached,mobile,infaunal,14,14,41.2310562561766,10.76811131
102957,Veneridae,Tapes,belcheri,"Sowerby II, 1852",suspension,unattached,mobile,infaunal,0,0,47.3286382647969,19.65217969
111956,Veneridae,Tapes,conspersus,(Gmelin 1791),suspension,unattached,mobile,infaunal,0,0,81.8535277187245,16.83583347
102961,Veneridae,Tapes,literatus,(Linnaeus 1758),suspension,unattached,mobile,infaunal,0,0,89.0410579451974,23.38757563
102963,Veneridae,Tapes,platyptycha,(Pilsbry 1901),suspension,unattached,mobile,infaunal,2,2,50.1996015920445,32.627575601
102967,Veneridae,Tapes,sericeus,Matsukuma 1986,suspension,unattached,mobile,infaunal,0,0,44.3691334150218,19.65217969
102968,Veneridae,Tapes,sulcarius,(Lamarck 1818),suspension,unattached,mobile,infaunal,0,0,65.7000761034567,20.31424225
112488,Veneridae,Tawera,australiana,Huber 2010,suspension,unattached,mobile,infaunal,0,0,17.8885438199983,13.52833334
102970,Veneridae,Tawera,coelata,(Menke 1843),suspension,unattached,mobile,infaunal,0,0,15.5370524875216,13.71840874
112843,Veneridae,Tawera,elliptica,(Lamarck 1818),suspension,unattached,mobile,infaunal,2,2,31.0241841149771,23.314999869
102971,Veneridae,Tawera,gallinula,Lamarck 1818,suspension,unattached,mobile,infaunal,0,0,37.4539717520052,16.30119296
102973,Veneridae,Tawera,lagopus,(Lamarck 1818),suspension,unattached,mobile,infaunal,0,0,35.0199942889773,17.831666763
102974,Veneridae,Tawera,laticostata,(Odhner 1917),suspension,unattached,mobile,infaunal,7,7,22.349496638627,13.52833334
106449,Veneridae,Tawera,marionae,Finlay 1928,suspension,unattached,mobile,infaunal,37,37,30.3973683071413,12.887358372
102975,Veneridae,Tawera,mawsoni,(Hedley 1916),suspension,unattached,mobile,infaunal,26,26,35.7770876399966,3.739037317
102466,Veneridae,Tawera,phenax,(Finlay 1930),suspension,unattached,mobile,infaunal,90,90,55.1543289325507,7.520825986
102976,Veneridae,Tawera,philomela,(E.A. Smith 1885),suspension,unattached,mobile,infaunal,7,7,31.5958858081238,8.51430505
106450,Veneridae,Tawera,rosa,Powell 1955,suspension,unattached,mobile,infaunal,NA,5,45.133136385587,3.147261056
100628,Veneridae,Tawera,similicentrifuga,(Viader 1951),suspension,unattached,mobile,infaunal,NA,5,6.26099033699941,4.71892635
102977,Veneridae,Tawera,spissa,(Deshayes 1835),suspension,unattached,mobile,infaunal,2,2,35.742132001323,18.360818272
102979,Veneridae,Tawera,torresiana,(E.A. Smith 1884),suspension,unattached,mobile,infaunal,7,7,16.8819430161341,10.68233329
103337,Veneridae,Timoclea,arakana,(Nevill & Nevill 1871),suspension,unattached,mobile,infaunal,9,9,20.6155281280883,20.31424225
112504,Veneridae,Timoclea,cochinensis,(Sowerby II 1853),suspension,unattached,mobile,infaunal,0,0,16.7055380039076,15.75297852
111850,Veneridae,Timoclea,concinna,(Viader 1951),suspension,unattached,mobile,infaunal,NA,5,6.48074069840786,6.30833503
103338,Veneridae,Timoclea,congoensis,(Thiele & Jackel 1931),suspension,unattached,mobile,infaunal,1,1,6.84835746730557,13.77372898
103327,Veneridae,Timoclea,costellifera,(Adams & Reeve 1850),suspension,unattached,mobile,infaunal,0,0,23.7697286480094,32.627575601
104082,Veneridae,Timoclea,crassisquamata,(Prashad 1932),suspension,unattached,mobile,infaunal,8,8,8.29578206078246,6.29348407
112505,Veneridae,Timoclea,decorata,(Broderip & Sowerby 1829),suspension,unattached,mobile,infaunal,NA,5,17.1055546533867,13.96895066
112352,Veneridae,Timoclea,djiboutiensis,(Jousseaume 1894),suspension,unattached,mobile,infaunal,10,10,18.6145104689863,16.25444501
103342,Veneridae,Timoclea,habei,Fischer-Piette & Vukadinovic 1977,suspension,unattached,mobile,infaunal,0,0,12.6885775404495,17.47656537
112158,Veneridae,Timoclea,hypopta,(Sturany 1899),suspension,unattached,mobile,infaunal,1,1,23.4520787991171,18.54202384
103343,Veneridae,Timoclea,imbricata,(Sowerby 1853),suspension,unattached,mobile,infaunal,0,0,14.3108350559987,14.99863878
103344,Veneridae,Timoclea,infans,(Smith 1885) ,suspension,unattached,mobile,infaunal,11,11,3.87298334620742,9.32468701
111775,Veneridae,Timoclea,keegani,Raines & Huber 2012,suspension,unattached,mobile,infaunal,30,30,9.63431367560762,5.24500001
112487,Veneridae,Timoclea,langfordi,(Kuroda 1945),suspension,unattached,mobile,infaunal,NA,5,27.8481597237591,8.32806473
100622,Veneridae,Timoclea,layardi,(Reeve 1864),suspension,unattached,mobile,infaunal,1,1,8.24621125123532,5.9476191
103332,Veneridae,Timoclea,levicostata,(Kuroda 1960),suspension,unattached,mobile,infaunal,0,0,13.1909059582729,19.993833527
103346,Veneridae,Timoclea,levukensis,(Smith 1885),suspension,unattached,mobile,infaunal,2,2,10.1350875674559,11.0952717
103347,Veneridae,Timoclea,lionota,(E.A. Smith 1885),suspension,unattached,mobile,infaunal,14,14,7.53657747256671,11.66106073
103333,Veneridae,Timoclea,marica,(Linnaeus 1758),suspension,unattached,mobile,infaunal,0,0,35.4275316667701,29.718333401
103329,Veneridae,Timoclea,mindanensis,(E.A. Smith 1885),suspension,unattached,mobile,infaunal,10,10,9.48683298050514,26.653133202
103349,Veneridae,Timoclea,ovata,(Pennant 1777),suspension,unattached,mobile,infaunal,5,5,17.8885438199983,30.547952356
111851,Veneridae,Timoclea,peresi,Fischer-Piette & Vukadinovic 1977,suspension,unattached,mobile,infaunal,10,10,16.4347193465541,9.25504905
103351,Veneridae,Timoclea,roemeriana,(Issel 1869),suspension,unattached,mobile,infaunal,1,1,12.1095004025765,16.4720005
103330,Veneridae,Timoclea,scabra,(Hanley 1845),suspension,unattached,mobile,infaunal,0,0,15.8745078663875,27.673133382
103336,Veneridae,Timoclea,scandularis,(Hedley 1909),suspension,unattached,mobile,infaunal,19,19,12.6688594593199,10.26325353
103352,Veneridae,Timoclea,siamensis,(Lynge 1909),suspension,unattached,mobile,infaunal,35,35,6.92820323027551,9.94634911
102978,Veneridae,Timoclea,subnodulosa,(Hanley 1845),suspension,unattached,mobile,infaunal,0,0,20.0624026477389,18.83936288
103377,Veneridae,Tivela,argentina,(Sowerby 1835),suspension,unattached,mobile,infaunal,0,0,63.4980314655502,12.20895835
103361,Veneridae,Tivela,bicolor,(Gray 1838),suspension,unattached,mobile,infaunal,1,1,32.4776846465385,12.40454379
103378,Veneridae,Tivela,byronensis,(Gray 1838),suspension,unattached,mobile,infaunal,0,0,57.4012194992406,16.96133355
103362,Veneridae,Tivela,compressa,"(Sowerby II, 1851)",suspension,unattached,mobile,infaunal,18,18,180.935347569235,12.87589888
111957,Veneridae,Tivela,damaoides,(Wood 1828),suspension,unattached,mobile,infaunal,NA,5,43.6589051626355,20.60368675
103379,Veneridae,Tivela,delessertii,(Sowerby 1854),suspension,unattached,mobile,infaunal,0,0,36.1081708204667,13.90755993
112517,Veneridae,Tivela,dunkeri,Roemer 1864,suspension,unattached,mobile,infaunal,NA,NA,20.6155281280883,6.20646891
103381,Veneridae,Tivela,fulminata,(Valenciennes 1827),suspension,unattached,mobile,infaunal,0,0,60.5801947834439,13.6103454
103365,Veneridae,Tivela,geijskesi,Altena 1968,suspension,unattached,mobile,infaunal,1,1,7.98435971133566,6.71062221
103366,Veneridae,Tivela,lamyi,Dautzenberg 1929,suspension,unattached,mobile,infaunal,NA,5,53.1441436096208,9.01727304
103383,Veneridae,Tivela,lineata,(Sowerby 1851),suspension,unattached,mobile,infaunal,0,0,36.9242467763393,12.409825
103384,Veneridae,Tivela,mactroides,(Born 1778),suspension,unattached,mobile,infaunal,0,0,44.9673214679282,14.5809717
111711,Veneridae,Tivela,mulawana,Biggs 1969,suspension,unattached,mobile,infaunal,0,0,40.8044115262063,9.42010928
112516,Veneridae,Tivela,n.sp. 1 of Huber 2015:763,Huber 2015,suspension,unattached,mobile,infaunal,15,15,14.6430871062082,8.40165303
103367,Veneridae,Tivela,natalensis,Dunker 1858,suspension,unattached,mobile,infaunal,NA,5,73.668174946852,5.40816725
103369,Veneridae,Tivela,ponderosa,(Koch in Philippi 1844),suspension,unattached,mobile,infaunal,0,0,80.6659779584925,17.31007525
103370,Veneridae,Tivela,rejecta,E.A. Smith 1914,suspension,unattached,mobile,infaunal,0,0,16.8819430161341,9.77548922
103371,Veneridae,Tivela,transversa,"(Sowerby III, 1897)",suspension,unattached,mobile,infaunal,16,16,50.7937003968012,16.43017863
105145,Veneridae,Tivela,trigonella,(Lamarck 1818),suspension,unattached,mobile,infaunal,1,1,17.8885438199983,12.03328835
103372,Veneridae,Tivela,tripla,(Linnaeus 1771),suspension,unattached,mobile,infaunal,0,0,35.291358715697,12.39471744
103569,Veneridae,Tivela,valae,(Lussi 1996),suspension,unattached,mobile,infaunal,6,6,65.6010670644922,13.79950774
106005,Veneridae,Tivela,zonaria,(Lamarck 1818),suspension,unattached,mobile,infaunal,1,1,92.3915580559176,17.32134923
106006,Veneridae,Transennella,caboblanquensis,Weisbord 1964,suspension,unattached,mobile,infaunal,33,33,8.37854402626136,3.76988986
103396,Veneridae,Transennella,caryonautes,Berry 1963,suspension,unattached,mobile,infaunal,6,6,43.3751080690296,14.49458329
103398,Veneridae,Transennella,conradina,Dall 1884,suspension,unattached,mobile,infaunal,1,1,14.2828568570857,18.38343835
103399,Veneridae,Transennella,cubaniana,(d'Orbigny 1853),suspension,unattached,mobile,infaunal,5,5,10.3923048454133,17.72206152
103400,Veneridae,Transennella,culebrana,(Dall & Simpson 1901),suspension,unattached,mobile,infaunal,3,3,10.8443533693808,10.9556062
103401,Veneridae,Transennella,galapagana,Hertlein & Strong 1939,suspension,unattached,mobile,infaunal,6,6,12.0224789457083,4.66035289
103402,Veneridae,Transennella,gerrardi,Abbott 1958,suspension,unattached,mobile,infaunal,9,9,7.93725393319377,8.49132689
103404,Veneridae,Transennella,modesta,(Sowerby 1835),suspension,unattached,mobile,infaunal,0,0,30.3397429125561,14.16168866
103406,Veneridae,Transennella,pannosa,(Sowerby I 1835),suspension,unattached,mobile,infaunal,2,2,33.1963853453957,11.87096115
103407,Veneridae,Transennella,puella,(Carpenter 1864),suspension,unattached,mobile,infaunal,1,1,24.4213021765835,16.53217836
103408,Veneridae,Transennella,stimpsoni,Dall 1902,suspension,unattached,mobile,infaunal,0,0,14.3760217028217,19.91667863
102439,Veneridae,Transennella,vulnerata,(Broderip 1835),suspension,unattached,mobile,infaunal,0,0,48.3735464897913,14.34554281
103409,Veneridae,Transenpitar,americana,(Doello-Jurado 1951),suspension,unattached,mobile,infaunal,2,2,28.9516838888518,22.163935279
103463,Veneridae,Turtonia,minuta,(Fabricius 1780),suspension,attached,mobile,epifaunal,0,0,3.3466401061363,31.143377869
103482,Veneridae,Velargilla,rubiginosa,(Adams & Angas 1863),suspension,unattached,mobile,infaunal,7,7,19.6773982019982,14.506703897
111889,Veneridae,Veneriglossa,nipponica,(Okutani 1972),suspension,unattached,mobile,infaunal,132,132,10.6700515462672,10.31251752
112960,Veneridae,Veneriglossa,vesica,(Dall 1886),suspension,unattached,mobile,infaunal,154,154,21.4941852602047,6.11172854
103484,Veneridae,Venerupis,anomala,(Lamarck 1818),suspension,attached,mobile,infaunal,4,4,25.209522010542,16.57552616
103486,Veneridae,Venerupis,corrugata,(Gmelin 1790),suspension,attached,mobile,infaunal,0,0,60.7947366142827,30.547952356
103489,Veneridae,Venerupis,galactites,(Lamarck 1818),suspension,attached,mobile,infaunal,0,0,45.8257569495584,17.831666763
102115,Veneridae,Venerupis,glandina,(Lamarck 1818),suspension,attached,mobile,infaunal,NA,5,22.0163575552361,6.6099445
103498,Veneridae,Venerupis,rugosa,"(Sowerby II, 1854)",suspension,attached,mobile,infaunal,0,0,29.4618397253125,20.31424225
103505,Veneridae,Ventricoloidea,albina,(Sowerby II 1853),suspension,unattached,mobile,infaunal,17,17,54.2059037375081,28.698333221
103502,Veneridae,Ventricoloidea,cassinaeformis,(Yokoyama 1926),suspension,unattached,mobile,infaunal,5,5,47.370877129308,27.856333237
103506,Veneridae,Ventricoloidea,chevreuxi,(Dautzenberg 1891),suspension,unattached,mobile,infaunal,20,20,47.73887304912,11.84076575
112923,Veneridae,Ventricoloidea,lyra,(Hanley 1845),suspension,unattached,mobile,infaunal,1,1,39.9499687108764,5.16251812
103503,Veneridae,Ventricoloidea,nux,(Gmelin 1791),suspension,unattached,mobile,infaunal,10,10,51.8603895087571,22.861666644
103512,Veneridae,Ventricoloidea,verdensis,(Dautzenberg & Fischer 1906),suspension,unattached,mobile,infaunal,10,10,52.4404424085076,5.72802754
100689,Veneridae,Venus,casina,Linnaeus 1758,suspension,unattached,mobile,infaunal,5,5,62.3432434189945,30.058333306
111718,Veneridae,Venus,crebrisulca,Lamarck 1818,suspension,unattached,mobile,infaunal,1,1,46.3680924774785,13.19842904
103507,Veneridae,Venus,declivis,(Sowerby II 1853),suspension,unattached,mobile,infaunal,1,1,45.7506284109847,9.14050635
111700,Veneridae,Venus,subrosalina,Tomlin 1923,suspension,unattached,mobile,infaunal,5,5,42.4264068711929,12.50524945
112893,Veneridae,Venus,thomassini,Fischer-Piette & Vukadinovic 1977,suspension,unattached,mobile,infaunal,3,3,43.3589667773576,9.76074866
103513,Veneridae,Venus,verrucosa,Linnaeus 1758,suspension,unattached,mobile,infaunal,0,0,68.4105255059483,28.381249566
112922,Veneridae,Venus,verrucosa simulans,"Sowerby I, 1844",suspension,unattached,mobile,infaunal,0,0,30.7408522978788,5.50997676
103778,Verticordiidae,Halicardia,flexuosa,(Verrill & Smith in Verrill 1881),non_suspension,unattached,mobile,infaunal,137,137,47.0531614240744,15.866019443
106423,Verticordiidae,Haliris,aequacostata,(Howard 1950),non_suspension,unattached,mobile,infaunal,50,50,7.53657747256671,17.94966261
103777,Verticordiidae,Haliris,fischeriana,(Dall 1881),non_suspension,unattached,mobile,infaunal,60,60,10.2469507659596,19.91667863
103806,Verticordiidae,Haliris,granulata,(Seguenza 1858),non_suspension,unattached,mobile,infaunal,55,55,8.48528137423857,22.861666644
103832,Verticordiidae,Haliris,jaffaensis,Cotton & Godfrey 1938,non_suspension,unattached,mobile,infaunal,183,183,3,8.2434406
103846,Verticordiidae,Haliris,lamothei,Dautzenberg & Fischer 1897,non_suspension,unattached,mobile,infaunal,126,126,10,18.10124946
103613,Verticordiidae,Haliris,multicostata,(A. Adams 1862),non_suspension,unattached,mobile,infaunal,50,50,8.19939022122987,24.552333254
103928,Verticordiidae,Haliris,pygmaea,(Kuroda 1952),non_suspension,unattached,mobile,infaunal,52,52,7.4,20.922110176
112413,Verticordiidae,Setaliris,makiyamai,(Habe in Kuroda 1952),non_suspension,unattached,mobile,infaunal,30,30,4.89897948556636,19.364166727
103958,Verticordiidae,Setaliris,setosa,Hedley 1907,non_suspension,unattached,mobile,infaunal,146,146,5.9791303715507,14.513740292
104009,Verticordiidae,Simplicicordia,trigonata,(Yokoyama 1922),non_suspension,unattached,mobile,infaunal,50,50,3.79473319220206,19.842310606
103657,Verticordiidae,Spinosipella,acuticostata,(Philippi 1844),non_suspension,unattached,mobile,infaunal,99,99,20.7484939212464,22.861666644
112115,Verticordiidae,Spinosipella,agnes,Simone & Cunha 2008,non_suspension,unattached,mobile,infaunal,150,150,21.5944437298116,7.38206152
103612,Verticordiidae,Spinosipella,deshayesiana,(Fischer 1862),non_suspension,unattached,mobile,infaunal,40,40,18,23.238447042
105926,Verticordiidae,Spinosipella,tinga,Simone & Cunha 2008,non_suspension,unattached,mobile,infaunal,100,100,16.0801119399089,12.75818189
104440,Verticordiidae,Trigonulina,novemcostata,(Adams & Reeve 1850),non_suspension,unattached,mobile,infaunal,11,11,7.74596669241483,21.29878819
103896,Verticordiidae,Trigonulina,ornata,d'Orbigny 1853,non_suspension,unattached,mobile,infaunal,18,18,6,29.902510216
104001,Verticordiidae,Vertambitus,torridus,(Hedley 1906),non_suspension,unattached,mobile,infaunal,31,31,3.1224989991992,6.1525001
104020,Verticordiidae,Vertambitus,vadosus,(Hedley 1907),non_suspension,unattached,mobile,infaunal,146,146,2.72396769437525,6.96219833
103702,Verticordiidae,Verticordia,bordaensis,Cotton & Godfrey 1938,non_suspension,unattached,mobile,infaunal,16,16,4.8187135212627,12.34666685
103827,Verticordiidae,Verticordia,inornata,Thiele & Jaeckel 1931,non_suspension,unattached,mobile,infaunal,49,49,6.2449979983984,9.87714855
110642,Verticordiidae,Verticordia,tasmanica,May 1915,non_suspension,unattached,mobile,infaunal,73,73,5.74456264653803,8.776033057
104029,Verticordiidae,Verticordia,woodii,E.A. Smith 1885,non_suspension,unattached,mobile,infaunal,183,183,19.2483765549202,13.6103454
103713,Verticordiidae,Vertisphaera,cambrica,Iredale 1930,non_suspension,unattached,mobile,infaunal,146,146,11.2782977438973,6.41223532
112468,Vesicomyidae,Isorropodon,bigoti,Cosel & Salas 2001,non_suspension,unattached,mobile,infaunal,150,150,17.7482393492988,5.60140505
111994,Vesicomyidae,Isorropodon,katsuae,(Kuroda 1952),non_suspension,unattached,mobile,infaunal,100,100,13.7069325525444,18.986936917
112469,Vesicomyidae,Pliocardia,hayashii,(Habe 1976),non_suspension,unattached,mobile,infaunal,100,100,15.7168699173849,18.986936917
100780,Vulsellidae,Crenatula,modiolaris,Lamarck 1819,suspension,attached,immobile,epifaunal,0,0,72.9109045342327,19.65217969
100781,Vulsellidae,Crenatula,nigrina,Lamarck 1819,suspension,attached,immobile,epifaunal,NA,NA,67.3609679265374,16.32833353
100782,Vulsellidae,Crenatula,picta,(Gmelin 1791),suspension,attached,immobile,epifaunal,0,0,39.8446985181216,18.38328981
100783,Vulsellidae,Crenatula,viridis,Lamarck 1819,suspension,attached,immobile,epifaunal,15,15,53.8330753347791,11.9570835
101107,Vulsellidae,Electroma,alacorvi,(Dillwyn 1817),suspension,attached,immobile,epifaunal,0,0,45.365184888855,32.627575601
105071,Vulsellidae,Electroma,fuscopurpurea,(E.A. Smith 1876),suspension,attached,immobile,epifaunal,0.5,0.5,43.8748219369606,4.56530997
101112,Vulsellidae,Electroma,papilionacea,(Lamarck 1819),suspension,attached,immobile,epifaunal,10,10,30.9451126997463,20.76552672
101113,Vulsellidae,Electroma,scalpta,(Reeve 1857),suspension,attached,immobile,epifaunal,NA,NA,23.2379000772445,16.30119296
101116,Vulsellidae,Electroma,vexillum,(Reeve 1857),suspension,attached,immobile,epifaunal,0,0,130,15.63984156
103552,Vulsellidae,Vulsella,fornicata,(Forsskal 1775),suspension,attached,immobile,epifaunal,21,21,30.2985148150862,18.38328981
112389,Vulsellidae,Vulsella,minor,Röding 1798,suspension,attached,immobile,epifaunal,2,2,65.1920240520265,29.718333401
112273,Vulsellidae,Vulsella,ovata,Larmack 1819,suspension,attached,immobile,epifaunal,1,1,38.9871773792359,14.981000183
112900,Vulsellidae,Vulsella,rugosa,Lamarck 1819,suspension,attached,immobile,epifaunal,NA,NA,41.2104355715879,16.4720005
103555,Vulsellidae,Vulsella,vulsella,(Linnaeus 1758),suspension,attached,immobile,epifaunal,2,2,169.705627484771,32.627575601